3922;-5.238609810331228;7.2705691026935;1.6470514823824418
8531;0.9961478833782504;-8.882960527538291;-2.6102347016646323
93902;-6.736566423329095;4.722317172975104;-4.5137991583203005
90164;4.12710528611503;-10.595700148459937;11.670972310360238
11421;10.03444529464452;-7.6637355503997995;-9.12459859607785
39943;-0.2264900134457668;-4.944378384467558;-8.256698708915396
10099;-5.8829398334405925;-11.109405845688467;4.1490291999323246
43214;-12.464349701199245;-6.396301618687415;-4.326689189510231
10505;-1.7377780994986909;6.8367934901858725;-12.32750693367127
145231;2.2859760546688244;-3.1985061217225987;-12.01682710975431
10517;-1.8510438956177406;-7.577256887529978;3.3727139285283254
10599;-1.116369762468467;-7.587121556209697;3.7647355863507648
18676;-5.414169276728044;-12.376549542289217;6.1719346768645655
264873;2.6930307987358537;-8.478364231622265;-3.4140655441962404
155014;-10.961326086669787;-0.17860752883966188;0.1306072549735929
12035;8.523624758474531;-4.045775327623283;7.360011393814526
70317;0.014702414421428727;-9.858464963585007;4.447657378976497
271735;6.673761160227712;11.813789836045556;10.126693508522377
12359;-3.6450323659553368;-2.1373127378193053;-4.769170430317239
183483;-8.58327828677118;-12.054743880754096;-3.5464203553662457
82495;0.8042398911576412;-10.361031522731993;5.174855464164305
209749;-7.7743303284620255;-11.064834092832715;2.19902783794
13381;-3.9680763956345344;11.118596465884702;-7.726525612971605
77603;13.261591826683517;7.644496905135808;-6.662434865625737
77535;-13.23869222887392;8.009413643637524;4.881642473782375
15042;3.7655775531844338;-0.013022490561759198;-6.524135697357546
41320;-4.184166174085491;-10.278229487953906;10.578439947123861
16612;0.6172780087568217;-4.321867771534637;-14.174881445199654
91641;-5.378183923017792;0.8659267277936514;-1.9443820349680112
17703;-0.10055265359066799;14.421202226882405;2.398053596889751
40748;-11.759169583105498;6.498347048894988;8.021739373059269
17875;-2.236518281586771;2.2039309587620766;-9.366842785734343
44299;-4.908403481121391;-1.4626574206931064;-13.311776375086028
234649;-11.130647635740939;-4.02320111614997;-2.579307799188084
1083236;-1.0228450603684511;-1.030917610361725;0.4227799888010475
18760;-9.012154578589124;2.8140852037058215;-0.8028629963123698
85321;-9.67381748056661;2.8865879296615633;1.1791592312695853
39140;-11.148311601143936;3.9806412958888604;1.343158932430435
46676;-8.235230810985447;0.7742325019664384;-2.421194740614677
56031;-11.632419017184365;5.718029763062972;0.8063570399179584
1701265;-2.935684452657859;6.646342729984438;2.743089467752796
1771;-12.65326378286363;-7.543112697964888;-1.9217416774402054
2063045;-7.501265640036033;3.333678493554893;-0.6681184362598066
23142;2.257827761497521;1.5285342595565272;-13.873040729232432
118925;-10.985497778798463;3.7894447597049945;4.998119381774825
19844;4.644667167690936;-5.242443193884237;-3.3846484818217046
20000;-7.47037056366829;10.361212979053834;6.316416185522149
68820;-11.557692263744709;-0.3125256491620121;-8.397589567476674
21774;-8.666544887734501;-9.04710344618876;5.344289117141096
22158;-2.8472021699830075;3.0666916418774446;-8.986757343763205
22159;-3.750835652084576;0.2317184760713256;-6.212830276645133
22160;-3.4664434815152356;2.4213766719530665;-3.5546231786481703
22161;-4.93733958923974;1.9896197610259092;-9.11336825481884
22162;-4.918957873830721;1.5676277653031143;-6.851277694807724
22164;-2.368036113596875;4.677239527494327;-11.154952332503424
38937;-4.292151686242305;2.948013507195448;-6.700343086327634
54277;-3.564869523125268;2.443687961766331;-8.109874893653117
61506;-2.2037316893196373;4.282552551813656;-10.433478196734915
227538;-4.942024677465679;1.877488779443184;-5.350727016434024
30737;-3.2788269075553163;1.6349577985450408;-6.170599880360977
1093124;-4.162630348788991;1.09515267327656;-4.1645551158468335
77180;-2.8339914847298813;2.9433671328182784;-7.570853189428601
77181;-5.689516894690066;0.2048306838464432;-6.104441950454497
77182;-2.4891643836402624;1.933684662277335;-7.526403515826024
35204;3.0146362407954377;4.83039246325974;-8.62431876659929
77183;-2.017967917410339;3.4160311626773248;-8.126195512254638
1363500;-5.116159094214536;2.1080726191093913;-5.9288967345541606
64335;-9.559236838639043;-7.619517209856741;10.277052396944692
956119;-2.812073033602904;3.4312017662129435;-9.510285433198565
13801;4.389061237518635;-12.742412988773728;-8.00226084443787
54284;-0.12162532290731476;5.804613879606743;-6.509128974531444
28181;-1.6810442604224356;1.7398564156561012;-5.248041263917968
38944;-2.166601545725525;5.113588779666168;-4.531814160953245
1236809;-6.257449531155817;0.8051585731640252;0.3680483147916398
979767;-7.077010309209868;5.067738282259648;-9.348416893786238
574601;-5.881712390677151;14.939829095561885;-2.275621406418482
873379;0.5243990322785371;0.876348472131585;-3.2524333255171993
677989;-3.59941652672418;2.09685154067309;-1.886451985466432
74047;-2.026364547444386;3.2596751903198506;1.7145087013054487
50257;-3.728831935486996;0.04041477541171978;-11.26812312531261
401936;8.84788150540414;11.001485885815459;10.185518607957011
1233766;-7.027127396316174;2.8444705873161453;1.3697624717833512
804760;-5.131198118165993;4.723933654292439;-1.3635688497509109
211771;-4.016017915891159;1.079029780313693;-1.5481063664381407
74031;-3.1710629906187604;2.3200879431085597;-4.387813844060122
65062;-3.636729789198055;0.536685038441344;-1.2504931790057263
44785;-4.236933862483204;1.9088100644098045;-1.3082431972351134
51492;13.55583607799402;-8.479937486433611;0.8539610015392233
1236812;-4.603891272080796;-0.5102473986182777;-2.471362188421413
38935;-6.185187163574032;0.5597229254438616;-4.884865936086057
992291;-6.368621454325466;0.9574809424929523;-0.9971484463623235
1236814;-3.128071142806045;-0.025272023432371924;-2.1948586176866223
158993;0.580631253878711;-1.3764740993628244;0.3057427097230722
1236867;9.445271818159396;12.455917207415725;1.089076142823527
992290;-4.382233349638716;-1.3248085681136714;-7.32046199093473
48629;-14.863494886119332;-0.9210194440690762;2.134161240522845
979766;-5.5242101854937635;0.0018487877200899778;-1.3118718486553653
74087;-5.1154171183644985;-0.14476160513474373;-0.37822115045772997
79500;-12.233728216471505;0.2841747020553553;8.938514663014312
444526;-4.74553883200514;3.720014678298526;-6.966583687006101
1236832;-14.921530508048999;1.0717686773407944;1.5546701451166383
86554;-3.486627647220647;1.6408812549150555;-1.291435449162265
34581;-3.102952505186302;2.8827034818295028;-0.8116557901485494
243375;-10.554694819856476;-1.07401265551978;-4.276162629192209
424777;-4.1677239512473445;9.585320947395278;-1.277868739005424
180580;-5.282459538032015;-0.12258982916644094;-1.0938128890992043
1236835;-12.34478328557002;-7.583165143370414;1.8668982854761045
186026;9.492988180571643;8.502641377424888;-8.34829900021998
54280;6.899848136975648;6.778125146212513;1.9019970207970516
246436;3.225230315279042;-4.3801176259280465;-13.121403992615232
287148;0.11644838473308995;3.272162900384912;-14.965057224496247
1236873;-8.474155584995295;-9.501865289845327;-10.055396374568808
22205;13.51467589399548;7.84819255178192;-1.008374393718255
96566;-14.724969609973666;0.22168820474709994;-0.7878499201399194
708084;-13.395119928730342;-1.0474531739518131;-5.065158942396843
69407;-5.737569093802683;3.06003167234771;-7.479413928734235
35331;-4.200948033756402;6.254589456512364;0.10420696332671688
54282;0.12688037903750188;4.2864472125015265;-10.14047848878363
227540;-5.946423895190954;2.1323580777016278;-7.1250653584217805
87807;-4.465571203084436;3.0442981742011477;-8.905148550557008
1231673;-4.527592688879442;1.411258136219847;1.2283304506182613
1243334;-4.605628882618207;0.32108963346409125;-6.795716434083464
1822016;-0.7025241224352964;2.1195551941560926;0.634025845367387
1243331;-2.4005203578303673;3.2279469349246006;-6.1520927605829385
56042;-4.136657868921846;3.9944469393700093;-7.150977986203711
22682;7.334752863821008;-3.1873845592533803;-10.726761964582694
148151;8.60696356195335;-3.772542245830557;-12.47898591111688
74365;1.4144766108497617;0.8127559878538421;-9.194065966283441
24796;4.492245757411475;13.725387535075042;-2.1665490563968253
24903;-5.534513769465054;11.677859100292272;6.920731764549933
24984;14.834675632072116;-2.1152517817275323;1.3556065035970792
6269;7.9753359563893405;-2.8991939188474056;13.364813872883754
25866;4.066836136370464;-5.992469624399244;7.647080520147558
61190;2.824450064811974;-7.864405816643295;11.143876846639488
27374;3.592652053553595;10.216475436476166;-9.421502940064544
41785;8.20945546298627;-3.4089645789813723;-13.346077320112393
27449;13.353199718252892;-3.7759269762527334;-2.516763320172277
12461;11.219249622586219;12.460176205796923;2.3711177834605857
17038;6.082361281175927;-3.7382600639578905;-12.186095456971938
29999;-6.411285540719152;1.9237661979734053;11.93604389531083
1236822;7.963291911781343;8.944231962201922;-11.14404215239865
1118236;0.8814845885711027;-14.514245618463823;1.9930532993985284
873124;-1.6113417570249327;12.788416441509128;-7.731237777140854
31294;-4.628191693694337;-9.97091943143782;-0.41632320760028413
34182;-0.9788932041095612;-6.371206494386864;-1.85154871945553
732482;5.0849053803520565;-12.956680603741495;6.421752530383408
34201;11.97973781758344;-5.715495549772352;-5.447953403748749
377307;14.969655384693661;-3.600227617482143;-3.316128294615458
61373;0.6593854351317726;13.440479259024865;6.254294946251786
37874;7.2098781382531385;-2.423901147404425;-13.48791916180541
52938;14.128358324359297;4.079149040345376;-2.5917615455698693
74054;11.76148576379998;-10.341824703576806;0.48976032079707177
49281;-11.379626610033682;-1.506551443687117;-10.94748030429022
66106;-11.2639410796124;-9.535017644855436;3.8471388447356993
1849054;-6.317909162536661;3.0094991743228214;1.57668668716105
1967762;-5.290519618840869;-1.3803863356630202;13.256267841198744
87130;-6.246824835997187;11.731117955801981;-10.475874373794785
1080899;-2.8498955138176494;1.524761915630106;-1.6227718427429343
361938;0.7853337574781737;13.427967323115789;-9.997679013727186
1236895;1.927684134472193;15.938910503017528;0.7839326961659557
231727;-4.962384836802614;1.647159904909824;-1.6341215319099638
1236848;-6.513485826321802;-0.8530208844110512;0.935884849471757
1112823;-10.928279185333626;-3.647002972110189;11.303054892316469
202608;9.237184168498276;2.771716340097539;-2.5736774280289993
928137;-10.650062942430264;-6.910229148644477;-3.9628771019939575
1236825;-8.139390521961635;-1.4632422848194562;0.5559915516948192
1236842;1.432906777946811;8.71379193379602;1.6601126561766695
681908;-4.2654472058726585;1.6576384137254014;-5.773253287020665
1236864;5.022704338301407;-8.291297014301634;12.335788372192106
769453;10.157556283764766;12.005087550754427;0.905714113964657
257528;4.01098464053457;-1.194666859046946;14.846830355536104
1236889;-4.273166224799101;0.5788215002028722;-7.1494964095863835
1367859;3.0352483964117862;9.461176322263713;12.029106287554221
688043;-13.762553779926902;3.8393473857854854;-3.7798527505245847
1197999;0.8494818923644831;8.722039171125306;5.222723356855785
2077139;-8.169152208842704;-2.1138839715737667;-9.441052721168338
2384668;-11.267500853633;8.938043446597387;8.037314215678357
86851;11.73234064839993;12.617267978789293;1.076208538273147
35869;1.1590091480015872;11.393316586985073;0.5055445566488082
44999;-8.635238447035047;-1.1606717059242058;-12.181086882475912
38394;12.450839280503498;3.917772855586418;-8.35329047412023
220859;10.551579661326038;8.683973244929035;-5.690605632621106
39299;-4.367864574038348;4.115812717688056;6.8662440412271355
44511;8.458679545818462;-1.6561489993350098;12.636863361481824
35639;1.6144457526664613;2.46986351120831;14.889603695736133
41565;0.6720154126533555;-0.00996551506424634;-4.936864097673872
40268;9.775156561165344;-2.8231164558497595;7.480479865870908
155054;-1.7747624130121618;-8.04721831073167;0.2763198283958072
900979;-3.9307923466784427;-7.199184565694857;7.406326457406281
41534;1.3085316510346876;15.142225096929058;-2.701659236845969
42719;1.0231434895155613;-5.152096946269856;-2.2620430583561824
141765;3.4369706046961546;10.232486344287532;12.515313276742642
41816;-9.549204489117415;12.964122213003135;0.09353775021085493
42130;-1.3923160200367688;2.8167032574173962;14.67734920090438
139616;6.164068877824382;-8.58915519151936;3.2646982528206303
42892;0.966464217965409;-9.04175665990962;-10.010949076048977
43070;-5.812154767327191;-5.808689521599904;-11.868924056891977
190420;4.763438405616599;-3.140982330124825;9.148148966560017
114374;8.542195055453629;-5.627326303003502;3.5579984087393606
83319;-4.721871607451843;4.3772494760032545;-2.0919925963901003
86545;-10.508046294647098;-5.2967347353721665;-9.466450906027356
11832;-11.453261775443002;-9.966214867533358;-0.9042515973863707
53535;-13.198882991941646;-2.8214515228443946;-2.33230085609984
86597;4.332554693861229;-12.920262034938263;7.47356077481352
535829;2.2490734440018363;-11.007801705855213;10.782991573591847
61380;5.0107191957455255;-8.240580447363884;3.5084252066358226
95557;10.060080987778198;8.812967789029154;-8.849283754257733
2081070;-9.172506865176024;-1.0625956327568846;1.7674913346917274
1786639;4.933610709327581;-4.501132367016146;-9.278301601007376
117705;7.009583610100155;-12.659362995356894;-5.631522599200191
2073188;-2.689765534975831;10.561571159424426;-1.8225666534860334
1166476;5.952537358180696;-6.278825275875197;0.02025463700825002
1236866;-4.4567159445720215;4.8774509277511795;-0.3714032082368121
1522901;-3.009521737608914;-14.042616887174018;-4.318593007443629
1604132;-3.618500316593093;2.442039891848467;-11.601392836249008
1236890;6.049271153333778;5.692699980587056;4.649554137950336
259859;1.8775210805685376;-4.968350094628969;-9.798975791014424
1236877;-1.0233167518019255;-2.1365567489810635;3.8218831648414775
7651;-2.3080583865053166;-12.592832177459197;-6.974708370065663
1414139;-8.338571611323015;10.07714073213046;5.939734237126887
79827;-3.034375315994137;15.70804960994893;2.49614665189871
442372;-7.007998479875075;-10.44896658634203;-8.834918303773211
76016;-8.079006418212135;-9.05775046712521;-8.943171725263841
1202082;-5.380628358180591;-7.812872696257265;12.22062916010747
1226241;-14.65016590385302;1.524085492063875;-2.434380487498964
48444;9.237406476243358;-1.7712436091689399;6.452974418137083
52136;12.101392405963471;9.463760412292011;7.344231344046131
834380;-8.264641935653117;-10.207017856979213;6.561722331855554
137217;15.335202470156323;1.914241641142999;2.257961716164429
48953;-3.6240059959079813;7.398336679046726;-12.22402172830271
49224;-8.089171772367573;-4.619739249215744;-5.8594816161689955
97100;0.5498115270111031;-6.225266209906319;-0.26419921705776656
50451;-6.23839661736261;2.780534547319107;-13.259791513961595
101168;-1.9191847821093555;1.2213773958775964;-14.991200235304598
50773;1.8299077967474926;-9.122476222135491;-4.649212126034826
51965;7.436057268211643;1.1810544285472329;10.507591228792851
88055;-10.042133912511806;8.153257205069373;6.4333814105273
53583;7.235426428341741;4.302024905219912;-3.3657003091776225
273822;-3.6124894571780035;13.102543935541048;9.080411606627049
837374;-5.14388486016522;0.6356866813550143;-6.32304076631896
1318045;-4.43518724452376;0.8837793935208654;0.8604252642506384
54292;-4.462438468941674;2.422803621667222;-7.701276583309073
1236886;-10.291110036705254;9.055161626931419;-8.072907205718872
54310;4.720837971440523;2.223053462479759;-1.5720586009210298
54318;4.338624455328434;-1.8042124890368754;-8.454718857830237
55264;4.49914679783999;-7.3862674585616155;7.255323921559638
11343;-6.786661193603786;-10.384807051058536;-4.055695098222723
55382;-11.912358620128659;6.003106669988157;0.08117283934592594
57311;-5.350392604783303;14.533854301619733;-1.5227223133214651
71714;0.5608871316291751;15.395879184100206;3.3360374257388137
270911;1.7901289608743747;-2.2284738763240446;3.1947254650065644
71893;2.3195925008476195;-2.368246308419949;3.8460607946770184
63745;-0.9938592536436289;3.4080584849135453;0.2542497579239939
285938;0.08911123427468487;-3.0436390887389666;0.17296590572606524
82045;-3.5797337409865753;1.5585307233670955;-13.705545143776865
1231672;-5.694015301412122;1.4811748720810933;4.886670523956923
84283;-8.708136386759822;5.479442725819692;-2.9692588598720393
215668;10.744019315819473;-10.688144069156113;-2.6978788176382094
66982;3.982824709457808;-11.011807045399074;-8.030074013433628
67082;4.292115109968007;-2.1482796824017205;2.7699148398342444
67092;11.435194045973084;3.8924881996826874;-6.833622279702615
211285;8.461307337369298;4.065446712963704;6.858242862470397
67544;-3.122101134814197;3.727061311299407;-7.788845409159583
67953;8.623049522379507;-1.2913455522803063;7.208542866733001
919348;-0.6073085989279776;-3.826135750499261;-10.524282360302841
71443;4.615690208149345;3.9667487243791864;-6.051073841138445
370256;5.736591984760732;14.177757195389233;5.575075907627999
82756;-13.773482010660548;2.580061175435305;4.545353082641951
2061607;-2.1678152130090367;6.490090311234716;14.275663806402585
657275;13.214503436149469;-1.173860896678475;-8.418853208290413
72274;3.3584783950700428;4.168793688516412;-7.624943798916168
1068638;12.320681895890646;10.966939832249645;0.16554311899519195
73741;0.1411301333037301;1.5942123039940577;-14.633208763075412
143103;-3.797582268211388;7.964597732275422;-13.562961326233813
381169;-4.883039972470473;2.5409837014972574;-1.1965994638778525
852132;14.22976105717564;-4.4242305127971555;-4.128044393833035
138880;10.432063597451043;-1.0277034108807543;-10.656470915680584
1414144;5.620794825450359;0.9619158751286057;-5.480566139958833
104642;-0.379311996274708;-1.2570281004288526;15.123384990549948
272658;-8.44412028858182;5.020500736529114;10.168701122044903
1414147;-7.6213113473635214;5.697211687772493;-11.886350514020315
82276;13.368646306403663;-8.372367138740904;-1.82595138390821
7797;-9.866696050351615;13.3476087734674;0.3722762292773928
795319;-0.6417971754913236;2.318199989833289;-6.214597338208602
1964495;-7.42759817350136;12.113248819034489;-7.732124158021884
1789476;-8.726997393867105;-12.376722448313169;-0.46966810048248775
821978;1.8007322802882857;-4.6340752486742085;-5.500872622425694
287149;0.07828787828856873;4.2308042489307836;-12.240092488199288
76870;-6.247318853208479;-3.320454507838386;-10.35965207467277
76982;-7.375907822637505;4.488491226605654;12.727780578988488
440161;-6.425380231770561;-9.7291132070398;7.728372952331908
241154;-0.35635029005128754;-13.824760047159593;-2.9947100090763064
77436;6.840763203488536;6.467899913133253;-12.940239330936446
78796;-10.123191686520792;-8.1049290213416;6.792737605302682
38546;-11.520770177399198;-8.516468159142482;7.118772339176395
81350;-13.143663268116347;2.7991295451587703;-5.06401605257918
2055512;-12.596353000122754;-5.892381737391418;6.128386109656048
81471;12.268723635692975;7.796543052341306;2.55950934692072
1768645;6.719965544963475;-10.815634710861087;-7.235070165929751
384274;8.371236599353523;-9.1454375720965;-10.707423090826797
84116;1.6113818959233501;-9.789046045067447;-0.2931665575142341
133744;2.435738084796919;-1.6398675695988076;14.863948051907384
97117;2.817000142760721;-5.072867035942651;6.023986022413498
85269;-7.671738629222736;8.96215338657465;-6.207244557041685
85737;0.5145841809594279;3.495042565391843;-7.809833065358169
559844;-3.7690437489448185;-9.86501164166773;4.268891075855225
1236808;-4.2713625869613345;-2.2498118572277535;-0.6046809855083478
129847;0.6201739471497483;13.089482880500958;9.355973457052812
177942;2.3262391699139733;-12.55327754939736;0.43697686778762956
1366275;2.0191207825755373;8.767374750592365;-11.658476525013837
956118;-7.82944839874577;7.846415989887465;12.506124556612605
160260;1.108779116764478;-12.076930953739712;-7.913690208684846
66780;-10.816012824034345;10.17084629678163;-8.032924112729546
872331;-1.6285010173442773;-11.991705384526997;2.5070801078143985
1502694;4.654634914961857;12.065419402683503;-9.200359935561925
128267;-11.280078341825883;-7.287838804360562;9.162819377669202
21829;14.62536338974685;3.485551259719889;3.7031665538189857
79632;3.694477551098833;-7.9641649921989925;12.910495694684252
583404;-9.286627691083849;-9.033249113511307;1.9323730228305263
1681655;-12.48619666233555;-7.38026087429547;5.7107401590971145
281996;-13.438312233526869;3.334180348539249;-6.598860075714455
522165;-6.023983172314201;-10.116542404863418;-7.166597480378437
956690;10.591441150078738;-9.198156808806182;3.259005654493585
86855;-0.15412032181236887;5.67826802778563;5.796332441085905
86918;0.3597298249799558;-8.22359955575881;-11.551857160452867
91276;-0.38425593883149156;-0.9506968748897079;-6.431917409522296
93501;2.4680517980892054;-1.644515369025625;-5.0582645522000185
105453;9.472966233017823;-0.4456180719675075;0.673664670112593
196713;12.866234602651756;-0.6264203553962318;6.811134996257827
94425;4.777277537764475;-2.800323499255485;-0.08266121463761575
133087;6.5264761038960435;0.26178853775850414;4.515041326596772
133125;2.6415933941845116;-0.6936303282053177;-14.62694804495538
95175;7.363747398974924;-5.8850940334917565;1.8772864223931738
105427;8.893767154035311;-5.997939439964659;-1.3888556432291133
130006;11.212661143047157;7.138149689272788;9.378193781196883
439923;8.202867933480306;-5.034246765433323;-3.478970380445616
140995;-1.635170962221548;1.642791890230556;-9.991997815797324
95715;10.22749582042038;10.842919661454001;-9.297212009835787
108169;6.10196806426564;13.154290338357724;-7.772054049157686
96537;7.941718085160897;3.851680952980293;-1.8110604463660034
251476;6.814125225435794;-6.052165904185331;11.877742264113545
100290;9.989633183414812;-2.226562884746132;5.034113285782965
108938;11.240347957640795;10.869116824148975;-4.610498277265282
168018;9.116225004346447;-12.21801086888762;2.8686453670523906
137250;6.247053793973959;-4.788116940403397;4.115700138765868
113079;8.97851010643392;-6.061474328485796;9.953826435927104
1264940;-6.823408473859146;-8.255308810492087;-1.3206064529642534
97694;13.70170986015766;-4.201807338694121;2.424167631688593
101746;13.982208082563952;2.3152173609201117;-6.168524533057
99541;-5.17043306009014;-1.8690222032222497;2.4651392341170526
276494;6.074012390305087;-3.9176042247114093;9.9853133829153
99548;10.687013529768732;10.9442140904971;-2.7368237619589966
142586;14.015932357499445;-3.910555929152606;0.4454116475882938
133046;8.82216410942398;-3.1052368597719795;5.405927264580801
221125;10.509651850583799;-5.771739884294534;2.149597853326082
103135;0.7496341262223375;-8.673051664427081;-7.803380440552212
222128;7.70436419087965;-6.917981418729373;-4.665508518792331
686018;10.205109240484049;-4.636013791211981;-3.510879379637882
176352;11.487063953092582;-7.006001985318286;-5.2609431884140365
242453;6.41881217794312;-8.448901805167269;5.131447976870935
140987;8.826832572070693;-10.270504768828872;4.06986864202132
176365;12.06250280107068;5.304333575111631;-1.8742553417919658
251453;2.504358975511621;-8.161198531740897;13.356281625624876
278980;6.7570709876970225;2.4734016719759166;-0.13381205803344742
703951;-2.9417364010044644;-3.5074397848042596;-9.05629786651739
242669;6.887884370164486;-1.043626796892907;-1.9481775359512117
950066;7.151468203282609;-6.7350330699078915;-8.377917232103153
106569;12.429398933533411;6.607569979162779;2.111794848789859
106877;14.265648557476732;-5.748436997434564;-4.149469065256994
153368;1.873856565398812;-0.22723773402719727;-2.2598387440590653
108854;11.483171667487458;-6.246877087817612;-7.907253734441566
109776;7.331472399531408;1.4904413761710817;3.9839863624291687
109868;-12.696768648549611;4.820058478229292;-3.9684345581127216
112065;-3.8252550698168224;7.8387986245025765;13.160238495588302
113077;12.244944307234038;6.761307185283854;6.686546230652648
113709;0.052160272118469665;-13.109902891923108;3.9327551150602313
115749;-2.668204533802217;-11.608328077869073;6.200885510495944
199336;6.768264277665189;-8.654984884990261;-3.707561644441565
119042;5.313585947459277;-9.947095451423246;1.2640911215006851
119345;-0.6866453879787797;-3.792577256339482;12.719424087852857
123553;10.106141442499517;-4.856181586738847;9.51635614469887
655990;3.1878923519446025;-6.125170722633703;13.42729564971505
124387;3.379055161953467;0.17389857103211984;8.39974234247819
176782;10.171303262702075;5.774484054899953;11.220857078589116
455456;9.88036892670723;9.985749448107576;5.656934559539139
124494;2.5018945896537517;-2.8902353442355135;12.915857681492971
124581;10.433317641141246;0.1479250965990746;5.440740277447332
125312;-4.6513573007715525;2.816202114957864;2.92142160574799
148177;-8.545890684207336;9.412512776852122;9.965772152109393
176911;8.555962935119107;-4.792090928855005;0.6712777119522623
218361;0.5832835087818367;3.0535104076503763;-2.90269882845656
133731;-8.012061385883431;-1.293975481405614;6.106805157787361
565973;6.921649971539767;-12.229134806439584;6.036026266889101
137248;5.863028089726216;1.375895529205753;-2.642379071557086
138533;9.62496487856839;5.189785234309419;-5.547775756505507
215568;12.96237320206854;0.0028691813694178294;-7.173452444201668
387531;3.2744527176609073;-7.180779099458372;3.7568590994382225
1289966;-2.900096450291113;-8.33789708782298;7.848505587687921
140504;2.1666020207420744;2.7697751849687444;3.7587641533092686
141998;13.639647047922862;5.133980765111907;-2.503791805751734
147207;8.16850523630253;-7.97916173967756;-11.175152886279786
148101;4.885760392248426;-1.7479216028928606;-1.7853462567475507
148102;10.148640223134038;-2.5351858870045376;-10.063500156900199
151854;11.723492040119204;4.628103340616163;3.8303389344359147
1466407;-1.9285410643271654;10.197940290721718;7.4017791239796455
153348;-3.858360873205099;-10.457333527841744;8.782362472756496
525383;4.248092951259818;-4.295527153841769;14.438633434176236
158948;2.5519195324956923;-3.4673348500700336;7.380955348490574
160059;2.797502613477351;-0.5471929389059105;-0.3026744590768799
166849;-4.997080995598012;6.351322776648896;-5.9475435091977
168013;12.290559196432095;-8.154553050215917;-0.5580780025106367
168020;-7.663195931599772;8.246027937151482;-6.773502760171085
170195;9.681886111673352;-0.32514128712151236;13.050337716704632
171066;-3.3186292567476254;9.044087091100582;11.073023378142985
174146;-1.9431455668901323;2.307776226675021;9.598494106341008
175784;2.8949676966081097;-2.2312489230051695;1.8939510717305397
222788;13.116143659348067;3.0878474539344896;8.806068648666837
177900;5.611865464356249;-5.3992323813346905;-2.773093413074016
183482;-3.4710069655045483;-5.839467743896515;-5.268454150091878
184544;4.132359919183602;-10.607749418249977;-4.007177857908323
188162;-8.028161596806068;11.015924488848576;-7.007880675770845
188200;-0.20106219942948522;-9.438065817106217;0.8528687603611316
7202;-9.987690365728096;-1.506009687312618;8.992065178685301
189510;-1.4719863894593306;-1.8313396153812789;11.440840092678297
134184;7.3592333167067405;-13.430623615659583;-0.4442704797056223
443920;2.0881064860001173;-6.208257767341383;11.772296190429394
191558;-6.1310343269185035;-3.503839396868692;-2.1934171799677125
101714;5.696312956461181;2.651128401379003;-14.516741355413949
193902;-2.189612534915937;-4.34499395223826;-4.230135425629341
196726;4.920336846873396;-5.697579825598216;-4.841963866401164
521339;1.0431232793506282;-8.168325680046888;-5.45388018523461
197438;10.707407890297219;4.785491048918759;-1.9768858736341628
204326;-0.5919529170693304;-8.44806957617286;-1.7319256581027993
204635;1.4608831151272608;0.24014679861577257;-4.035701651661863
207776;-8.24739028461493;0.19728740619898158;10.244743671326173
82604;11.825935059178558;5.871585037845658;9.327161803270386
953392;-1.3737079592419994;-1.668268215311937;0.932655093198796
213322;9.24797369439952;5.952234772638779;9.539648106178204
162957;-2.5277186268492344;13.849432406731252;2.8067252972906647
213523;8.715297736257364;-4.105298226368868;-11.075000397021252
250435;-6.7395452521098775;-8.56546801627099;10.951932159390443
220960;-7.50703424101097;14.0053518388799;-3.1904187274621587
129231;-10.609839491066984;10.23814189132373;4.92602374500185
221111;3.1624286148017786;0.42836722251974707;2.2928661697167043
293558;-0.049179164742676744;5.998542710982295;12.744977128106953
776803;2.0295858721735964;-5.115001003867295;-2.815485077476666
221145;-4.7912054980070735;-12.855381424532903;-2.410680724312038
223296;0.2075933504087514;7.165418964319575;10.528170845775572
224379;5.288765857740781;-8.505539928408837;-5.747360609933806
226331;2.428220947903937;11.315415772962863;-9.929579691183637
226870;9.293602834094058;8.413580524592966;1.7065853065086611
995980;-3.030105629740578;0.3821083296349492;-0.8858549189560485
228764;14.26223603858642;-3.7301220804349478;-3.3997604208134824
229997;2.6538117698661092;14.63596100896217;-6.046806767475908
231677;-0.352599975017341;5.62059816859894;12.611763487015779
419236;-10.348689642747573;1.3662733564744616;11.017372339290903
233785;2.035076588467181;-3.5342155176563037;8.800609758482057
672494;-10.291354195211605;11.836906991434741;0.40947041104006
239484;-1.2978248967671624;13.397337305982566;-1.1052682694484572
242447;5.286040687797335;-10.344204536488897;5.635283305221154
242449;0.6742313648559313;-4.071824760171418;-1.485363924275405
242455;-3.3047511732427055;8.042433944046923;-8.975705608726736
245262;3.23640484209351;-7.3545392031663654;-1.800169741939754
247890;-6.757355522610065;-7.729969482954171;-7.511129358682654
40658;-13.533249991106974;1.026398065403224;-5.3383870365158
248473;12.533637515149193;-1.7080666456177143;-8.48338705661477
249563;8.372796553701487;-3.724429007091353;2.680099185705453
249807;2.311597497306022;-8.627783537310027;-2.2889342202297116
252048;-2.628158263611832;-1.5554799295790906;10.372020555583951
15770;9.060635717645777;3.259422244007338;12.578628232601444
252208;-9.101506141549232;0.48139916856155207;8.987237110478018
84162;-11.264637453873702;0.669528285378187;11.387989751401003
254287;-12.074629973574808;-9.490065878760229;0.03939062488711966
254868;-1.3131833693480368;-7.432381115136459;5.352771962678844
56942;-9.34482006847479;-6.839986551430398;11.690755799606299
255536;10.524277610137348;-10.057012380869594;8.754273794162131
256833;1.582013997761669;14.83419111519181;1.090913506836295
256868;-2.475041429104168;-3.507831435949173;12.28068550243794
259233;-2.558896100555548;-11.237692615130099;-5.001251640901038
260219;8.802078509652553;-10.275254934322067;6.019404012778761
42259;12.019564155111489;-9.908129843882563;4.206964118353534
261402;1.8594826833705398;13.741251187756117;-6.676228396184878
262000;-7.260107813227836;10.012069165072273;0.6252371485489454
1259150;12.183734624721819;0.6495644679745909;7.739734398158533
79734;10.203474233521291;2.8759933980538146;-12.335148999916722
270248;13.470615258946797;7.096025221679129;5.160629668545283
43060;-12.506544471242202;6.8776848148174965;-3.6481494245519714
271235;8.654290410795156;-9.364631108680712;5.801754279979839
272657;0.5504557088290492;2.5563839755344717;-3.9603958530485865
273889;1.8573914230121604;-1.1832833249507777;4.412972145561733
274159;5.214186359431414;3.4007095038790225;13.435678741777442
274672;-6.615685161891355;-3.7738632668542147;10.940907025280737
308413;8.93057238630969;8.336231679801067;10.48985316080816
278164;0.8595575277691688;-0.34998981845589877;-2.6341864611309718
97332;1.8821275535555642;-14.46928340200453;-3.7852030994278456
279797;-10.604373000617413;-4.242896745226812;4.777219110728908
279925;-5.025478909965983;-2.9543991546679504;-12.862989289586805
279927;-3.490386215667138;-6.329923281102051;-13.387098799278531
280971;1.3732353177754264;-1.7931204963478518;9.824013913329058
586404;-1.4909226866896799;-2.945396403516972;14.522238246922674
483669;0.07025543750517811;-0.5480413184629952;-15.266313670107806
289660;-5.701229852763188;-10.699034298565813;-0.057730371841792597
289706;9.896689545308751;6.441560720490033;4.326000415513717
300986;5.8006341909565435;3.643247728779543;10.277720270213035
314930;3.3983493841537284;0.8617243751359587;0.48396125938591006
1089499;-12.589011144336471;4.2722893442490575;9.379649231903999
337279;-4.347566166852825;11.798975969938477;-1.755734081325382
338227;13.452987394801548;-4.996564652608902;-6.211853167603183
341836;-4.295943743355523;2.10837021697754;-8.593788502941424
156894;-6.110138348913937;13.873484394689497;1.9042271047419694
347480;1.2070061264403453;9.165287563659465;8.16737469691515
359431;-7.679873762646382;-1.8819084521721905;-12.585608125777146
360418;-8.468581740805579;6.709576933029857;-10.893368319057934
61273;1.3627588277801836;7.998346708071478;-13.222791524901996
367770;0.9673716183287467;7.172974102536503;9.143454853019641
557180;0.40098997027359234;13.89535985681876;5.717304412792161
374210;-10.249075822255968;-0.3561515253139316;11.685104052702494
375159;-3.0092930171404166;0.4059104588882533;5.731565834652382
380080;-11.840622570883518;-1.7665733652101674;2.2924975568744324
386541;0.46156036957602997;8.30007532013306;13.214739994391032
402454;-0.5610947138612278;-11.48906187269902;5.133096284297074
403080;-2.2141998665252665;14.259695650080658;-1.9186492009499978
403092;0.12208458968917092;-13.058546952709973;3.999607519161817
413366;3.4065545825183996;-1.6689135252941876;-2.1768944418244556
413670;-2.1751976827102864;7.165318260811119;1.5534159826722973
25075;-10.26972954182038;-11.230380210369875;3.5675521790875497
421971;-4.911637393789158;-1.838820413508238;-4.355659498820132
424680;-12.052446700721585;3.3330379337381353;-3.0455310796549067
426326;13.000601583924679;-8.696938346626164;3.982898099514678
437459;-1.2425728718165094;5.644604554968452;7.819576129801262
35633;4.448786018297681;13.684230201175799;-8.673223620417934
441437;-6.498852466503464;-4.20324616382201;-3.1458818883227817
441438;-4.808265717375885;-10.039025404213058;-10.979181958758709
449154;7.633624726354983;-8.340191417756195;-8.354369711720285
205575;-7.223487362391143;-3.7400900652141438;-12.962608810277002
453345;2.7614084809773045;-9.990806474291631;6.323625036674622
262971;-7.4421184793809605;1.752609897480507;13.322971565120392
458038;3.4008793222954044;7.534113984454579;1.7958342658941144
462447;3.2378543550937584;-0.8992272879671492;12.805411583610683
459430;-6.6643178312272395;-1.478416925995744;-1.5328063208928326
460892;-0.4273178515852315;-14.452043151363526;0.7352458749434483
103022;13.23282102432433;-7.166572779517872;5.419102798609277
465398;-1.4460146221170094;-0.334288324549347;0.5997534013339815
468751;0.021139969512911687;13.655498350173657;-0.6658330722639616
131945;5.0544724950868005;7.985629565013094;13.21173788979933
485517;-3.3538313081680493;-7.205738369025818;-7.500566890691984
490025;11.31004333579006;6.667356512093236;-4.134900307689364
491573;13.943434381709196;1.8621411134888066;5.7925584346015615
510240;-9.352706293226593;-2.399158010366919;-3.5035372863433247
516236;1.3367893167664717;7.3177111700976205;6.508736135845156
520898;-13.160260346349572;-5.353854525394744;-5.513265804197441
521014;-2.611057905344603;-9.896594541998887;11.973450498536646
523084;6.211102641455258;-7.856084001715765;2.824767850883469
537985;-0.916377166709645;-0.7036584025780027;2.2738227562544835
544334;11.196950445694961;1.153983354155649;12.185787646247979
547330;7.468982565311178;-3.195467678364876;-3.6492322247761453
557212;-1.182451927235331;11.211230393200607;0.46302998171402165
557213;12.02212544434542;6.68793375399321;1.0365616382466025
172832;8.037736980407253;-5.422674448043611;-12.236326556996282
559845;-2.5725416634595764;-11.829070168404067;7.95118896512123
586535;-4.526848337946658;14.712717983133617;4.722284396833201
586824;-4.4047462839771665;-3.3306566757763965;3.1343948006188613
586957;15.049034450217352;-1.734488609894653;2.7505315520309854
588267;10.68321149730798;-1.7290429014191162;-4.049831018921373
590124;-5.014528353454519;-12.734928628022649;-1.2043801162015695
598594;-9.65471801515157;-4.799956252878638;-10.139202594332158
600466;11.882327123847578;-1.4814685510627101;10.52443056546623
600774;-7.595583026002727;-7.016072811180409;4.9651983598242335
601124;-5.758316391627313;-9.840554939609463;6.629294861045909
240318;-12.310684697593667;4.749934160135994;6.530383115014197
602310;-5.148144333562968;-11.951365079092582;1.8273250130147047
620518;-5.343273056742102;-2.145429345597529;5.299716889268795
625251;-11.821369200106497;0.09245590744191325;5.493788225609142
145442;-6.8108941628673225;-8.370186812779526;-10.987011181524593
642281;-5.055594009159744;-12.167727517042849;6.90930619148915
645542;-0.8659175243480083;3.254341466995816;9.328979216588081
187560;13.165784788818158;5.115676477400427;-6.083381616723865
647954;12.714970332686438;5.105560049949569;0.9383057119382954
667139;-0.6252556148173002;8.990064408979569;1.8580572774601691
669769;-7.650186653363558;1.264225788692417;3.206180014076856
49050;10.468117353544397;8.173933725428155;8.988075039671017
676711;-9.852343900330474;3.023100085671213;3.740025700471711
683903;7.039935742552026;2.1308890890228573;3.5302241911006464
688890;-13.456088302835505;-0.738091461582147;-3.164457172975648
505461;-10.909929296033411;-4.942504444180492;11.158538707450786
689392;-0.22187916139992642;12.601519280113154;-2.9888145786827014
584465;-14.532987871433775;2.5855939306935043;-1.1949005671892112
699878;3.1323018777025595;-10.72281362702475;-4.69087107741015
280378;-11.805353542129641;-4.8318331884538255;7.764643315971751
706469;7.5922184837838955;-1.6512496786453281;3.127015418525182
707165;-4.906855402187158;8.878454520551447;10.50619658020405
717252;2.8411091327048856;6.861358496017384;2.778652531750703
736116;8.175271372031037;-5.184772859680999;-10.613752677400278
759614;6.530395940461029;-11.93750979638203;8.594563729949913
761633;8.28394185805197;1.4756957936929669;8.581433322493622
771295;13.072304382011366;5.925486590746596;5.986096802373573
12038;-12.316894113926372;1.068577634916603;-9.447598449217963
778544;1.5250721014368116;0.1661936393152179;10.664591798607752
786742;-3.6980432628263;-11.3741002674989;6.765799891807319
802563;-0.029508940966161246;-4.898583939013856;-8.757530507624267
811379;14.36496691767466;3.8315609145090392;-4.804210976110894
814230;-8.738916509122632;2.0717630666042286;9.01795168055702
817268;-2.545443869387093;-7.067394074185443;-1.3391677246289149
829935;-8.445300229690329;1.227895810475634;9.743435906034883
835181;-4.223658574979369;-13.522290409281073;-5.283397220700372
839739;-0.9721429814354556;-5.541230978488982;1.419868523701088
197294;4.130406651132801;-5.784686935362787;-12.585664177729965
847253;-6.138787547036498;-3.798758409187503;2.972223200648068
869984;8.087326808090015;1.7168492265980835;-12.135276286459534
886251;7.266958026885573;-3.87114926874588;2.3646566083567415
887496;8.782321621333255;7.548416732754591;3.820364536933303
891207;2.4878300621532237;9.054243894958132;9.427100535081726
1152023;-9.284098702975271;-3.4916989239011826;12.215654786802995
894211;-11.54821093342029;-1.3812285400049638;-6.533384744589347
898283;5.648443163703503;2.8911946401568644;12.053306480675854
903150;-7.606869894231108;-11.302603626594616;-6.392145698897418
904740;0.965537579431824;5.346597697570789;-2.4293512497830427
9681;8.25107641303765;10.750411138507117;9.63030501461584
915981;10.687891360351875;-7.525410256221397;8.464932663673705
930955;3.0066443248614108;13.141694799535966;2.7863786759253855
1001184;9.824147867995965;5.936777259107372;-10.6425681313151
931374;-5.557523096097544;7.710143717235221;5.202579330048791
1130407;-11.692417407495817;-6.9546051946819105;-8.164900810726293
932358;8.986542636282913;-3.351678770674808;-2.8590369698010294
358404;1.6645871933171223;13.247085771300396;8.279012136303132
940502;1.5820383423598214;12.90566667644387;4.134096579687915
944691;2.552824439022146;-1.2818452212939153;6.222037997437144
953940;10.200955695776798;0.10812853667096027;10.418100010967244
956117;-6.680314488542124;2.119446177858024;3.7694277998249435
956123;-6.011577165095623;5.471908013314385;14.01053901959847
1151993;-5.323012650880524;4.072406180427785;-6.2463726202422345
1402599;-2.3199953148814423;5.19129863703555;-8.36209443084532
966569;0.06832131113688698;1.6386472520836057;9.366814284741384
972816;6.514525162531713;2.8573480484599236;-14.232333746806754
985663;7.629365252957234;-11.307748055823748;7.447475241007637
992543;-8.430957580000173;1.4949745778553756;-0.6463708129593783
679089;-5.714768774451893;-11.864761961886838;-6.197206032304915
993815;7.129716720472717;13.640131564803168;2.2653470359649748
29792;-1.1140306622254803;7.075916346096785;13.876223340112873
996663;6.565210378377208;-10.647478852401965;-4.659459183036747
51579;5.437723922359153;-14.040819424551394;2.877075485753165
998980;-7.638516921796424;3.9537335084361054;-10.89165445934799
1008138;-2.3957243532401624;3.8845649236400375;10.086344652790075
1696471;-14.67072557014067;3.030434578700982;1.9648759114635792
1020821;1.3058367633962604;9.507298529136444;9.372586685848715
1025757;7.2204862078325425;-9.22600417899349;6.601965733913907
1032539;1.399994900064794;-12.072347044038779;-8.835383819991543
1044845;-2.115788787936538;11.77537049753659;9.199116342235806
1054780;12.242542623560679;5.869492589945906;-0.65373273819487
1056286;-3.0170372119439732;-5.8779464594741455;-4.253991231752719
1072932;-13.100032048028247;-6.232765771186976;3.843571707958584
338441;5.174782786632259;12.792412280722004;10.228956971326086
1081211;4.370408287659955;-8.454017733403441;5.18216834394108
209186;8.915686317687113;-11.909524671395417;-2.7499149805499687
830020;14.330450315134906;-3.293695875582117;3.0600563732082744
1089774;4.780065409892432;-11.951420181012303;-5.189444172427007
1121622;5.256201573218729;-1.276906117968228;-1.7636578323845813
1093123;-2.2268367317868147;3.022622694039147;-8.072988908565355
1094751;-8.997174456689784;7.095078988712885;-5.716824171060799
1101541;-2.1498386867165875;12.480396710268359;9.83239700539145
175762;-11.57079417020804;10.02313705067142;-1.315539570186799
1121859;4.526451699127977;-7.512914470874997;-11.236137410947627
2149958;14.366599074538122;0.7583683148917447;-1.8577181156439548
1139256;11.610672759556515;3.4513158669773305;-5.155366485178822
1139569;3.783632219699246;-10.550451022004856;9.77895004332821
1140799;9.866032927248765;7.122904033122376;-5.664294940970846
1144178;-3.6331025628274505;3.88086311967119;-4.578600915978474
1147456;-0.9077980115665218;3.1488711674676493;3.2467374020743085
1152638;-5.823309105938312;7.5526795312681845;6.063692655771119
1153867;2.21966706949966;-13.607247119126875;1.6614218017865943
1154717;-9.50191184146716;-2.07638355257946;1.1584764169415254
1169092;4.1399359581287;-4.54387340609082;-0.13166881305145192
1185602;3.0725186698879474;-0.4613919762092962;1.0893628153110413
1186843;1.8548813168114187;14.988932506298147;4.100140496676356
1193742;9.36448480358352;-8.990923238900738;-5.362606230299407
1204792;-2.159293416114244;4.381621528323192;14.844679480600785
1227546;-9.864979340542375;3.6037710034317922;-2.128428978313931
12852;1.790803009357859;0.2432601016128144;15.456975812673686
2067599;-1.133914973734134;1.0984298124503156;-0.5296863821119444
1264407;-1.727548499354957;-7.546173704608703;-6.996748662937541
1269063;4.376821011075768;0.8502088458161481;4.887885616290082
1278279;-13.077840224877136;3.2061971146726314;3.0144709350362744
1278656;-12.590432393852035;8.490794464684859;1.4229993577776532
196781;-14.713277552628716;-1.3316475001283623;-0.1629215175037645
1304091;5.042294495811895;4.254886162931637;5.318670999619743
1307205;2.299829912329729;2.373164392263329;-7.661307265799678
1323000;1.864062199168392;2.4879469162243564;-14.85300462064416
1323694;-2.413334879281361;13.805350870954396;-1.5160242237136474
1349672;-8.647922338934977;0.45366313037798944;0.09202368691483395
1352023;-3.6953879203156035;-10.854297257843303;1.9464367190520928
1359654;10.650458156199297;0.35383988696520235;-10.701400831014524
1370451;-1.5072680061517656;-2.6020515915695044;7.121259525828632
1378654;1.1050938196207196;3.7792335664525467;5.487833893163422
1379934;6.126042378001705;-1.2357787101115918;-8.56444958078925
15445;-0.8013488216843451;15.660836765078962;1.1012796742379583
1381019;-3.4212532571122694;-7.960421386773805;8.681592461983847
1382174;3.6585767503343596;-7.188160856634798;8.920712942812012
1385661;11.476689591655443;-8.30592467392138;3.4231302850069056
1385926;-11.283482310418307;6.741497570127581;2.576272443437932
1395985;3.9501870348788857;6.926652845837201;3.274355814284846
1408173;12.526823877765752;-3.4463925579519077;-2.82710588233922
1411876;7.051288638080764;12.808194230556596;-5.507140465793966
101942;9.859205039368847;12.112715850466152;-5.559377560706087
1415837;7.577017004172571;1.3519520825290265;-4.006147071996299
711669;-8.248174061921306;12.980846595671578;4.561373965800851
1425549;3.7341941598039896;-1.4533182390710722;2.0517266310456552
1452116;-11.548304986697055;5.884755346692092;2.9704630268245644
1460783;-6.172491871276917;9.306209773312998;-2.2714811621746125
1464606;14.413447106698214;3.8486990365919396;5.573236643549034
1466561;-10.351699347604061;11.084760087043572;-4.079185616619673
1467868;-4.22591347853899;-13.60481408436126;3.4031912278409426
1472632;-4.830602895591088;1.9189688870876898;11.471247802066438
1478455;-12.608492523057164;7.380969598987054;-5.994600548639491
1483482;13.68440405723285;4.807535141923032;2.9487732961660846
1497173;12.817139742213383;-5.571248699290132;2.06985635017526
1499893;12.061144253739627;-3.1659701006852305;-7.109543242639665
1503411;3.7265634939557204;4.1961090401684835;-0.651848941314406
1512022;-10.273637977988182;8.105734649409248;5.037431276379961
1513835;-7.816139860083484;-2.9344776731143125;5.5668224950835725
21916;-6.182768379304896;-1.5993247883602466;12.893949918238354
1517376;-3.7985781404070362;4.478345823145287;2.3250461658503574
1523152;11.192848202775037;0.22376671387998348;10.264868222454645
1527055;7.889843902892455;-10.84597116776683;2.8316437154348697
1527581;-3.9439723933641377;5.3378868440893665;-14.06536732978713
1536109;-10.404265628984861;2.06256460863493;2.0957050882313073
1536476;13.437717512807122;-1.2724083050168584;4.789047022806965
1545129;12.745467345185851;0.3652230054218901;-6.859222346595094
1561766;-5.013457191135804;-7.158905062378756;1.880435663361025
1564580;7.142989157877255;10.013566417235728;1.5918511154815274
1564669;2.0459979314608616;6.480569079520154;-6.301731523916485
1572816;-2.4658177952577556;8.261521076924087;-7.067690009495669
1587676;-0.9314862556021266;-13.716276717659092;1.888411072469963
1587869;6.036074718577131;9.766667065395906;0.5109752427259726
1588510;-8.734696462098476;7.652776918606998;-3.9576519199514424
1593329;-4.805811781882101;-7.7730582341429475;9.454779749410575
1599157;11.604633399148467;-5.954765660813554;9.256929656420391
1607652;-9.675318532862459;6.775972371210997;6.189575366456645
1608243;7.47993454687229;-10.180271575153228;10.643536215042612
1629970;-2.9164180189257327;-7.918450349525577;4.878193853634315
1631571;-6.469764828105881;2.0130555337655505;-6.598085323722516
1634730;2.9343358806743405;-4.26130648661224;-11.81832339399226
1421979;-6.605773941589802;-13.590368831096452;-0.3394909729943037
1644114;-9.192736869978445;-3.9574158367264305;-5.484204291710071
1657837;-9.328783509769762;2.163434372882937;-9.569548497891672
1670802;10.062614726052267;12.317633239677113;1.6064563305693185
167929;2.5214664590270903;13.097584762766152;-9.002717899820341
1676868;-12.583856264743256;-1.4300765105918278;5.18768281106213
1678680;-8.325725263763216;-1.064190144558813;13.147427299253154
1693014;3.9647736055671157;5.366777350618982;-10.76373630274863
1711291;2.7525092834340774;-0.8013831416300334;-11.592758935448577
1712437;-12.111213848137202;4.63479299868023;4.546869810483928
1713225;6.982676772680498;12.325172702347913;-3.4747346578753335
1715151;-0.9554719787517426;-4.758942373977289;-12.756717637139936
1718916;2.2688899468980748;6.336601063752385;-1.336331519567065
1726588;0.2075155219159988;-6.895285128002884;0.15386266986716451
1727232;3.7275080643640424;-0.11832571693520307;12.453640928111385
1728172;-1.9042003850610703;1.7301323518749807;-13.431867208985702
1740167;2.952934203629849;1.6665620746209184;10.988879896629618
558894;14.174252523288354;2.715118830770938;7.057025887963445
1749643;2.1390422730753778;1.3508357936381257;-14.387799063134254
1819515;-12.725255391012304;-5.487960247565541;-0.7001672684487787
1819682;-11.092786916693973;-1.9557604626362743;0.06482340059970156
1826741;15.312814940186893;-2.6237444098355547;-1.071565489011823
1852933;-12.392255489475918;-0.6998312536172038;-6.062828125651357
1862596;2.7405638047600642;-6.190718256274308;-3.0642854455468664
1874513;-3.598177208547005;-3.5570956397873785;-5.782987326149322
1163438;-11.818569452564809;-3.140461474478496;9.250036216256666
1877851;-1.3409838316511007;0.6636288173439129;-13.064697466990562
1884548;-4.40090387510972;-1.0231936037615144;-1.6204695562825198
1885766;-0.4909581344032497;-12.605422966115462;-5.272828577494561
1906552;7.1472861575824;4.344701817060429;4.944124725630221
1930187;-1.2449955749721764;9.149859976170665;-0.4660450305066902
1930462;-4.473589007420401;1.4421628316727144;-11.336573960102655
1957472;-1.9391899853298111;7.529324867604339;9.867625182722085
1969356;-0.23389598162194075;-9.113410056275178;9.601533262223555
1988752;2.4890886185006456;2.7937478451632543;-11.592457774956308
2015811;8.377339611979181;-6.802125357366884;-7.121113695747991
2019870;-7.802253701297226;6.905355478848459;1.2084126504428805
2035995;-5.422194206312248;-6.743503565015358;5.356948308180462
1670073;-4.052074522083809;-13.639262284517914;-2.1163873087886804
2047484;-5.12040764223165;-0.23938945894921837;-4.678120208176765
2048315;-7.399794979853137;7.440308666328052;7.336910864004567
2055704;-0.6881804633349745;-2.5106332316033084;9.966683233850986
1248270;-12.105800559541157;3.1662149717164048;10.394424236116059
2063669;-1.7813998192558038;-0.1469783143949449;-2.321563582019021
2070956;-9.68965738242022;9.874793182451317;-9.217477631933205
2077219;-0.7084797611765276;-10.533593634702603;-10.05978647751762
2078641;-7.6750143433468425;-9.436250303854719;-2.091573394285326
2079269;-3.6611933789962863;-6.026228100526286;-7.87589314185549
2082767;-1.29793130047421;-2.365182689185113;12.973621593956427
2084042;1.9434293892783507;13.354186802642378;7.477161400257362
2090288;-7.894558442144452;6.529434981981756;-4.674173770685019
2091828;3.4031971655478093;9.391810605599677;-3.921894336676589
2092138;3.7668292217918906;9.875141844598518;11.56817682902129
2092454;14.605156185738796;-1.2514048545180079;0.1895929842232333
2094890;5.18426221689048;-6.1998632748818086;10.79508739500372
2102978;9.920484074297267;3.41977619315216;2.771131832233601
2106870;-2.0951771073367387;-7.978604070248658;-3.8329194618400932
2108896;12.345466359367943;-5.333722849018032;-6.969086549204466
2108986;-12.86896119764485;6.587116716582178;-0.616759409439102
2114305;-5.926414773083966;-13.234648888006111;-2.0300233624155197
2116375;-10.089437010526145;2.887051545813699;7.79323123695945
2116474;-5.363144424049786;-4.783346349198582;13.78299564211032
2117733;3.9790796789829725;7.4128375092478045;-5.674173860147045
2120461;-0.7862688275555092;-9.77892249236835;6.708794105756578
2121998;7.509585079880816;-7.281890647129982;-6.0597438431966255
2123854;-13.485019660788362;-1.400096434852211;-7.680142622013297
2126563;-1.2996534729737679;2.324812695216367;-1.199214192473582
2128676;-3.788295457163916;-0.3042006872498436;-3.4400097605787012
2130968;7.306541630956921;-7.399393115852413;4.868721073607785
2136362;-3.2480477352256067;9.630551073188387;3.3876299231935088
2142083;-7.45607304055032;2.40209290011689;-1.1401955237950998
2145679;-7.944781941904008;-9.634240051710403;-1.5917848506728973
2146346;-13.906197834408035;3.080434583174083;3.0566455168758853
2146794;0.19500639157341626;9.959950349280932;-4.595733337862782
2147708;-7.824850238548357;-7.641121912552893;-9.567201916138034
2149088;-13.077844025009531;-2.4624081264667397;-7.29104421603537
2149621;14.73654101311509;-1.6512657104538675;0.8220240951246846
2150296;-4.158331449017649;-1.9415379921330977;4.98912446839691
2155342;7.178938885346308;4.563135327165728;-9.655460941034706
2163872;9.397041487840784;1.649893268888746;0.5735504196862791
2165483;4.080239203326064;-1.3709392065301529;-10.844604070137889
562834;-2.800748639067126;-14.46545761871631;-0.29210949724932644
2274318;5.725907437516888;-1.8463360065974346;12.309365101619656
131417;14.107146935365982;7.394183134339476;0.6322011286702447
