375;-6.72910262129427;12.145480477968045;3.810442831433118
17072;-4.865252876444338;1.8677868625169811;1.1847460988296945
895;-13.978213877408006;6.360999072765817;1.9911802410588557
809;7.441884144216849;-14.536363060356862;8.720976635107126
4909;9.37412497944203;-9.062351730764078;1.1814379632427074
252043;-13.614226442282716;-4.0888132678751665;2.050354759500393
12637;-2.5805620772197853;6.589074861469552;3.0062693974658097
4951;-3.7154641717613406;3.7764260191391172;-1.6203386623055775
903;-6.270388855288202;6.573871000441927;0.28137416756958245
9924;-5.33452397392879;4.836084193889888;-11.620809017364918
4962;0.47502034984779284;-0.6718689064658259;0.25377343903763494
2417;0.547559193291015;4.496930642963686;2.9419092595267617
18037;-2.5155385248344038;5.304159883726983;0.34794323379983
14813;-3.5789288001095367;-0.7187674978040383;1.4052161458035035
6871;0.5849601683624158;1.405692284975268;4.151886791822612
1382;0.4082322044016106;4.347358546619448;3.932276108371897
10884;-0.4534190340196377;4.704649280768632;7.043265633896971
19922;-3.7548624212083666;7.956074497663873;2.2020477319014717
24019;-0.8908429854042511;8.570630204785513;2.376008325844436
25447;2.3589855947816964;4.233123257557122;1.0141808384699817
10233;4.180459347608329;-5.667484955775902;11.666434268257305
35536;1.2296156775615392;3.7014825283151147;4.172824824625679
266692;2.1255819887930234;5.723188639128756;2.5062804237871728
38098;-0.20940827147295255;2.477918141993955;0.9276995479669481
4784;-1.5314503259840369;2.422103539110058;0.41001910621880305
15851;7.3038671294454005;5.953192114658724;-15.134144685411892
1601;-1.0053555732941848;-12.8839679964736;10.639494989581836
2221;0.6590665058537825;4.127492380267847;-8.81582702764348
2428;-6.932193128524318;2.8482950152238105;1.6619819808862641
7042;6.663764709290103;13.869209942436559;-2.834089167133083
75028;3.670111225689239;4.069628394484559;7.9609980631982316
201413;4.954874806157209;7.7748719359980045;4.031896040743104
203168;3.7244515450432294;5.8440472961123024;-2.316744440956087
66975;1.7748394496127418;2.261729142086176;-1.41522702774388
17064;-7.950565844745386;0.8022203828407307;-0.7207254772273153
84432;-8.839477069264799;-6.7347390156632;10.446132282929764
90755;-6.87069534530816;-15.147267885283743;-7.16818047619582
4278;-4.799422397612743;0.7057335329577556;-0.2281605389793058
6758;-4.979016363235995;4.055218580621107;-3.6041432802350477
20248;-4.78267670253512;3.3197090675343155;-0.8721584326945447
15084;-3.3014052421722773;3.9564831132308482;-3.2392858364657946
7741;-5.471975877345398;3.8849229309461513;-2.7677621788367
20028;-5.1732948131254;4.73850865041075;-0.9638715372628162
4314;-9.51571297229109;3.2011778808052394;-1.6124355142975106
36435;-10.449716403131905;0.34877122050060533;-3.5646141352276914
15073;-4.429718138316392;5.455074053828345;-1.9636296168766834
4090;-2.3575265561162455;11.213779547345089;11.177780639829297
4350;-10.111814508146054;-2.222850269400622;-12.072371364886102
12952;-3.5505696724262066;0.8986055126798346;-2.2870774090394144
4526;-0.23848009656960842;3.9360250308156597;-0.7584011227014177
81001;5.270545483286127;-2.63996763421058;-0.244912492993736
1768116;6.132062212062799;-3.8132384241633894;-2.01460870646058
36318;-5.637019934057696;9.258122074630261;-0.9815882382114242
50781;-4.824619530133872;4.3205872504219744;-0.7866801491357305
10858;-4.569166067606795;1.5759345776246274;-8.307492804887547
91916;-0.8630563943761215;5.30594143012843;-3.3045953614809744
91851;-8.058189856641059;-1.1359723891633742;6.505333769641891
23357;-11.037918996458654;3.4965318847789244;-5.126007872007292
966344;6.369704416055266;-15.300144437420098;5.332511651820576
1059682;-0.5206142896284843;12.381616068804258;-9.988858893772312
9196;-4.646153684480376;-3.4825113406440864;12.43210811125303
29937;10.382936537224179;-13.093405098482243;4.621368163299563
83000;8.467933963904047;3.956646601260016;-3.8451992824957335
29789;-5.9746463701133745;2.3703385504791967;-3.3590318811865325
24593;3.571719030591735;1.7942840113840859;2.4486892685091517
11269;-2.067534276108789;1.564947498674075;-0.19596422305833022
15554;12.732538129405635;7.215508946427447;-3.9844395662185432
394475;-0.32147236656913886;2.9678891369849683;1.8497649357261365
27573;-1.551264575718443;1.3742214964666915;-0.9824307798151177
5280;1.3865064916359426;4.488719443556609;0.43407422097348514
226190;-3.288654490109641;9.84744647970699;3.8385903709114966
43311;-9.167609634559158;6.2628347621076825;-11.538380560935432
7811;-3.5137501706546876;1.3925130996529158;-2.0966670806632695
16361;-2.24415128768324;1.768796306489572;-9.429483813447186
7795;-4.782331853187422;4.90918962717696;-5.391862011888341
36450;-7.906713203609764;2.590654966017236;-2.4172801165646263
54673;9.412008993300574;7.092042366251934;6.674430331874623
40364;-7.776335968670778;1.9291416594182398;-0.5769022718379943
218633;-10.375418190622383;8.531242731880601;-7.183709736226837
17704;0.6986434881944324;2.255862234852969;-2.4320090212116945
61407;12.182048176633545;9.260522352254636;8.708969464450464
5315;-3.3084709740052176;7.5468849880561;4.059205901203866
25455;-4.331077294222758;6.7688270582721595;7.133465291404233
27039;-3.5984937437415865;8.558119953601796;3.540219986515416
386376;-2.2898185933741266;4.571577384615774;4.928559015995986
36440;3.4938296011328243;14.289783160313235;4.382976069681346
49160;-6.170919268821631;-3.8777567932817925;-0.728502460839883
22723;-2.569822858737891;2.0330049209580725;1.3349902834224567
52344;13.925946071092582;7.248666000934619;4.425793374246402
12926;-0.1554476609519796;4.919189206890239;-3.024776925758081
9709;-4.02172167077356;-4.00277677257689;2.697643687613073
13490;0.7276758869174947;-0.6281562946670832;8.286908032391878
74067;3.383358742221208;2.0898072859217325;0.8756357074242482
379432;5.495792035420791;6.038527609034507;3.814745037319643
7074;-4.476306444094424;-9.450049661283531;-5.260938590253839
7370;-15.064463038407682;1.2566084185573632;-0.8887393255305461
17137;-2.089950403657877;1.5940972565692006;2.590907294808235
9156;-12.483010187987173;3.9994420898983507;-5.493084757767369
1214144;-11.368379294849973;1.0994592303146768;1.1917319265454855
51004;-9.153360417457478;5.9812063929943555;-10.726443285480086
8526;1.101951634232014;-9.616850557203156;2.2162140221973603
12967;2.591035561943659;-0.7374275404514941;4.781927075751862
53618;-4.341450635957704;3.804599842866558;1.5434582851681709
251945;1.0188198770082408;5.017910743628495;-7.8603314920293625
158191;-11.13076863195638;11.043213695589772;1.8588043518211688
79313;11.498639827723123;0.4985336148080546;-7.53024548134469
38348;-11.534497851663941;-11.776540038949445;0.7507016119129613
9945;1.3542713571646332;3.610841295423606;-7.3665440240744955
10195;7.562557234402016;4.097653712204797;-6.783959426142335
10214;6.197168822675217;-5.904177772692237;-14.930776090826765
149147;-1.7423147941380106;4.795754693498583;-16.799366462837583
12323;-10.342200156657388;0.5325116578346885;-5.726835841528647
32855;0.3515057023518067;2.1172421279867852;0.1087887491099044
26795;-3.7092734425796854;6.603798246424318;2.5065682363144055
11155;-10.110553915561024;-3.326817905535718;-10.469331812522155
11158;4.862352672402799;2.7477546084504403;-16.78942891395209
36446;-1.0713372522685116;-1.3573363634477935;-1.5310214984605846
11352;6.385634248041994;-3.945634552272854;-6.80645190943495
11611;-2.8143949049956465;9.213584991649055;-4.048889070604403
182738;2.056781652659873;14.850548151728777;-2.778311099355383
11698;-8.243773476940639;9.606701682955203;-4.60068035654757
338301;-2.9061358708679244;12.497385569484353;-6.961822836807323
80801;1.583191395948251;5.008186097160408;2.227701290407569
15622;0.6693742683873183;-1.7302565006169222;-11.231782155212873
203468;-10.519060560378156;5.7333411931715785;-10.529371345600333
25398;-3.2653403611913383;7.484044605397838;4.431321477509195
27007;-1.2763687855811916;6.731947102727798;1.153984327939575
27122;-0.5315824767750231;7.753556461378403;3.792360582290675
34984;-5.730076163753053;7.759072999571608;-3.5137346629477406
209931;-5.36140750386976;3.9220199943877687;-1.0879025716869435
25451;-3.8340150716772134;8.610899777088955;1.7319000547107908
49237;-4.791600205091788;6.179129416858746;4.7018494825585115
26910;-0.35946897557960383;8.25912295270807;4.485672047720319
30868;7.746746212446348;2.2352716798225067;1.5236396985326695
2126879;-4.4748697470406755;9.192702681454001;3.4575234307454927
25790;1.93601117933193;4.257668015016525;-7.099571752238335
486568;-0.4761525438761535;3.7236790509632867;-2.291879278500615
21847;13.749130876280201;10.671378835064429;-0.2556967725351166
25464;-2.531311177011738;7.436001203591714;2.1567601021882905
95750;-4.063224762885499;4.83832361191;12.404574834675238
90692;9.53430014185802;-1.428607944677786;-7.377943502892836
450551;0.6948577020913597;0.2440990940511903;-1.9019763623273214
24665;-0.59804216767386;13.265583751760026;-8.21117364851359
14345;-11.901927472046435;-10.49932844892207;5.359795753717257
14460;2.8025648901776647;-11.282260529852133;-3.5791892770177447
17878;6.920351022951768;-15.236233760140017;7.108230835249435
15235;0.9388024090346201;-8.44497204392318;-13.599091971672616
29996;-2.07787778522105;3.603941154359758;-0.426097017093685
15493;10.741768054053397;5.464872296193807;-2.0393260200150767
194068;8.988750576539688;-5.132675660309428;-15.316568938974179
140399;15.847160663836108;1.3092850763669517;-5.2483347671434615
17007;7.966936726431379;-3.492967477763579;3.5206897380921287
1593660;-13.705879618763126;-3.2902554637200288;-10.464512332614083
119486;-10.585441957070099;-8.70518190416058;5.320610669530126
17163;0.24475370327408807;-2.152435029005081;12.029839244423373
17199;-0.22157598960841854;-0.8085831424324987;12.542153953857307
17957;1.1477406359960596;-1.0670590964698785;-1.791110451152298
55426;11.388733817323855;-11.991489473671445;-0.784438891218184
67335;0.6847726328580046;9.513343184395628;0.7145040611848801
1013399;3.5236556527563243;11.882872442846194;6.926590377994188
398454;0.03629996894731821;-0.7768301267996154;2.2510543200144846
68453;6.069554062312684;6.967521787689021;6.937023647816996
607620;-12.060673822683395;-1.0538025040340377;9.397601019334557
11890;16.663048987610505;-3.901531947928649;2.6923697530387125
18357;5.886465342934102;-12.010266941201586;-0.5084234906368105
18408;0.8661366455237381;0.6679415796815523;-16.46218160216615
18467;10.364542819730346;11.462501088002318;-3.0449261682467865
18668;-4.106544885135118;2.931113267066893;6.983261847397517
75301;-1.903426332926846;-3.455521359494414;9.671206384264092
19944;-1.2695511770593995;1.065297131833984;6.962552487561293
19916;5.0007960176940385;-4.67345197987155;14.706630323042832
19956;-4.364144456598136;-1.6071498832323177;-2.1800940757146354
165638;-7.061471681852498;-1.9989737837483328;7.721340908672644
20026;-13.28994819927086;-2.7584449382290788;-6.74112976798022
20812;-5.061091033673103;4.346628633022987;-2.5328401317796945
256832;-1.0689350033254583;-7.08583507799337;-15.148347642235223
21371;0.26270228058239303;3.9545065377013597;8.201202981474278
18247;13.910209165493972;11.1036275163746;-0.94189461951556
21438;8.007610550485401;4.464634660455797;-2.5963192216901723
53636;-7.0183607822254155;-3.1560257463959744;-15.33962127677182
21703;10.078682686517983;7.7396279121152824;-3.620936286960982
65873;7.180020479028446;0.12543766065418235;-1.8457533022129955
90702;-14.825655916496771;2.6798439941480505;-1.5575161529366772
23693;6.367613241199866;4.3858523550562385;6.474982295879634
24909;-4.355494047389226;0.7105024813970054;9.302092469201684
25303;-2.0957535715871076;6.682032262388435;3.723317379696189
42122;-3.399960136771478;-0.45251620291965733;5.436495295221114
247086;-4.054482884489852;7.968602622136951;2.996150224419296
2080161;-3.0318292526239996;7.954831252683224;0.46035505308345553
1223613;-2.3499503841665144;14.185099304517676;-1.2523427477770346
1871277;1.8915127341968458;13.933815575261848;-2.214205905568997
37755;1.9882870023433177;-1.1581159490496855;-2.061985933974218
36901;-9.027368446632055;12.211978576725823;0.9218559680047841
214256;-4.74301955323483;-4.054122264592716;14.691525290791681
54872;5.698101374768706;-3.780620459604487;-3.9014283879873437
26820;-2.3662821023214047;-9.072655156396518;1.7394080190342054
90817;-1.3192757194355504;-3.8883871949725686;-3.8329547650700384
125969;-2.854699698192833;-5.09460870807741;2.743595651721305
90921;16.354757876248332;-3.0572587379068406;4.550099473336967
667134;-10.337206149335541;1.4467423680546172;-6.0748545439785975
6957;-9.795756926870938;-8.56550372484839;-11.782466611428024
27912;-12.569589453028588;-10.424975565174499;0.3806356813495131
28049;-13.980978980409365;-5.418114719851814;1.5372437687411145
28058;7.266796350252846;-16.229450347268493;4.401655759804976
28470;1.8178829301409796;-8.26931651017943;12.880213554337534
29737;-0.27207120259473316;2.3070594837040836;-2.944526119363409
30021;1.9429598148352978;6.154195652513221;-11.407522849923586
30113;-6.307168405001145;-5.786295544072511;-3.518252662519068
79512;10.07081949056849;-12.7167822991477;-4.800506360044074
30726;3.1719087924193703;-1.1506031221401944;0.5011653581007336
30910;-0.46875053793177157;-0.4913950756052114;5.3045520447229935
6884;1.3629200578973535;-17.408937099282056;-3.228975314086107
32385;0.2662725194154988;-11.36347991082475;-12.73875803410375
32799;-0.96975296654363;-12.465709895254335;3.8221824284343255
32801;-2.2153976334214835;0.7189658124632137;-10.489418235655602
77107;14.323465899801652;-0.9201919121966469;-3.2070195551593463
33653;7.776761247820606;-3.4237875970739684;5.027508174331122
133440;9.420142391330428;-0.11741085346810488;7.141978759675528
35306;6.524947601977197;-11.17338486201611;-4.674578522786362
35530;-8.18773440656975;9.429718268948822;4.764067454198978
90403;-2.121896542810746;15.123398633025241;1.3619290102864576
35685;-10.950704703959893;-8.58472276776278;-8.628318874627555
36424;-5.490726009256514;3.4573084255881628;-2.1119497944380816
36448;-5.273238041760074;-11.241941543160452;11.455045823598274
2062438;-15.111533922998499;-2.4661464782088913;-3.848749233174094
997058;-3.340619239033376;-2.721822568325527;-1.078642827874146
66568;-2.765862616156964;0.8218821839305752;-0.45910641983174866
79786;-9.401216680635574;-7.266910949578757;5.856808824717054
36479;-4.805348970091321;1.721059379027516;1.915002704741376
36500;-7.697881165014536;7.444836391071532;-12.168104908190951
36903;-2.4724978041523173;-0.07984314590554262;4.888492358095304
249381;-5.097657680968642;6.28194341117601;3.718209561575903
88888;-4.762262777658357;-3.46086521017128;-5.070121250280963
38106;-6.4080037210489955;1.9925679179881024;-11.878822565750669
38109;-3.6501388761967233;-8.500832381400445;-15.626204752518381
39882;7.740350728964497;-0.48728527042182257;9.357920214210111
41164;-9.355923662651335;5.9278882680864005;9.28973046118268
42236;0.5513901225918523;-1.7876209542467807;-11.889122837273222
42267;-5.0685646970514915;12.032588576875295;7.761724554617018
42362;13.880489039394194;-10.131803153872989;5.016194382164724
42514;9.8086835205598;-9.395258567058121;-13.994710923489498
42569;4.693737111927908;7.838412531051288;7.028938615418067
577680;-7.704996311235714;10.912177251684303;-5.351220254618174
44633;-9.6655605275655;-5.772722357856714;-1.0248023035160767
82436;-6.378890761102557;-7.51598785328331;-1.7817522071161394
44707;4.05585649934585;-2.676392609403673;-2.9675135350658675
44919;-7.618915395556522;-9.259382667215291;-9.002140824382012
45074;1.1386904433589116;1.0197185354836826;-0.017700503280123365
46741;2.6848211795504966;6.420333662284143;-5.2740134271074135
46745;-1.8723273351212564;8.662549377866432;7.560435569817703
46747;-4.295146200069546;0.21974744368411794;7.860463964644636
57713;-7.509091917699312;-9.275532761209162;7.036168886650137
48131;4.073577865748667;-7.553019731787252;10.630990457955223
267926;-0.2158694984327704;-7.2617771100518995;3.17878028365174
49217;-5.101492552906839;2.133193250215253;-6.036373877666338
74400;4.132551309684877;7.253220009927161;12.86972719033162
49324;-3.1731812129164787;8.9370957189124;-13.87376763122397
49359;5.0145815806422585;-6.878975935132762;-6.537686000442774
49371;2.7654257719375477;-12.905293984792827;-0.9604004393316424
84779;-0.8521372602093954;-1.350803019079611;4.023852009160063
49485;8.190382807505273;1.6023084559762784;-14.47216956455687
49808;-9.29717941736695;-6.402813633229145;3.4838636652583443
50715;3.094537162666988;-10.484937296875453;2.3591383062687488
51546;12.241064726738218;-2.700511299185775;-6.5497278663081975
170911;7.29270368318364;4.294736691469154;-10.097292986224087
51961;6.756278957769795;1.6416869922365076;7.669219242782008
53592;7.074042912494038;13.344916975019931;4.678346107046959
372288;-14.698017500310081;-0.017375465685156098;2.210760566201904
120432;-1.0443960284008498;4.32223369578324;14.671840490983907
54861;2.515325885259489;4.512623391023871;-0.43694449382640493
724885;14.70165524038031;2.3868555725899765;-3.032832259568219
55098;13.37627303278135;10.309606636450113;-1.1242019081695185
824286;-0.9057958975639533;-0.9583241150769622;-14.555069034729556
55611;3.8175608689216927;-3.5859338153271434;-9.404414948061481
56822;-9.973425834092863;-3.776031755403182;5.023998175711336
59243;15.952139954591127;-5.188916068028135;-6.205547715591313
59692;-3.9082583501061947;-3.0724675929417873;-8.541515667784129
60087;-4.9040105787417145;-4.435521174824378;-10.351912712370908
60760;3.4730860717728187;1.2254983813671676;11.41608730963806
63431;-5.917348284212399;-2.9281402556554506;10.632337262877178
63638;-2.91986886531802;8.481489802515464;-1.901485898239818
64222;10.756560829425688;-9.170636528681179;-7.25930271084517
64478;-9.472199923653353;12.636145377134303;0.8222192137141772
64686;-1.0054392229168259;-8.19015834001828;8.73905967277704
68151;-1.4849270737224347;-2.958082220817315;5.451024702417799
64726;-2.8512853742396342;2.90557759341784;1.9854384468511856
26477;2.2519750572591386;-16.232522450298898;6.829614641078654
170926;-1.3427708154086477;-0.621533321009598;2.1105682943073645
4253;-2.2109056552567283;-0.40589244626070303;-16.70826420421752
67659;-6.40935841124567;8.650256760264952;11.58735863063821
67897;-5.173918275513159;-14.925671689658856;2.838405040829121
68241;1.5126584021169107;-15.898358175529713;-9.505624026130997
68828;3.291875099147251;-2.5721958007432395;-0.9404667933958706
263871;2.3642103778103105;-0.8138585883511801;4.15957099203599
69569;-2.4660571117620793;-0.29621415602425044;2.777685534227699
69868;-10.975052329551328;2.9580049451250723;-11.513620798318698
69972;-4.434956589154519;1.715064730343866;-2.0017218019878014
70333;10.214054980148777;4.0173739931361565;5.0389581189076615
70338;-1.2283231496138982;-9.589387722412852;-8.13703682129331
71792;4.049444719629581;-0.8555610464922568;-2.0354946964505034
88890;5.746617893057952;-0.17601405090096045;1.7263603863784103
72237;7.455108801290079;-5.211327070148656;8.306849892155482
73768;12.890614757376486;-6.351087282444405;0.5574219634879253
174761;-4.803475428818157;2.0803885881127306;-15.053196557889596
46710;12.686480765458663;-10.223786460521621;1.5804909521995854
74916;-1.0112353598094321;-8.701497903812001;13.908060165290635
1011329;9.194114671313631;-12.29233268021931;8.91140969935871
12971;1.6044560105459176;12.556741712086911;8.438346836104524
75252;-3.57955830787458;-14.97496306761046;-8.401413786377056
76285;4.738643225765949;4.250907969000179;-5.078410776750247
77051;-7.2025197962258165;10.82933770959948;7.385340941948944
77448;2.422464421849684;-14.477996256889012;-10.421255818247195
78461;-0.6989604762381243;1.0468969746991321;3.9008616995775593
79361;5.11626903204471;-15.30172569784369;-2.44459102839535
79589;9.14297813907785;4.339885408926041;-12.004858694114517
79850;5.82039620312102;-9.985298955079308;2.3441449820761133
79328;16.804831483902625;1.2600299706790545;1.6174857699123504
80498;2.376540581887949;-9.914048664091055;12.666089445036093
82458;-9.998556730306356;-3.0566786445300345;3.9861306948032147
82869;-6.37856273367426;7.638190161078924;-1.1063248075910075
83248;-5.41546579323131;-5.252950281278809;-9.192991808193687
83360;-2.4965539374216505;-9.456383113937594;-1.6064766121925858
84196;-3.8947958205789504;0.14398981467306496;1.505929765778195
84770;-0.6122652976583459;0.9557040354198046;15.293617532692936
85356;9.06642473799878;-10.361715685901201;-11.948093127099543
85409;0.25367329604870736;-3.8766257820446395;-12.994870705597311
85507;-2.740227850888946;3.53208527427311;-2.06382898551847
86258;9.214646875311175;-5.003796101882014;-10.497319280923744
86671;14.03267379009523;-3.780615465597165;7.157444937508795
131357;8.974583366295084;-7.88254746502184;6.098937750024465
578889;7.866337442940109;8.983258219855621;-0.5184355225130837
89538;-2.2237875657221853;7.716116125644031;0.7712980151888402
89660;4.503516424408748;-8.637044719631273;-0.8181009318604657
90140;-6.28346947467657;-2.3875868003988914;3.8719569108836946
90451;-1.6949370409393913;-3.4609335492188418;-1.521616468461095
161823;7.397572580092598;4.582213043156363;12.89348289463417
90493;-10.217683257889343;0.23444515221308032;-12.073081039610786
90539;8.90181489708099;11.98544619912703;-8.389777223632173
90816;1.785884616753722;4.582279805148982;-1.759661347149198
90966;-0.06136698622176152;2.227947048136302;-15.600385208979455
91017;-2.7487449989551096;-5.294672846870419;8.084419434465358
91160;12.878437790470882;4.692347726522472;-5.5713287617461305
91437;6.6258980430359395;6.9619931587412465;-8.863001472175602
91756;0.5497372375895665;-11.621982346243062;-0.9242365981529836
91842;-0.2318808115915906;-11.517642288425238;-9.927862614028264
92032;-2.6880139272841;-8.329933771052;-4.152173290137392
68910;-14.320333868683383;-7.863828874209598;-0.2056495910017254
92318;3.050114153326713;3.9251972344144255;3.213746483021873
92364;12.544605748609843;-3.5865501809676554;-1.6742213728833921
92425;0.06694173581281249;-1.5367644754594625;-7.005239685093491
92996;4.71740502683859;-4.744029394083806;3.132891401741258
93412;0.9929697780297797;11.060736878754659;2.915563242479117
93443;9.537483690104452;-1.7330820573911248;-4.027903200468042
93703;-5.54216007919168;7.07274972744017;-0.3965745814021665
93998;2.647449708548668;3.334448223038518;5.076413173821509
94546;5.946912807557728;-7.694942585969366;-14.644095889043655
97065;-6.16805218293391;-11.862468505984076;-4.303416276194524
99140;-8.50034980258766;-4.1482085740088275;-10.670925694610593
99142;12.078639632602492;-4.2914761303729705;-9.979986382658826
99560;6.278606362915054;-10.474850453455286;12.406588208153414
106507;9.68332132034191;-8.495502987060563;-1.37378872630588
109974;11.969872255872605;8.365487949073657;3.4891252462356452
111055;-4.3819118204368115;3.55087456971533;7.194085180701709
114202;-6.7323434692036574;13.430452229688587;2.292798438690325
114539;0.06862072435994832;-1.621887724524067;-14.814558706542647
117103;-10.05125875241629;0.7045571813909702;-4.016099995584105
119286;-0.3394010171311234;-2.53868128044882;-14.843999168232402
120209;4.822807494003514;-2.7395176504792813;12.774149249781221
120746;11.394867509685046;-1.574578704636746;-1.917852443024716
121950;0.5268195737130575;5.614396555204752;-9.7891984810449
122534;-1.466781610960997;6.454246651794348;-3.7497467178133617
124585;3.4043241106432993;11.594969497796704;5.4691340243367765
125600;-2.703869900530962;3.765024963265833;2.3438019726258497
208844;0.039195014704979256;0.29642025739221056;4.113296257349273
164342;4.734336814399574;-3.3972662640850775;1.3623943729161065
126461;0.6804511737590412;-10.246561236649164;5.066727953727014
130312;-6.511840172654785;-11.394516352117572;8.787157745821213
130424;0.27219953544078007;-8.659906759465704;3.601166589028737
137005;3.3468793586325556;-14.675930320138008;9.042756297403116
137058;-2.370242087285138;-4.825599406938917;12.751438607221388
137706;15.428773244111456;-4.91913453565219;5.127055562174917
140050;6.319883673327547;-12.839240615529183;7.841273834404216
143406;9.696799883261082;4.046960595250699;12.06452078537616
144017;3.2464680075220813;-5.724078623802007;2.543577247521664
145730;8.0847153951098;4.143323120635609;-5.074404005823182
145929;8.25497845231592;-9.791121436706302;11.763254928103372
146196;1.7701566477997939;-10.06332847958572;7.6813835932480625
151804;-3.2652996206052913;3.5075683781177136;5.301187660843013
31345;-9.767790485868598;7.5444063833695205;9.120967708913039
151900;-6.869923114070708;-9.134712268432724;-5.172072595544001
156736;-0.8512789480562644;-2.339301846343885;-0.711025209400233
2149388;-13.668821981695102;3.6661126028793842;0.7767462143344838
504681;5.452764719705727;0.9098097652382645;7.113981303259295
157750;2.773598859183485;14.362610506245227;-6.691170770102432
158921;4.4349413442900625;12.22345638260637;-11.127427378215575
159113;-0.2795197152322998;-3.1747716728272413;-2.500528641564859
159649;-0.670734084012559;-0.675572685711824;3.7454453004543082
391179;5.6923587920335645;-14.027890056765882;5.873894112292562
161095;-3.222776173944752;10.526142588445515;4.716946629534943
17015;14.192536695632358;4.278893071819352;-11.22551599023641
161214;8.92280024153237;-9.564311497437409;-9.098683922557981
239203;2.3220683156036657;-1.4524164803209518;1.8979237253856434
166100;6.297945787690149;4.737324807832982;-0.8987979790935936
168415;1.6619742270327909;-1.686959114242742;-1.6695362054880285
170371;-12.630242986164863;6.940301293675072;3.9018967733056344
171071;-6.310314103928928;-10.532256304777418;-1.945253772672214
176016;-1.1091561469000037;4.447478931092802;7.337252331234433
177632;-9.023422655162815;1.7979518469194913;1.6389911482314279
180287;-6.5255332150463055;9.613051957528667;-3.0623673445545987
180547;2.673871949918594;9.5094110607359;-6.379658786860159
182418;12.319272984138255;-7.179153098809389;-10.773439522803566
182586;-7.308030554496876;7.97380480071137;-0.8492842363949227
184089;7.535217935582305;2.8783150446053907;4.588479208132827
184445;-1.9573505726181788;-0.14687204685930813;10.95464944405917
185289;13.132908222083028;5.512896247655624;5.363236361919518
185451;-1.7403001064473815;-3.4449861067852434;-11.631569788931044
186215;12.452904209111159;-7.752149728368586;6.028475460823102
188068;-3.124687299081427;5.259700076438021;-0.716190524315343
189205;2.3147965152580765;7.581286338913883;-3.065357703570422
193334;1.6041082699308227;-16.961225919933486;3.7410166673297933
194564;-7.773869454738767;11.58015359228524;-4.856747819132743
195176;-4.233381368882915;-5.9829132921284645;-12.10940061496514
195626;-10.108443816046298;-4.659916117289422;8.330474175212721
196133;-2.394021447411845;-3.9316607941013473;11.357342012983711
30533;8.727675964508137;-16.421634468192607;-2.1960185194303046
196853;-7.331974979707695;-3.2357976537727304;13.07802040182107
198247;-8.419877419973393;6.020378335056955;0.28283051209950455
199024;5.13731377889897;0.6549384331172953;-17.038697166989813
223770;-3.7682182366844175;-2.311473923334105;-16.775199672879697
199059;4.606568554022517;-7.463937680550122;-5.124583791393094
200151;3.49986472756003;-1.0516367476219228;-1.3633432343072573
200388;0.9139904064728763;1.7626078114690873;-4.452833558311784
200850;0.15014203742984358;-5.407353422600707;0.21880311632593044
202148;6.496700445194872;-12.853378387414839;9.800577458148972
204223;-8.583022702533428;-0.7856145856787429;-3.1572947499407045
205640;14.934535789812642;4.360448102652498;1.5583174282693428
205670;2.106655883834434;-2.5260204205179777;-5.015298089271698
207251;0.8932178987282796;0.49696934058042025;8.524252698684961
209755;-6.552316864840839;10.508506908694642;-0.8845867427318083
209778;3.9549008014372946;-14.151557448604231;-5.446826582157561
210625;-6.562024689389527;-10.191859508870568;11.37392632277209
210752;-6.088870882633585;13.940260473131936;-4.522010022049017
214659;0.9466277556654624;2.3359913451744823;6.904597295433758
215373;-5.601861596826917;2.867225719925986;7.363479806318807
217940;-10.833823905229442;0.6770028117033063;5.214571072167931
220182;3.9384868135828395;-0.6900114779598665;7.953657398120099
220901;-11.61251791384069;-11.562225631684793;-7.36663023641142
221610;0.520139760366975;13.470063644395509;6.207665174695776
221822;13.455767115645516;-7.070661181009676;-8.51206942355958
222398;4.722665030760948;9.429850741564097;1.2285708786613108
226335;11.336558531565132;3.9967174646405477;-8.373202901858438
230801;1.0596554806152414;-4.106061517794861;5.851190303637487
231831;0.6150372345644612;-4.68730483049737;5.261730271835597
232121;7.195080302371209;7.782706744958509;-2.932138615622815
233110;7.56954831896762;5.533053112576558;11.495996683637413
233678;-4.9314492320228815;1.952086888900953;13.598627266149194
80964;-7.329850686698476;-8.8741890999465;12.425061829764395
234416;-10.641645041155137;10.654403415650002;-1.5957945619524019
236091;-8.530385339676187;12.165847616881477;-1.7608089174632602
237738;-0.14270487630234074;-7.122343899940972;9.61918775262978
238144;-7.3791178831409425;-6.475828123014461;13.032163849536934
753345;-7.879739255852019;9.463094008408193;-4.838333074239662
239238;12.436727830868227;-6.920673793530253;8.293175248738304
242174;-1.1093386910097418;-7.830480996054234;-16.183061801783335
242644;-13.585344258043044;-1.1793319377865867;-7.885030800873251
244276;7.140052649904239;-6.183896328268694;3.03393304391895
245009;0.09413738299757009;-1.2935678839551392;5.27742669969065
421222;-8.021564858312601;-15.170844856692668;4.588049197818167
421245;7.291460438202991;1.6192247358303153;12.526438075657948
114389;11.91322759640332;0.6207399966622736;11.503489797360107
246510;-6.362551420515439;2.4693103132685263;2.264745522508571
247001;-11.322122170610127;-0.5075796019653525;11.398226636715213
247833;0.3483171929533646;-4.963739957680958;-3.001196537396776
248929;15.607450415127415;-3.1797301964128533;1.141781076784908
249779;-4.304133310508944;-12.466974693319216;4.2682442711542325
250022;2.8751186170769185;0.5864531137091572;6.902627553809026
250999;4.181242355387896;0.0765665103482911;-7.321925985606178
251507;-0.2967052772179804;2.699702795684617;11.517021980147366
252475;-5.703667327350149;-7.944656094186207;-3.2783839197885287
253749;0.5624826013811446;-6.956294733544529;4.565552509045703
255763;1.572223767342005;-0.650453683121032;-3.363375616186576
256031;6.271963281807036;1.121594247820043;-10.689382494302174
256801;6.788656947134758;7.397794944839665;12.776635739742519
258789;12.70224185256641;-0.05724016198710483;-2.5383648180901095
259392;-3.846489050597223;4.749812980247484;3.0701624642990195
260340;15.259502680149932;5.476284917136678;3.2647676274042694
261039;-12.687531084051194;5.88599222645098;-5.003556389530566
262301;6.444338015582824;-5.686005363350214;1.8608064230722479
54932;12.941779676601254;-11.258923270794654;9.164380877404339
264176;3.5698079028424115;-9.005198208232944;6.700711426827084
264409;-4.816192274199502;7.682969584836484;7.717940778213939
265351;-7.23979664393102;-12.418118582532085;3.326130835265228
266445;11.656885726257935;1.5456356723604958;6.909633883239086
267066;0.689406085993338;3.9160437446784626;3.4804785168216044
267705;2.927338323216558;-15.288726559627413;-2.0582585646146865
271118;-8.045067708139172;3.6787661032204895;2.878456453865346
274887;-5.520191703825369;-4.051840003246633;-14.968193296421962
275409;0.18402545715985297;-13.07309263080686;-11.097191029464211
275705;2.8684182363059447;12.017249089122508;4.856131716334722
276916;-6.847428002353188;-2.5806175369853066;8.905194000140446
279409;1.8992180932307186;1.426783817792859;-16.37620266937332
283120;-10.066270212740779;-1.935153655706271;-4.1129450997818
285830;-0.7081212598532021;5.593347602870641;9.499110789213347
286297;7.884055655233038;-0.8443710531389432;6.329421701627292
289642;9.699847804782353;-2.7984716440711854;-6.004510008213034
300036;-7.281045041669545;1.435843341338424;11.980009565050972
300374;-3.1988851057595307;11.751117913256342;-6.835814044062499
307802;8.926463214481698;4.279322556449031;-5.561090521051365
324482;2.599355578141855;1.7202860964201014;5.073233305369945
328670;-5.654971550482299;13.189249035633154;0.2955135165101822
336722;0.7136964776324394;-6.434833631121879;5.45478545277364
339947;-9.114806680932825;0.9644483451084894;-7.681807821027928
340970;-4.958115128381616;4.942716238225948;-13.907802579649823
341693;-1.5394784555963952;-1.2561262340083144;-6.036207761212264
365285;2.816485291323575;-5.829034258732871;15.079889789867355
365611;6.352709020611552;4.536639309392139;2.8182371365235808
366719;-10.872121107483245;-0.36406099816735277;11.9233449295524
368655;4.430214910623671;9.823082032196155;11.192282185721975
371837;-10.277278061473387;-12.721091864623963;-0.5892858329412292
381329;-1.8796151688587739;6.50504674564213;5.671133735230737
383548;-6.994303334743629;-9.372998962212199;10.163823677450704
390593;-8.401758110039772;7.970355255864428;-1.915757719795692
392038;-4.142310125676746;-1.5579607510095668;-1.9894408808771549
398623;2.9358178848065624;-6.5454829600846285;-10.731031463996409
401955;2.7203325142461825;-6.16052279694751;3.8157717000880185
407520;-0.8555086751260002;-0.7395191095706304;8.417821466011736
409563;-3.461138829204019;1.958663470858843;-10.490705112489694
124270;-12.314256898047196;4.810024937999513;-3.2899934097568773
419828;8.801000082747409;-13.171151804468744;-2.381707013883644
427308;-2.436167189413358;4.868003260266223;3.1886008676289053
133097;6.132740345688608;11.889745248291018;-11.453070299438748
433860;-13.77947972161755;5.2888782213221335;2.343019227688773
434902;6.368311876539943;-5.814749820737447;-3.9939187178003888
444011;3.1453348909323546;2.9045937739754364;-1.6613118639564195
446904;0.6741495250463432;-1.2913239976126865;0.9952592675443556
483225;0.06721233215690937;-3.599483082876293;-0.4276499562389112
458000;-7.610906584867225;-1.324187719900322;13.204282574726854
466079;10.775237365439429;4.174071749401197;-11.19900779937205
466978;-7.141833670620704;5.571444938126986;10.936806644425685
475487;1.6518650420009209;7.514393976420169;6.914156351132753
478788;-5.140243946984441;-8.160872955397993;2.1481340059097636
479167;16.3540692289229;-6.9659021522617985;-0.3148068124281726
490846;-9.703326787988246;5.0453331006752435;-6.303611620418029
491543;-2.6242596412859394;-1.1105212193750569;0.5817742545335686
495144;4.293298680202954;5.190340148642333;13.716903232819874
497729;1.4902567309048071;0.6823174868637133;-7.886100569810089
506549;14.550812037751417;9.866116707500957;0.3000530363104291
506695;6.338059757239143;-6.361194101893859;-5.33771540744994
515122;-4.247063109047339;5.867325678451881;-13.808810840831207
517255;10.849264324498629;9.990162592525804;4.338470527799015
521109;-5.078184206523329;-10.121174854922137;-0.3086949031383934
523104;-5.910031800643403;-7.817783601017195;8.22202483789649
527116;1.480983910678101;1.0260883261120748;-4.244978768096694
531750;-4.992983287502746;11.984015284608075;1.0953056618565993
532751;2.3118035278173465;-5.598879385928304;-1.723487255113405
547366;1.9992868291546653;2.164765101661474;1.2627394824936466
547713;-12.26224878011251;7.939759864270873;-5.1100175862477215
549705;9.456995011255765;11.138157660052787;5.987389499743783
559438;11.551964260850852;-2.8979196774535247;-11.853481395544677
566301;-9.029978998248927;-1.7018147089702909;0.6458483541321953
566871;4.7457089575988896;9.3708068558404;-0.383088888880436
567763;0.20359856533676768;4.1614700290307445;6.445452993428049
572488;2.0762710290758686;5.068338126824574;1.9899287165397521
524556;10.667570773060275;-14.508926509815621;-1.3653439913458834
574801;-4.42495332964637;-15.429737350367065;-6.50852467747806
579893;-5.569652878025916;-12.558185243045415;-2.6945836753372343
584784;10.919434858535398;0.664066361421045;12.417677007147837
588192;-6.6260110653069075;-14.007055058219139;-0.11616417510742204
589892;-1.3136330168468455;-9.105284423182518;-4.50062515701189
608787;-4.792355614409839;-7.02742253993215;5.595592277740566
614667;3.2209946275433063;-3.7621904698469493;4.03817981616644
615039;0.11940402914364194;-8.02007559276073;14.222513356002985
630054;-11.043788794959257;-1.8359112965728444;2.871389144977462
630322;-2.8465607804706767;-14.914253811866173;-6.968635714164283
634006;-7.960667933030009;-13.791423284391481;2.8682339837200175
636532;-1.249120824526972;-0.42272445224118377;9.818677843423268
10215;14.585591356110717;2.399810553267827;-8.962424272678842
640338;14.378696466671384;-0.7466362271104878;-4.645614331689616
643355;-4.751811634546185;10.811746187387032;-6.720516608495563
643941;-12.280132583174531;-1.7076466581522447;-0.6405028606897628
648784;3.9375826354150947;3.538089648128913;9.256798399847481
163693;-15.349727044851312;-5.061996788895792;-2.016099680488642
659052;-9.56109535672214;-0.9546641648162755;8.541586635256598
660529;-2.4886444811938087;2.1899878613254393;5.646550077082722
663926;-7.985222678504055;-9.228226369746746;0.5660535137481326
665255;4.089934816782657;14.278674385289523;-1.057024887258459
670693;-14.52475593597093;1.288606337680885;-4.440078863611789
671084;9.924633856873445;-10.325138524906036;3.0862342312306827
674741;-9.741798517655823;-5.805478840408175;9.694170406984886
679080;-6.258501540807264;3.0593004983740038;-4.913636396433328
679554;0.5522933151002573;7.891390537776377;12.979317789742138
683641;5.35707796236421;3.1612439583623226;-6.698346895781435
683647;9.980388005984498;-5.996510659853399;-13.131021013000352
687701;1.3392081168694918;2.565270426800292;1.218846232193223
695889;-1.4127732616726647;6.8464244697239875;11.579241003157795
697914;5.695488194726928;6.545750008055101;-4.165907861642432
700229;-12.89029093542804;2.746331316363714;-8.900186325009088
701303;2.5308417403234844;7.314286731458697;5.511303422162445
709216;-1.6644841099757544;-9.647303488166793;1.9454694349357708
709622;-0.20859178413114202;-6.713952905819713;-13.090632635891145
720555;16.073695144174827;-0.9048101068028699;-1.0719330504841325
720560;-8.824737913760597;-7.140523137962455;10.240954280639183
735220;-0.13135235593771563;-7.108145148597491;-12.07263105326684
738725;-12.66185557819713;3.4081637137463274;7.670592331953024
748666;-6.129057922394972;-5.62533553397952;-5.249063366527469
751325;8.065713460092665;-9.04277942754229;5.614944844640192
751338;4.406874760298796;-5.520195383620238;2.163598475266842
753225;-13.160997673370979;1.64508580848276;7.378780919067963
754480;0.21597013425136785;6.340769137632489;2.502602468815878
756720;5.97669706722522;-2.541964445999198;-5.0388109271129125
765151;0.8978549659478592;1.0154521418865048;-1.9423643451727903
768776;-2.4667704662816314;4.624751471838868;-1.4743067914675474
771933;-8.921917090763875;3.000084450818948;9.433592567260613
773637;-13.089852519378976;-3.989679594111613;-5.734450388482009
776772;-3.7423274628305325;4.169304049463777;13.190323535734821
777194;-3.829261302391797;3.5553021514698826;4.18428764848426
781581;9.28523270048313;-0.7819361050224671;-12.051665684844748
787355;-1.962787600957971;5.545724749049516;8.917499234181475
788402;13.72153451750466;-9.697330825092143;6.626331207460487
788925;-0.36456815275301074;9.288949293300547;10.484998276333277
794290;2.8537095705306545;8.393646790779131;-7.718310334755755
797056;2.4942196332624236;11.865837095343906;10.677950948699978
800500;1.146241776693279;-3.202614840701478;2.757726852544695
806571;9.047441201955989;0.6428170573984573;-5.519661813364272
807239;4.111988878800911;4.8160629556941155;-5.792898673121954
812638;3.34243364074615;3.158937252664611;-0.6083308741268256
824495;-4.7539758796139795;3.420767274014214;11.399698554662706
836988;14.484203545147576;5.625444876455619;4.619360046671199
848277;-2.0594651430678934;-8.321331462018874;-5.942290985202606
860447;-6.840935792834788;5.1700907631646995;12.982949221592591
865231;-9.170648093750765;-9.316823213746186;-1.7532445734256068
223488;-12.146055577337528;-1.2044353669598094;8.379421229501608
865905;6.505065670301455;-13.50467894904066;1.0758954010302815
872616;7.120232749056284;6.7276123043724345;-9.376184613198555
874802;8.606735300667516;-0.9360873775277248;-0.3641640324236771
875742;-9.315126302626721;11.936172694464789;-4.049242330911801
876064;-7.091137662399208;-12.688331176592653;-5.525178351557478
881394;12.476990043581933;11.64538373886825;-3.1292678551655224
881999;-3.6512938061005227;7.409396812375786;10.854310900318598
890084;5.09822174095352;-10.705006903314796;-0.8707037309301892
893339;5.459387824784457;-7.62088723992118;0.6580653388069976
895060;1.8846304664223605;-1.6522188279933;-8.876414850157099
896065;8.074731585945958;-5.878091706867819;11.198590405496939
896810;-14.294583715561982;0.9604561619396546;3.7289485172153065
901789;-1.794136031061865;-4.137737454867369;8.329550021015688
902391;-5.207967417433506;-3.6905674682069933;1.4449930198582728
908017;2.1027599010171674;-8.51955202358265;-12.873774964687222
912344;6.524479742343887;0.8649466918580629;0.5369283644811915
912863;4.888227412864755;4.980449906179856;-1.3504488388234959
914861;-13.759027421737157;-7.8081677713402255;-2.992327968920649
915893;-13.007751039007823;-4.609837788920892;3.4155777118793442
917833;3.048487683994735;-2.6351799582438735;4.676827403136136
920540;12.074434152752517;-8.391517766605082;6.503938076016681
924587;6.9776669821421065;-3.1599294830667146;5.1571336797469245
929250;-0.1321581406618611;8.080248649824144;2.294411765897772
931552;0.4415851094196078;-4.609318937844401;-8.927865742011665
932286;-0.592768561652613;4.314903281562241;0.05896354627367254
945159;14.14791865716404;-9.918267811750544;2.2095349316681268
958449;-1.7407452302052524;13.147628452927906;-1.6174757818977066
960203;-1.072399070220008;11.608867557330912;9.668543264149095
966185;-11.637201977820125;4.746942740249876;2.965685991228562
967563;-5.2067846262257005;-1.5109296870560802;-7.556409348546333
969744;15.952093694312778;-0.8691802958545354;-2.9727267530248933
974492;1.5019412624042288;-5.1726256161442725;0.8433074610006354
978525;4.111957600544527;-8.741365852789771;3.7156804911311236
989473;7.609501428912352;10.71539128443435;-11.67683652266622
1008015;-5.824992266912062;-3.096958467690612;-11.12608477877347
1015718;-2.654902607370297;3.9612347797763396;-3.2006545614064077
1022668;-5.126858430306949;-3.955045101964647;-0.6309737033240764
1031699;12.550065512825075;-6.86656398704054;0.6926309005107976
1035143;-9.74156511352415;-4.8576383294909755;-1.3952623006835922
1041118;-13.02663154079429;-0.24603926589572755;-0.17838393736235578
1042165;-1.7864945427532137;9.700114852752826;-14.428559789882584
1042485;0.2304293132200894;-0.8623243123291124;3.457568113968899
1053447;14.304567524725824;-11.157705781765438;-5.1648638773961615
1059827;-6.513364133415419;4.314807869738146;13.469745079296873
1061663;1.2842389468566853;8.916906261522628;-6.417452382901929
1065291;-2.4779333868584112;1.989259256716134;13.519973227885059
1066522;6.10043227242615;-8.680373778525572;-14.149734373089267
1067706;-4.273463534490543;4.58748986899812;0.1329660445535872
1068669;13.6645723443067;-2.8979233572483936;4.4563503908363264
1070686;-12.703230140331154;4.79295016412363;6.079491085513196
1070939;-13.54806267917301;5.475870677371456;0.8428645056933121
1072514;-12.125164856182774;3.0821160150875944;-3.0097899097852205
1086818;3.026703824056842;4.866778414259917;7.21322063970408
23849;14.135610269013123;-5.72267609627204;-7.096064382043455
1093819;1.7229062417878818;-1.73371038236496;-0.9795511431984696
1094087;1.8019774110846354;14.123840182283002;-4.076098788076237
1096705;-9.319483179751295;10.120575574043515;-4.833537250155746
1097060;-5.063711047619638;-4.672383787989656;-9.313357898349805
1099492;8.492118627151296;5.670210106718686;-10.162129920441126
1121365;11.115252514049894;8.651237162754978;9.473748591608107
1122814;5.802901932630102;-12.299125581546983;7.976727083522123
1126204;10.398892127774987;-3.662556606823739;-3.4927495813388525
1133749;0.7176441089991136;14.860020995090848;-2.1557482900206355
1135348;1.3147717819374718;-15.093537623350489;6.619687600667488
1143726;13.017637070765154;-5.243413830034008;9.139326731198109
1144254;-0.24361947221642508;6.930519873229009;3.0548185082238923
1147272;-8.165439055145104;11.727418982931766;1.416288911405999
1148332;5.780099295198553;11.425477094773093;-8.700939100676935
1160928;13.579578545168728;0.6692644002262377;-11.840469640888852
1167883;7.996043903843024;12.236802472910268;-3.7562594290460303
1174489;-3.57733676314383;4.032095012508506;2.3516399356962423
1179643;14.98995875738551;-4.961300779367972;-2.48763332613238
1198617;-8.621279427043676;6.974809358584047;-2.828180730786358
1203540;-9.769735520299212;4.3801657577716;5.253162132326252
1209260;-7.7561612304604814;9.840495872884942;7.347200919504532
1209706;6.480853671435182;3.4297089127027345;3.7956064242073846
1216587;13.932400431292331;5.386263992523041;-1.2232626431419242
1216678;1.8147806002241507;-0.50781359749263;-6.503324601643565
1217263;-6.34845044657847;4.611783874721468;1.0579379363602623
1217679;1.1199846004074647;7.3258029123428745;6.147908460137508
1226967;-12.27329447293847;-2.1586252325017545;-5.154935790840331
1227962;6.031154877172518;10.49697232883612;-0.08027933301873229
1228092;12.241979418605588;-10.60593105489918;-5.3395169298806735
1238371;-0.07069604652763303;3.1993955458763215;-5.154927379880631
1239172;6.775973219907231;5.945584927295099;-3.4127261336985697
1242629;-6.69682714050065;-1.2746108950039017;11.890986916216724
1242912;-8.860776773334964;-7.696394002202588;-0.3227986040662023
1249229;-7.1897982196796395;-4.352086031655802;12.051783438280546
1257001;10.007592203764029;7.792253709902936;-9.248887892249677
1258972;9.641309628010616;-3.816611744688051;13.710271191096462
1259592;1.5415194275360866;-10.137778089369842;1.5524511781423627
1268882;-6.157827084363675;4.236771511326976;-14.8834318500457
1269107;-10.545470973836004;9.699797339024153;-1.523640881323877
1278389;6.617250525094427;1.303879326283544;5.336886402234513
1294399;3.897596933001525;6.812465219935433;1.1834477883472598
1296929;-7.336367077726013;-4.328319287968646;3.3825702147493373
1297342;4.082179911939302;12.352460528374339;9.132447617533511
1302391;13.002566733722766;8.020524527734715;2.8354257211979035
1309806;-4.517709918902416;13.735308515383293;3.3331558265121224
1315398;3.4461089699051866;-16.94059173304958;-0.6150879631651516
1345418;-4.1442343955506;13.47274989464968;0.697513922590978
1351428;4.768840148143719;7.574562828003734;-8.016772188338573
1351496;-1.0888216004554085;-16.618498236819786;5.977014055268911
1353346;13.218181685631023;-5.983373266487056;9.947576852194988
1358792;-6.999874544174884;4.641721108718501;6.495165970734612
1364956;2.073073155913698;-9.789689470817384;9.918867092629165
1365367;3.1070671270375003;0.5813581748709116;6.440631936465032
1367781;-5.585846078188247;11.645440512846227;-9.085836181616305
1368005;9.61268292667183;-3.193903714877234;-14.158468103367703
1378037;2.666120987712598;-15.669963821727341;1.4816487707581332
1385255;-8.238209627099122;1.6602449862869788;-13.262658840524367
1399672;-2.676268022063118;9.932412943225938;-4.23322366338854
1402403;12.542940378589254;9.482141678018696;3.2987536871268675
1402509;1.040573181506599;11.103604386235425;0.9378350172478803
1404183;-12.000912902645277;-7.817184320138574;-1.922996533408708
1408067;0.17000553727593026;6.877051402416417;7.253612170923172
1409698;0.32266751137400385;4.53185505037781;-10.055110971958868
1417422;5.429243996589793;-5.196163161179606;-1.150318332301604
36108;-11.434035246267795;10.094101027017956;3.2189872994424147
1426222;7.212306473521691;-5.2138966183369915;5.463097583697118
1429883;3.169412577285919;8.470383130231678;-0.5289948910207689
1432431;1.290658086162692;6.92141868914868;8.725150573858228
1439894;13.519963765555396;-1.2586591156692077;-0.6000188746245939
1446260;5.5895027429178015;-1.0034030478525884;4.561273958983334
1461738;-7.81548846038907;0.887394097663535;-14.041051105956381
1461850;-1.5716834946025284;-2.578264571009245;12.675583315797413
1466085;13.24526602723483;2.399384748433017;8.649470861217988
1469060;-4.925666697229165;5.254439546830683;1.236100264647711
1469328;-1.1799521146432128;2.8653427163231595;-5.936567327126788
1473266;-12.221543940644594;-10.152312227731358;-1.1937271638918086
1481521;11.256920411016104;-2.4284858804673775;0.3937023700858784
1481950;-12.27380438737028;1.4115053094978969;-9.926085798791648
1482800;-7.52062965166772;-5.209202251454456;-7.500708819303366
1504060;-7.133778073968075;-12.739431962249707;-6.492408753007972
1505975;-3.3351079576899827;6.180758514615631;2.6374172735240604
1505980;1.8853100456818674;4.760375042890699;-12.740302496578654
1515175;4.291892210035627;-6.188180135180875;-12.703577092418778
1516787;0.9904809224860659;-3.171638064654028;0.036500887389916366
1520361;5.080538749554335;-3.4776747759741236;3.034168287948058
1529978;7.034261701538173;13.23188524172217;-8.597245109701065
1537010;-9.073463659897676;-0.5428979774176095;3.2961754651363417
1546918;1.758203491274955;10.440095316605124;5.588620643519269
1554996;3.305667233157737;0.6707223875217262;4.069150809679096
1559280;7.703937055998501;9.992556561930403;-4.166368624528495
1561239;6.5632053778574075;-14.005582088901685;-4.2001554496432
1562030;-13.375188018980056;1.5743648822706238;6.895617018899117
1572658;3.632762096299114;-8.392643258149931;1.7091540598359705
1573631;-2.5466793145960023;-9.127844719837713;5.136793350767536
1595522;9.558331305090745;-13.193563857959228;-9.948162465264097
1599724;-4.44374288793108;14.008763534408192;2.8789640027147403
1602703;13.021809958146292;-7.418668318390039;5.7691787153981275
1617770;-13.192310624963936;-2.397878135276763;0.1741863099317874
1624144;2.3220273121751283;0.37921659474263686;5.713915030374578
80065;-8.431123924462192;8.495015151397967;-12.668212160990368
1624221;2.697702301488482;-5.38232608632852;-14.9681501902535
1627771;-5.973527712473281;-13.749650253041672;-5.662053578549658
1636340;3.6376974897455514;-11.280472149545929;6.175733491879891
1636502;-2.7283237144886083;-5.892845581551496;11.746830426549291
1637089;6.653094881225733;12.326516923179838;6.150365511739856
1639446;3.175398026482397;1.6156638771885936;-13.689977648080404
1646873;-4.353012025750269;3.0300040743691103;4.577155427951786
1662670;9.334603982551883;8.708096301696614;10.17536036004915
1662950;16.56834053001909;-2.9152743785819215;-5.069319054999581
1663630;5.298057206779688;-4.384147032977074;9.359390029417678
1669579;4.36053326361946;9.92153336685405;-10.188823152418884
1670939;-4.5923866245984355;-8.320215432803687;-12.303277441528872
1671291;10.45176342044888;1.4005949805546067;-6.29429543118037
1685175;-15.184562080593327;2.374898867691514;2.2086722826139007
1701127;3.3622666837186355;-13.205449595385222;-2.23071188829517
1705169;-2.768500503392861;9.855240285238958;5.8942249789422885
1705207;-4.616186486439411;-7.9094146987283915;13.54869139841058
1716913;-0.18835416085496415;3.744230179620156;-2.2928252486243688
1721677;-1.025354272746386;-4.612670705284832;6.9340834917168825
1739235;9.766647646719369;3.5885953583871966;-10.122983211257626
1750835;-13.338477333999656;-4.503732480936041;-10.184738580114596
1751390;-13.95376111482032;6.837573511694733;-1.6463302362546168
1754350;-2.3180633845740357;9.42236919291099;-11.077635548161824
1767060;5.8151903447517315;3.990679972630926;0.3704726464623767
1773701;1.301471820490678;9.632167966186731;10.973088370461388
1781727;-4.954198775271325;14.008597417954118;-5.037808445853675
1786113;0.9278359632195817;-11.202878943573952;-3.7518767933573742
1786226;-9.451292380579199;6.681336255473264;-4.372196636298386
1786297;8.821311499052829;-0.92257089957928;-3.8978313885031612
1787254;-5.4817431042969655;-8.53923945181533;-13.984778631453818
1788806;0.053492011643158276;1.8450976416201352;-2.0848006621603363
1817353;-0.9740037867232382;3.935448091548741;2.689981303326417
1817416;-2.6806664283012114;-4.619186044942406;-2.1289390130832664
1824270;12.713543028293257;-7.6613991530009775;-4.901746979212465
1824766;7.1310240103513225;-1.6656930540113772;4.628361350605091
1829030;0.9386648109907786;9.669051075840981;-7.4237301390744665
1848246;-3.936870857950486;-11.043524901098671;4.9830357506026095
1852290;4.350346802895347;-11.703373100519567;11.312080536098348
1858744;10.031193356682094;4.0667047974613535;-7.919773846968845
1861104;1.6149555166763634;0.736218464994626;1.8890035083601087
1863091;-11.885917210257578;7.256530773939055;-7.955534619188132
1867962;9.68854452631558;11.063342173521718;-10.29622900504734
1875370;-6.2473459798202216;7.5078880990922565;-6.903098041867242
1885309;8.950499634564235;2.5580086144693466;-0.5292632203483841
1893831;-7.916560860363463;-9.746731545519845;9.819654566118425
1906733;-2.97017902076328;-4.80079548678376;6.971250471261006
1910531;0.46530224158665945;6.730954083798222;-0.5502750133253821
1913487;4.232254300283121;4.981642685402305;9.80547894491412
1916731;-1.8866600047137096;8.916033624453759;-5.527908759350075
1918351;-1.2515902297263797;1.969136035634;3.1622256750648012
1925284;10.063443078911632;5.829297101223494;-3.396456972056448
1925964;10.636108526932643;2.1317285604362533;3.586933668161475
1934011;1.5675922198147285;8.33753938136068;3.5704905047905604
150264;0.34744189460427705;7.794958884816433;11.740647319799866
1942474;10.533645164497871;-10.661521190296085;-9.515947427792726
1948579;-4.405310321794605;9.346782000827451;-2.1785961363605724
1953262;-6.411070567229591;8.57264830942852;-6.157993200817749
1956299;3.060395763032432;-2.8378811957453083;0.9352966158946839
1957946;-7.266509851938066;-14.816546847141723;3.3025225855999176
1958525;-3.231074374216226;-1.4730402849264783;-0.7739164520804314
1971457;9.972603662782193;0.6388430103614755;7.525096922638357
1972062;11.809639268108679;5.0960159667722085;5.2241621946507815
1976333;-0.420180301208505;0.6870624509256937;-14.435707002887618
1979003;-1.5006275756360927;-0.8714222108783084;-16.316171547254843
1980734;-2.7261568409959085;-12.686515460667426;10.4331720454021
1984042;-0.4190833937845106;-0.47295506497771883;7.632541675955425
1989003;-0.3351660989221978;6.078726739550462;-3.6551481283830256
1989825;-5.0831782138451755;4.218450075518066;8.218552162910372
13288;-11.125668436268322;-13.610789513875323;-3.9521330700110293
2000291;-2.649647334612771;-13.543964439059208;-9.398375878996916
2005462;2.3179133015118896;9.64940517672182;-1.3323642240986375
2009123;-1.8468649945270876;3.5416154172981362;1.7833772308144191
2015115;-9.41980595294243;-4.205303219822061;0.608176914137943
2024710;3.5535981436031703;-9.245330056296599;10.939500254269594
2028999;-9.106721645921247;11.005462154346503;3.0992383634542797
2029220;1.971204211771471;-0.766220555376221;11.426625190772137
2030217;-13.77221580654668;3.133578209169257;-8.13717139664851
2041825;0.5479014142138068;12.001096892388714;6.2331966428649785
2049211;4.403717233458936;-0.6552407676921349;-15.52128749259115
2052233;11.27114334386872;-12.528842558762172;-3.3490512261325773
2059865;-10.183806014957863;-9.74386656237205;-1.2833670983152872
2061706;-13.35156058181293;5.207554754723228;-7.291465695052803
2062766;-12.432735779120637;1.19280879222957;-10.938523531574438
2065664;-8.875809261058702;7.306256367685168;-5.51580749108177
2065941;-0.6202871847615521;-7.233600395057062;-11.02145979969581
2076917;-0.026308192370478732;-2.8113990262875204;-13.3417081938944
2077548;-2.3539900104049067;-11.08073183270137;-1.4263393511412146
2080648;5.811396476242072;-3.1294668269309245;6.078230492928165
2084020;-6.334339484626858;12.391946830055723;-2.6322689776602184
2084375;5.676430537101782;-7.000994778869922;-5.859312662282734
2087311;-0.22817041200035984;-8.650781393876237;12.006125594919322
2092142;3.7258001898626185;-5.238225844954082;-8.120470910479275
2136271;6.925310860749833;3.18533557536789;14.315680505229386
2139588;4.38256472118352;13.973090551580773;3.608465724993351
2144588;-7.40200830996436;-12.963001579294195;7.469858996178888
2144857;2.2714377551623355;-9.342640654545187;7.482200502483623
2145080;2.2552324642454353;-1.0845664433747049;0.9596421387461936
2145344;-0.9988186805523788;-14.732060859695634;-3.655429895532974
2146955;-7.484159204723749;-9.241668134717232;5.140311760347021
2148397;0.6053168592868461;3.2042857304143713;13.191780734502839
2149305;-8.89714786581748;9.190516883301976;-1.057079295654018
2151626;14.256555664018576;-7.6832255934223515;5.9463855455215375
2156830;2.2574224678773103;-11.978623859440406;-6.657217828533653
2159997;10.504411822690727;4.512339521133997;-10.099940335789647
2162304;4.315485477678973;0.04813843579413914;11.23589511450615
2162471;-9.74591568242895;7.561530045948659;0.06258271898608737
2163005;-4.655494580912153;-12.581600303480117;-11.899952999256872
2163063;0.7379042710188624;-8.62183297332893;13.43733344609311
2163870;-4.8138981849413405;-8.514045999089069;0.28434619332168487
2164147;0.8998649881842796;-0.6835855704597262;1.5120928964983344
851504;-0.46560782883732055;-15.6598454372083;1.3660821844807993
2164341;3.367604751860708;-17.63906095667273;-2.9956129743684614
2164712;-3.095724685039625;5.815913161600946;-1.2266935261720324
2165076;-6.795184377546901;8.993264107788676;9.176067905907422
2185716;-2.4066352585368658;1.0917098451636247;1.1174289828711326
54857;-13.448910080750132;4.988789372722358;6.720184375587415
355620;-8.628261049279617;-7.528078082167008;-14.467428937395985
2227696;0.11265842303662515;11.040997407708835;0.9969836457040909
2281156;0.23545898498238207;-10.909762254880453;-10.577850014570929
2286113;-5.243921641725893;1.322538120429169;14.595366994021985
2322768;9.167363613987934;-11.705474789074593;9.996131219802884
2418357;14.221277996297054;2.099789780873122;0.8505542255989927
2460745;-3.4549562481395735;-6.06540851055057;-16.152377569427948
2469084;-9.871558598426827;-12.960499318783459;-3.0979267794260688
2472288;6.310178477203766;-8.993022292697303;-9.612399056781957
2488666;12.511175337912423;10.890848109255188;5.065160886797917
2521031;13.573751852836587;-0.4085309906028269;11.382742059907603
