1192;-8.882250724316858;-0.6787851958742198;-15.54261304457248;0.0
1068;-14.66719957519303;-4.658084649212183;-15.704039176419776;0.0
1924;-33.62847200881806;26.188122295646462;11.218799761720785;0.0
4419;-1.3387928687499135;-11.633816167225943;7.582855025370946;0.0
7250;28.600267351393136;-23.16341562053395;-24.891269799989264;0.0
9385;-14.336648426320089;-7.583860849615565;-16.750121702956676;0.0
9890;-9.300342554018973;-34.84490119586711;19.45941122047952;0.0
11437;-32.626026267887106;-19.00099649630853;-4.582924599060233;0.0
12797;-3.470176574477014;23.043036443389898;-28.27316797817292;0.0
12925;-16.860461288700133;-9.622823129019197;-23.947915900375282;0.0
12945;-20.036318701754322;-6.553569763719181;-19.030001536644743;0.0
13026;23.20708038270829;33.59475358281633;15.29769284268148;0.0
13622;-12.511908726083444;-38.825934905022876;16.52454130313075;0.0
14477;-3.4110500955039367;-41.49645822427531;1.8496579967339197;0.0
14991;-17.5880212585557;-14.026907847679189;-13.228609790749754;0.0
16180;20.63502392646019;-34.9588430978456;3.994786856956192;0.0
16346;0.3049157030197971;-25.12171146162792;37.71347197499376;0.0
16636;-8.410746962790398;-1.9708897931051967;-12.598625430362556;0.0
16638;-12.260231516816672;-7.684517878259831;-18.608158848451605;0.0
16643;-15.620510468719967;-9.514699687157758;-16.23221413998841;0.0
16644;-6.950904977999728;-5.861059771299111;-14.086924247970684;0.0
17148;-19.619987397534675;-32.45960565247282;7.7498471621109815;0.0
18432;-21.07804354470957;22.118345579329382;-27.151379525346016;0.0
18650;37.629512961027714;18.450726704796846;-20.814003356648012;0.0
20910;-22.10982338370974;15.445898047636595;-3.057442923731001;0.0
21461;18.6284951492385;19.87206427206421;-33.91740334944446;0.0
23235;-16.322694358825203;-10.493959513978318;19.262393564765684;0.0
24309;-16.15821611658794;-12.257115459984668;-15.074044158292239;0.0
24448;-23.316900403610155;-17.70130371285063;30.642055930313273;0.0
24492;10.778759648005298;42.36196265957333;-2.4122141645316932;0.0
25427;-33.06589252721329;16.882438881499443;23.683638577591154;0.0
25842;5.7672430136270245;40.86187504893125;-2.0597395441971105;0.0
27897;4.89143154425674;-5.0079153173063995;-38.60812266568751;0.0
28159;-25.9701128881148;-33.91174675375883;10.034900662625509;0.0
30590;-17.13094807745005;2.8307780988254465;40.90125539948878;0.0
31079;-28.587717862142394;-5.217327925036042;30.91299434081011;0.0
32155;-17.41995668669392;-36.03239195345708;-8.822984362501813;0.0
32230;-23.085680726926654;33.96813952233461;22.607364004887636;0.0
32814;3.00008096689302;35.03738531528368;24.36891263042891;0.0
33000;-23.006509702808497;36.81266643925347;8.589447293403058;0.0
33064;23.613121638629345;35.039122526959154;-15.360283087265165;0.0
33489;-20.748215789962227;-5.817163203272369;-21.268426757061548;0.0
33970;21.428627248769708;23.7559167081442;-33.08322734187684;0.0
34670;3.5979898585628316;-8.073077109478886;-35.05120574007;0.0
34946;-27.523158810507987;-8.053491513277212;36.992156108760085;0.0
35239;-25.620552327127335;5.040793780147553;32.29235906218216;0.0
35243;-11.978787238779354;33.48498685061617;30.278120742041782;0.0
36348;-30.41926652623897;-1.0681730247729373;-16.31809021499818;0.0
37148;-12.827156692045211;-40.66264191544417;10.674961916504492;0.0
37153;-15.68997095917054;-7.280281777108919;-19.973744443781147;0.0
37654;33.58977375364231;-18.869270822354654;-24.96005219171068;0.0
37941;0.2474974808065429;42.065437678954446;-14.701300347629465;0.0
39454;17.879347926323593;28.59689417657542;-25.903315500531768;0.0
39533;26.16339900249198;-19.63349874785113;18.01270023789691;0.0
40223;12.651433201531358;4.031510765733891;-37.69572150845694;0.0
40328;-9.639634382188529;-0.34371939072449553;-17.744687377123498;0.0
40636;-38.327000784295485;6.668131146854953;17.546272225207534;0.0
41297;-36.710783770470066;0.5599491013306162;-12.435567332025645;0.0
42156;10.052791012004299;-37.84247326407314;18.500643563898333;0.0
42328;-15.98306947627001;3.2558597409188907;-20.179108442399006;0.0
43476;-12.992121193685499;-28.336871956622172;35.0695157379747;0.0
45469;35.33388098711663;-19.767450557318597;9.980251100704143;0.0
47034;-8.582839494392053;16.399961644075066;9.572699110089845;0.0
49528;-17.88335257225647;-30.556085267857984;31.05054047320735;0.0
50252;39.65436905498214;12.685640551371197;-15.15975903497936;0.0
50412;-15.757598318282573;-7.817215404910992;-14.856415764977744;0.0
51381;34.446301707138694;20.773966222842013;4.046908536090586;0.0
51388;-0.13591051271733467;-2.743713685767731;27.576892472868856;6.0
52355;11.341859360560429;-35.54213856223689;-23.786832148436417;0.0
52424;13.483137945557564;-37.4755992039028;-19.952426298665397;0.0
52430;-12.540835165584648;1.0117505310932373;-5.555597942350468;0.0
52597;-25.617805294554614;23.232027488409923;-16.696161563613575;0.0
54216;-20.70484678008233;30.61907517770443;20.859778351409737;0.0
55709;36.76154658771107;15.187192058615373;0.8895941757474364;0.0
56002;-30.24045628767905;-7.674923247518447;-18.640402509633734;0.0
56009;-15.445426442626534;41.88156767816795;-2.121067013077659;0.0
56630;-15.075343070396217;-2.6477255800284945;-9.289258504065028;0.0
56664;-4.680164822762266;37.83274274714242;0.07044648755129562;0.0
56848;-27.899448984269007;23.99209756295613;-12.735097795420508;0.0
57084;-33.76128077563402;9.421061446636372;-17.774239958869693;0.0
57213;20.673724846071018;30.027807723538576;22.120041492261038;0.0
59828;-7.901582743553831;-36.40211962360354;29.730779164688606;0.0
60668;-7.816013744687619;33.647847780756784;30.401190998621768;0.0
63182;36.796711801963994;-20.69645380956432;-12.186682450728041;0.0
63742;31.657282966347367;-15.044392992447891;-26.8295317536785;0.0
64067;-0.10514488445095506;41.29582093349838;16.085254558435572;0.0
64244;5.972421834006469;-42.00537864770159;11.656311992649298;0.0
64926;37.38995893139807;-26.966552992363976;-1.990085049566906;0.0
64960;35.18930074609477;17.485015530383933;-4.349409178496544;0.0
64985;26.045300581780758;-19.767554470286914;-24.39152835543109;0.0
65278;15.116834985758672;20.000219603004076;30.06686301301572;0.0
65599;25.194719647394283;-12.500077302088133;10.329022988906424;0.0
65670;29.32735971289127;12.55223761553126;15.859106633936523;0.0
65866;21.933252602838834;36.71992811168207;-12.622240318521646;0.0
66498;-9.353534669948798;-40.623823760689596;10.150475863311154;0.0
66994;-39.36695111348407;-1.9085977987238483;10.538333681994061;0.0
67975;-8.760528005781154;7.240128074267947;-36.82416614108069;0.0
68507;-34.760776986925784;23.607880694816988;-2.1257742372370365;0.0
69468;-19.47840198154845;-2.3018199578689913;-7.1091277927659835;0.0
69808;-18.912737084115157;11.2886186186903;-31.005396949560787;0.0
71234;-2.3207802444616346;-17.58141612397978;5.309525372285169;0.0
71277;12.406418412194837;-5.704387657752373;22.997455952389384;0.0
71331;-8.104015197469327;-11.242050954490763;21.813379668360948;0.0
71648;-20.607445691112037;-6.747525983520256;-25.856541342613138;0.0
72717;-29.852328028835007;30.385774577219475;22.058361152258907;0.0
73327;-11.00755002599998;-1.2449827721655395;-23.042972496947858;0.0
73841;-32.75353813775392;-21.29335654393513;8.879176632337444;0.0
74040;-7.499116493408185;-7.010014804253523;-16.29761136693423;0.0
74492;39.78069791567118;16.387725225946824;-1.5247765991948423;0.0
74498;14.516603039749054;-10.0820258598666;-33.684798166516714;0.0
75808;-3.924315546445217;18.005210510872743;-36.12665700233223;0.0
76049;-20.760601416455238;-28.415334241007695;-22.897499670172493;0.0
76051;36.53919148655564;20.030051950434206;-7.180968289856306;0.0
76518;-38.643250577849244;1.3691713421088911;4.828890591722129;0.0
76520;-36.377971848427435;-3.82512828680476;-2.9019754678971066;0.0
76701;11.582006226996503;12.499738918832326;-37.39498672040362;0.0
77293;-27.5284796873729;24.80133445812737;9.181814493150284;0.0
77333;33.343585280650814;12.688973759662636;-27.2049852948228;0.0
77398;-25.62556679395746;9.99149901341582;-28.795578436434976;0.0
77587;3.4962633922862905;43.54265910769634;8.062324781693032;0.0
78198;-21.148838917137766;31.137963252784008;-2.4403374433819374;0.0
78576;5.789412445752458;43.26831554916077;-7.629311449405682;0.0
78625;32.44758372136893;27.901796351578966;-20.208230717878962;0.0
79500;-22.462237554673333;3.168589500250853;-14.207122243528948;0.0
80009;-25.633360266581327;13.91198676580693;-26.851870377431833;0.0
80063;-7.8321329108436;24.45313009459821;-32.715524642395046;0.0
80880;27.454288492428763;-17.126850176289192;-29.696016280133527;0.0
80967;15.287071072214795;15.416122985560792;22.552058325826568;0.0
80970;7.325775007860398;9.432546494070621;0.9200656545436027;0.0
81645;-28.74219647950534;19.993639780561463;27.707753537637625;0.0
82663;4.759018779105298;-7.551082969198873;-10.051450801156502;0.0
82745;14.084022678163027;-11.881824449380556;35.62450424402206;0.0
83047;31.93129613493239;-5.786488228246578;18.025139153091622;0.0
84003;10.097201816002462;-30.67838017382821;30.941229359406734;0.0
84372;3.1489096496580444;38.41163390033807;-16.213199399003717;0.0
84439;29.0142912548291;-6.653512057651874;-34.08855333713477;0.0
84607;32.51204972825251;-31.108134902006505;-12.540785873535574;0.0
84643;29.24367780017407;33.343297521661626;1.5497685007113424;0.0
85058;11.787471474147596;-7.6401390474826885;-31.811047515107507;0.0
86727;-9.334856980002368;-2.5151591102780815;-17.647255647149724;0.0
87215;24.333345086478136;21.68681100851425;-31.035257273559314;0.0
87588;2.304228107604328;-43.217957726052695;7.068647696627089;0.0
87989;-17.187760494551732;12.871267747096303;-8.427177201742563;0.0
87990;-23.374244375511314;-5.673925837533391;2.784175630442609;0.0
88438;11.532153314337059;-29.186786782237377;-29.00245316974608;0.0
88784;11.222444708917179;-38.1580809287714;22.801305570295742;0.0
88831;15.92687121145544;-31.160581642221278;-26.80549854921105;0.0
88871;14.058930360749258;-6.978788291165122;-11.655462037857157;0.0
89593;11.991202174058298;28.807459152479364;29.34860325382464;0.0
89792;-4.5470083471677;-5.4438438746312166;-25.83364052305685;0.0
90559;38.40589204272971;11.38412929096773;-9.757947289924097;0.0
91122;19.23536953191523;-24.488649678717454;-7.2911493417122015;0.0
91123;-31.040317035785886;-2.199783751013809;-24.192209960021287;0.0
91365;-30.905360734291346;-26.437055136775598;13.475872031080543;0.0
91751;9.573675625548528;4.0868014573476055;38.60832516275398;0.0
91800;-13.180825811933875;-14.993887293192602;39.698406838068394;0.0
91851;-11.685631436325552;32.79092815530289;-27.277428620351124;0.0
92221;27.93262652994846;-30.969789439083737;18.86821437384342;0.0
92881;3.9505019475157983;36.47351316170834;-26.14523821295205;3.0
93546;1.8945350768719729;44.70180294041611;4.308596694080785;0.0
95335;16.04341893094714;35.79573416476492;-6.4331053246524075;0.0
95844;0.6746585687726011;5.994366121367213;40.45089925923263;0.0
97594;-32.26683110963198;-11.177985945087483;31.796723512090104;0.0
100115;38.43105763210832;-5.925019535516529;8.247234578271481;0.0
100607;-21.707496350297294;-32.852279437572015;1.232215049028611;0.0
101225;-12.293177256643723;-5.711767476829282;-15.133041412163688;0.0
104658;27.004843588971703;34.51221183783839;7.467834693291769;0.0
105664;-1.3364056181772757;-18.0860787801401;37.49538796327972;0.0
106565;6.606971037803186;-26.64511021482939;34.25184324132408;0.0
106668;18.2808250049439;38.62835105685346;12.066068803296503;0.0
110109;2.857654255528679;-7.265700656105802;40.813486243351065;0.0
112521;25.37160349938769;-27.23306577618449;-28.443105647899515;0.0
115387;-10.987241035672705;12.828210476121361;21.56572842050774;0.0
115786;-36.39832813247747;10.154812897520898;-2.5115118317009886;3.0
119262;30.21928468649298;19.17027738278665;17.581261586744844;0.0
121127;4.907504082798732;-12.521323507456584;-32.55876526859927;0.0
123166;-32.559852358113986;22.86401305002317;23.663500777218093;0.0
123560;11.542739114930093;24.542441958650194;4.600551502419986;0.0
124106;10.845040135181824;36.24637007070501;21.65287010218292;0.0
124132;-18.382000266212216;-3.518932072935791;-31.048227743553497;0.0
124268;40.16639620971763;7.4333235978522305;-21.018959696697852;0.0
124282;28.1322779797439;21.12599005406564;-20.100307774757677;0.0
124714;-15.926863218150183;9.146973007760195;-11.022492844065896;0.0
125923;17.288175059603255;-0.9931231323590364;32.23756761909251;0.0
129683;-4.160265594567901;4.391625820202142;41.07923166986707;0.0
130068;-1.7792189924983512;-24.06186313122394;-32.75991146647744;0.0
130081;24.184754870653226;9.473179795226908;22.336450906524107;1.0
131455;-13.780009302737513;-20.457307438502696;-31.784757534122996;0.0
132647;-28.558728808416692;17.141302072190683;-10.208796350670994;0.0
133694;-15.397340050428499;27.321812779998435;8.247966631811106;0.0
137256;2.4943340521802653;39.86322346356146;-9.940634281532814;0.0
137407;1.9012919177205505;29.72899932205177;31.485735977829382;0.0
138637;-23.672754360268588;37.3099859123193;3.9608912460213084;0.0
138662;-17.898250761034713;-1.4220574643219146;42.44598295554634;0.0
139718;-3.394617192116687;-31.321100533922102;26.472849157708605;2.0
140747;-13.61369926137926;-33.29479947424294;-19.877193309602994;0.0
140960;-25.16002337371633;-24.484932791773762;-18.795021009838646;0.0
140972;18.269237376758873;-36.576831961002604;-11.660451192553975;0.0
144171;35.88125187325575;-4.511077107827813;12.741208677288146;0.0
145444;-18.509875831468147;-17.95309416060852;-29.848547195449274;0.0
145957;-25.337456099337263;-15.497485507536428;-22.6266252061177;0.0
146175;-29.926111565211126;-28.805991048747483;3.5326029563029664;0.0
148096;-34.56404842241868;-13.836051698099608;9.786310201404806;0.0
149599;-6.257623631622526;-9.916940792538714;-6.681562564118856;0.0
150403;3.134409460870637;-34.866738905824455;29.082594048235205;0.0
150512;30.732228406897736;-31.69991659214378;-15.2432197995845;0.0
151630;16.000013951193594;15.404019789186801;-24.981420961093047;0.0
152301;-22.924983318075125;-10.846774016313441;22.082389027856184;0.0
152734;23.510050631797995;-31.909138692764838;-5.530169240007207;0.0
153498;12.624902089171645;-35.75423558831476;-16.409375093230665;0.0
155236;15.287577314880961;41.06224589619967;-0.584919728998234;0.0
155483;2.2893155974875037;-41.97531049776642;-0.816316798773887;0.0
159012;8.781758890647867;-29.265494194650728;-24.46104346680091;0.0
160799;-6.223367655842385;-41.53789018984835;-6.57879330456089;0.0
160868;-19.683532842096362;-13.478479180811297;-28.526078820884084;0.0
160935;36.10873334751488;7.289123038829995;10.119008218847553;0.0
161008;25.862168629512833;-0.3520503090472833;-34.33987884097031;0.0
161040;-4.617611214161001;10.277396228589085;37.56339233995629;0.0
161194;-3.5766670506856837;-37.880382846463704;-13.353224087461543;0.0
165147;-12.4007897930776;34.288937506578606;12.231542212038041;0.0
165926;-10.307551638773283;43.31178314313881;8.280196970817814;0.0
166241;-16.719864378130474;-31.173075178335232;-19.21141892493542;0.0
166294;-18.916032990315404;-27.133109493967602;-20.13852776383565;0.0
167693;-17.766864802554185;-23.369491023319526;36.064080079923976;0.0
170166;-38.53616160290959;2.2337113351697133;0.06103327257456223;0.0
171188;35.679948473707555;-28.46385093947197;-9.468927356831117;0.0
171416;30.820708967203174;23.049372470022227;14.362738574673221;0.0
171590;-22.036931100869584;-23.603542994498472;21.793574922373526;0.0
171644;24.338535406023876;1.9939143423657488;-1.8608719378982628;0.0
172149;-16.258703953604307;25.174949539062965;-25.154790423209228;0.0
172450;-34.4415670059925;-7.502323807141854;8.563206604467618;0.0
172946;-20.703193498112036;-35.373210713407545;10.204844327331045;0.0
175235;-15.248391468084645;8.705674614575779;-31.910417621605678;0.0
176940;1.5666145580639725;3.3829862668615287;-38.33153032394013;0.0
177206;-11.890914169673316;-29.01969472918165;-22.998793498802094;3.0
180583;34.56985689090416;-10.963187181833346;17.393735981021617;0.0
180872;-25.4555518556134;18.042668471516382;30.710278790666823;0.0
182286;34.29556928550538;-1.6772204207887458;-14.446167366057342;0.0
182550;-12.653183735382258;36.20956889330984;24.973965871724985;0.0
185826;31.29870595703198;-29.373981998010052;14.141316025797568;7.0
186517;-5.207583086766736;-8.541546745552207;-22.859398248455808;0.0
187094;14.565231644486904;5.957008077039264;34.17597345227634;3.0
188862;-25.795557752385758;25.250606173303897;-18.16500734066551;0.0
189033;-26.674109926295436;-24.46608724241697;26.68615850175018;0.0
189111;32.21478936355014;7.478008172555387;-23.17437710647398;0.0
189381;28.486178905484966;-7.963379652590933;23.14654708201029;0.0
189889;-16.593002630424415;-30.73127187470219;-4.1364019147827396;0.0
190662;-25.205057655524403;31.003923516958736;6.912507803988596;0.0
191971;-19.02201089582458;37.75477071881255;-5.78991202733091;0.0
192038;7.743932116222097;35.11499498044198;-1.317947744125363;0.0
192200;-27.093169612042207;34.36947805033049;11.985077970015235;0.0
192712;-14.202383545730129;-32.77359067620426;27.336168756236862;0.0
195440;15.697601901254217;10.818806773442867;15.92594398804583;0.0
195992;26.40547891658228;-32.069407127567665;-14.982022563758726;0.0
198409;-15.110565570003471;19.276609658162144;-31.671215297407265;0.0
198687;-2.9251450623426027;23.096791421231448;34.59161999667912;0.0
199988;-6.988847199720081;29.648775846075004;-27.972068162512944;0.0
200768;29.331550869280107;-33.06441643017615;-8.635200306575333;0.0
202448;21.4680848679447;-23.668318075851925;-24.92354143773979;0.0
203193;20.023662635100177;26.626192725725303;14.500790949736627;0.0
204773;24.083231900606307;6.935050923134713;-31.393530537275;0.0
206488;5.86791070001163;-20.970504280240533;18.236455499689555;0.0
207272;18.03031215380931;-33.83964181148631;-6.4756143881085935;0.0
208386;34.93508166575683;-28.34038368206431;2.555724634866892;0.0
209276;4.238945363467245;9.354304025579617;-38.53493063390028;0.0
209940;23.474496410022645;37.80809405817031;0.9805805539867973;0.0
210634;8.602244575116712;40.28556573333305;14.836980043249605;0.0
211466;-36.457960854116706;8.876351665038484;15.661153761507823;0.0
214019;-11.855374602290937;16.08828402112731;39.23209073165259;0.0
215360;35.87511301481972;-1.5164029458311976;-28.363556273999276;0.0
215679;33.83068930960043;22.50585435701614;-24.563570928874903;0.0
215984;34.01272617904839;26.602873589860657;-4.857298798599285;0.0
216764;10.688336048414065;-5.850651821748006;-38.0229194657753;0.0
217040;-18.253549182977906;0.8176679171528133;-25.952804717802103;0.0
217274;-31.644256543216397;-14.642854631820626;13.879304805053302;0.0
217277;40.2051983778617;-14.641567709674531;-14.132733880388516;0.0
217574;17.379979502677333;-18.954326251358218;-11.506560083127294;0.0
218019;-0.4969054864644849;-31.12659943714613;-24.962500807553873;0.0
219118;-6.962419334219914;-3.8674125385506417;42.43550106792162;0.0
220484;-26.064007580513127;14.199162243712262;26.88545824611439;0.0
221036;-34.624253997601215;12.897918759034846;-15.296299343131981;0.0
223120;37.17490171794068;-26.03967595931615;-8.122766159380598;0.0
224057;-26.65473415435671;36.553885846049866;4.603671888959004;0.0
227419;-12.105812849243144;-4.499320954123656;-9.565634360461747;0.0
227554;-17.80642899913258;34.478261605984265;-17.169190714226247;0.0
228124;-21.043694979810223;-36.77198850880951;2.0719474861753824;0.0
228590;3.1729601729535464;-39.71240578000542;21.715419048022788;0.0
229213;-1.972603191392098;16.782302749914308;-25.822343318296095;0.0
230609;2.4386418635046674;-0.9124178932134503;-35.75240245697622;0.0
231677;-22.19999719251175;24.62207393003807;33.49586840350365;0.0
231904;-17.034269050387813;-30.9473255868814;21.25922912714784;0.0
231951;-4.389058303943279;-38.15619983760133;-17.39942588214581;0.0
232575;18.364708082510028;12.935307444366273;-36.61748324709571;0.0
237090;-28.74146375985694;-23.10476873987619;20.02721299485105;0.0
237342;-32.19215765193744;-24.535996690179378;21.612369356672115;0.0
239997;-28.947411269758433;15.063530297446501;-18.39194793460237;0.0
240401;-35.490445857151194;-8.57172014067323;15.89491264482741;0.0
241005;31.590371008055676;28.817981006630355;-11.345690818212779;0.0
241045;30.156497273712997;-6.659223274256749;-0.9873079195222463;0.0
241605;26.863298139511755;-31.114604150393085;-23.605458723324645;0.0
242149;-16.046368460586326;-36.1470425951682;-14.044570387858204;0.0
243775;-0.6603925588500936;-6.975898045206578;40.89970469826926;0.0
243795;35.09459606543058;-16.40726486064328;-21.015888935262296;0.0
243816;-10.800546733696022;13.495555545271593;-30.570169471717733;0.0
243984;26.856296004108156;-23.651145791728567;9.423491411433968;0.0
244069;-8.491124309893326;-13.976171674789038;41.63036473834632;0.0
244091;15.11318071303948;-29.762030323801543;27.910197315402232;0.0
244548;-5.599446217491294;2.1831516811039493;-9.976781340114593;0.0
244643;-2.642638007760721;-41.04528143801294;-10.677156078797058;0.0
245099;6.816553503269502;21.50014201867088;-31.026115596782393;0.0
248436;-6.674409222024179;24.39855180631537;12.77439155183777;0.0
248647;6.4668444000260425;-35.55319596783998;-18.256237597978753;0.0
249556;-28.036843243866397;28.02099784841541;-17.900872565158434;0.0
250161;10.079122957841403;-38.905564211975666;8.652345280239071;0.0
250759;12.094414395949158;33.33591970091103;-24.374078970058886;0.0
252502;-32.41785129025448;-20.65175791101205;26.987673969283428;0.0
255704;38.508939069645294;6.856328856328393;4.4217222797600835;0.0
255812;-2.7043120197295236;-8.482979131838226;-4.859273478051716;0.0
256722;-13.142555198589285;-25.396169590872155;-8.526872369321113;0.0
256990;-34.21106672678197;-20.71563374552429;18.388685333840687;0.0
257032;-35.25229598481139;8.05208069489966;-12.424668460310114;0.0
258950;-12.895435505535549;-31.47842210352083;-13.093065981318952;0.0
259009;25.516705969686225;-31.584562539570197;6.483290625588717;0.0
259074;-7.769581300568649;10.909168424918374;41.17618246930799;0.0
259405;18.807447935075473;-18.66647933581144;-34.11437437754431;0.0
260325;-12.94837383402352;8.314321723170014;-34.89424919807794;0.0
261532;0.9685119120053174;20.90396267842567;-29.52682198779567;0.0
263175;-10.441348244897041;-11.372495035168713;-18.880293590301644;0.0
263784;23.617949595003516;-4.120130875826909;24.328706304995006;0.0
264703;-8.015528642184949;-25.122273657430874;34.97737157942727;0.0
265907;31.93142136338139;20.243481194054613;-21.490065125179093;0.0
266166;9.559527475246737;-10.282475974078794;-36.75487217782293;0.0
268206;22.75125415722246;-23.26467214707236;27.756869733996044;0.0
270481;-3.491410789887583;-40.678191558600716;8.100343605922083;0.0
270648;26.585386902397257;15.181947118150388;21.514910982347494;0.0
271257;4.595866093322867;14.397862490182328;36.737270919650875;0.0
272586;-24.404850530856507;-0.7536069876657587;-25.099383495614926;0.0
273852;30.178883857297865;26.352432678473363;-27.33391997302505;0.0
280402;-0.9811240154805578;17.376630307775383;-18.539260553803985;0.0
280447;6.2877290836488795;28.673179617496434;-32.45294989363028;0.0
282355;8.803003097690006;-15.143512642048066;37.570527697114144;0.0
282411;32.3802134802426;31.83903474124122;-6.673400733344476;0.0
282563;31.50005465197662;28.750117845013293;-15.540706641269104;0.0
283204;21.80723148440212;-39.892423007658884;6.729604993137988;0.0
285027;-26.421217734629867;-9.782000477654684;-7.998349030865105;0.0
285900;16.54937783477635;-20.504033636589796;26.86727880552887;0.0
286520;-37.313065999277654;-12.91581710171889;9.631506522961484;0.0
286804;31.242840746603044;-21.758737433636067;10.57005644611706;0.0
288891;37.07923784064586;9.110981818630894;-23.476611971480203;0.0
290256;-25.89273769324399;23.4466583922537;-25.034320655272285;0.0
293842;21.765622333895923;2.1302619785562804;30.622333781813488;0.0
295546;17.544982638626355;41.118153737589964;-10.637379393520623;0.0
302407;37.46115530130657;-14.255553680070502;-4.896143930759095;0.0
310783;1.3535300257327005;25.56294191171767;34.96426788767883;0.0
312637;39.01775824453834;-11.742458507820203;-10.52816886214447;0.0
321496;22.12981464015312;-20.527065013465254;-30.69275480111223;0.0
322744;-14.66693179946698;-24.9898245893514;-20.929052331404353;0.0
322789;-11.36073022205053;-27.756832431904854;-29.004616691035164;0.0
327370;43.303155702333314;-5.00424872157494;-11.058859718542193;0.0
330049;19.58318622013951;5.310255427498482;0.9254185878931308;0.0
331201;22.786845681088998;-38.42390095946978;-5.059402860890543;0.0
332544;25.870215223469785;37.02574930631282;-5.2111477678561915;0.0
333148;-4.2230450140426266;-10.148045232404789;6.8345431028552115;0.0
338901;-18.270822715634498;39.847692471450515;13.00517426116732;0.0
340934;15.274693439027041;0.9520656031790461;-35.15630971087128;0.0
343306;-24.559326483784364;-21.24259639112921;-19.929390925137312;0.0
349984;24.048623553286163;-10.239051677170883;-34.41325471877841;0.0
353525;24.39274333782989;21.90057863539046;23.90776286364308;0.0
357438;39.568638191684514;-22.129380337234252;-10.367550720236725;0.0
365785;23.659951749684765;17.42232803391964;-31.347696924941403;0.0
369692;29.972238265404084;-24.790895201464014;-21.33708525255151;0.0
375984;-0.924071632694025;28.86610336870204;23.616156430191253;0.0
379904;-28.457970531239194;29.86975343429145;-9.752013592989618;0.0
381675;5.604779084314087;14.11357259547414;3.9913274210525973;0.0
383289;30.480063606010393;26.057458399073994;5.634061892007921;0.0
384557;5.234407286985809;-41.95739483625433;-4.226308280913082;0.0
385301;-14.902984761394825;-28.56137992132635;28.110736022081007;0.0
388790;3.8062167926796118;-38.193374035908406;-16.958425905690923;0.0
390012;7.571832923532729;-36.36463368639151;26.083322070444893;0.0
393014;-12.023248667044134;-0.7968666724435701;36.876125289674896;0.0
396933;33.32690325258311;-12.063998537235394;13.312682043206921;0.0
401727;2.5080152602333956;-21.401212876179287;37.01901094998264;0.0
407837;2.7054803745143325;4.1169868424265115;8.449958787828793;0.0
413449;22.439834984477955;11.928734493488527;27.269760376176254;0.0
415634;26.265524134868127;22.319142736211408;9.221664450391557;0.0
422002;12.94679648845315;-26.117213684727147;31.68302673813944;0.0
423621;22.573754820724396;-36.61517318187695;17.27032867340337;0.0
426144;-34.82849626904826;-9.959579081096527;22.596895439438345;0.0
429097;-26.590550577592147;25.29432955305011;28.056211022499866;0.0
434151;2.7040535695262706;-41.78445168375176;-10.415218796126402;0.0
435998;3.8812133131282147;43.111737356950776;11.998771834135018;0.0
436632;-33.49445092403838;16.34143199856105;12.593103388648721;0.0
440481;18.73422259784968;-36.4098784585713;17.582393971656003;0.0
442996;5.015663827588207;42.7319754242739;-11.018117175547417;0.0
448079;9.845788385809115;34.209087051513755;-26.892018085293863;0.0
448770;33.79175391970212;11.322047953485294;-29.971793304744875;3.0
450439;-9.452738915362923;15.887765297711676;-34.436070276411975;0.0
450561;10.71346233737517;-32.47827268467891;17.943392952463732;0.0
450783;-29.67430646306027;22.249491738652253;31.279591299731596;0.0
454115;35.123009601177905;16.646505819150427;-26.222970442124264;0.0
459710;20.033058765427725;-16.80181307582483;-32.915570428583074;0.0
469670;-13.792939806205421;-3.159047159048014;-13.663437603330046;0.0
476324;27.371067526981278;-6.5570814891613205;-29.037623712869173;0.0
476771;43.52239874330937;-5.993050556543953;-6.542788793256164;0.0
478029;-31.00701692609252;23.110241489540947;19.920386466767276;0.0
478030;-9.036452906539724;-13.903331348433039;-13.511984452006216;0.0
478252;5.019004363076129;-16.450513970944346;39.171946438477015;0.0
480564;-27.150649470132702;-2.1004196394945795;37.33664624978064;0.0
481064;-13.067597978558187;31.445750800507543;-14.570270091232794;0.0
482528;-14.074464017295293;17.54606040261827;-10.584212589724107;0.0
483218;34.97837607145435;-21.026220282304703;-20.522502168382047;0.0
486935;-38.21408468982475;12.320800787388322;-1.2404169295928642;0.0
487481;19.98931407020083;-6.83256142926068;32.79053115447522;0.0
488028;-24.83124274195743;29.853257916679702;24.20667251366312;0.0
498396;-2.8811275955738744;6.821970299797476;-0.8128666883930901;0.0
503227;12.202686380066591;-24.089698484557804;-33.02788968959475;0.0
508981;32.13696920802012;3.551545757540364;18.97488103582209;0.0
512968;3.715900436600553;-30.356204676645227;-27.364896695324227;0.0
514353;21.61689356744659;-5.56004355228993;-33.50839657727371;0.0
516396;0.8456834529093042;-42.60364557283596;11.08071141678373;0.0
517179;-19.263568580638207;32.90260795189415;-12.971060166555459;0.0
517266;2.446698782147573;-34.55409142850573;-25.498049595220472;0.0
520957;-6.432060199990284;-17.694286923054065;6.338047606339443;0.0
524091;-20.700257290648278;16.10233092289587;35.57046950049658;0.0
526032;18.606445616691897;-41.28796884330264;0.8055776266362671;0.0
527822;-26.30374012729347;-15.7798583412009;36.634572933731434;0.0
529706;-37.01340764299871;1.562173111304332;16.643662866914642;0.0
531534;17.734430634263468;5.8684236037655095;-37.995678281465416;0.0
532058;-7.895683684275458;1.5240620310104616;-36.29402082776664;0.0
533611;-5.134166243269202;-32.62327390644421;-25.688809825136993;0.0
534253;-6.9113461102915;-40.79357758439532;9.001905841226538;0.0
535594;15.934789912528306;28.578208493323736;-27.482539497635898;0.0
542467;-25.48239603909561;-32.01733607269989;14.544638225714296;0.0
545770;7.2841059075647845;-35.02124416753825;29.783495012846974;0.0
546430;-37.38984436068941;3.0618742123318796;21.46855514073722;0.0
548551;29.933673231982592;8.626738726853882;0.24965094801636392;0.0
548894;-7.731191453754001;26.241416326218292;-30.513195856293404;0.0
553961;30.266962087905455;-0.20036343680833246;21.172158053002413;0.0
557066;-10.346477703148803;37.37169689332491;10.69232670606275;0.0
567129;17.82065042139921;-26.995523395044085;-30.23082169041139;0.0
567567;-20.850865816050135;-25.23206170511172;32.391667886673375;0.0
575939;-15.6462968714734;40.493167857422385;-8.347103600239333;0.0
578369;-30.455851884392246;25.494692407013268;15.779605219867817;0.0
583934;-10.03466019735908;7.4058605993215085;37.533555995873535;0.0
585040;-17.631542141235446;33.44787659875113;29.52776519781579;0.0
587606;11.917621134748645;-35.28818592540746;20.24182524764923;0.0
589194;-27.00308506181555;-31.112461944584677;-8.537703964050747;0.0
591345;-5.7006008293876995;39.21285617477338;18.95590492914613;0.0
598881;35.73779602383979;-10.916796036458194;-19.20800311915634;0.0
606193;-4.315736380945651;34.93697874353741;-27.19712254688672;0.0
606899;41.09425375487677;9.140745556857585;-7.279932736112773;0.0
610664;11.697281678735077;-2.5091378200401797;36.178914567655966;0.0
615277;39.746643770848735;-8.883783440599553;-19.144336442798284;0.0
615391;9.035657572666826;39.26181516946178;-18.57910185163123;0.0
619596;4.694678666779485;17.939205792727524;31.655977393155677;0.0
623287;-27.810824544468975;15.436716404333398;34.11818984858615;0.0
626107;-21.983014924705387;-17.41534055290901;38.12825257799389;0.0
626147;-27.20212369154142;32.434895681493764;5.644662346993924;0.0
630654;-18.712735261106026;38.99626424670698;2.475341625839408;0.0
642281;0.5386631375948789;-34.083264433490875;21.368857308723584;0.0
650566;-24.41909992969153;-5.795531320925351;39.52914593485341;0.0
654468;-28.233872889538116;20.896448971485736;-11.967685869997355;0.0
655716;10.591000904212127;-24.19383526542319;35.18260235629087;0.0
658091;-1.6744885421905717;-16.17910395543745;-34.78986995361981;0.0
658610;-35.48081392431862;1.2260143257404479;-7.988889620204289;0.0
659406;35.71162860686919;-5.811243494622085;-24.257747069809074;0.0
673076;5.2191906982149;17.339362854240328;-31.960511665640325;0.0
673170;-22.085585017740744;-34.728686530761046;18.37691385963479;3.0
674534;5.610041343607127;-2.733333712785019;38.76455431396782;0.0
678126;19.657701143946483;6.954282815578842;30.288741180290923;0.0
678780;-22.225265362641135;-31.518932174554433;-10.487195179406063;0.0
690958;-32.88354658329546;1.7275119660740734;32.390674052386636;0.0
692523;-33.26405455779617;-25.241379234604256;3.7122967881479783;0.0
693214;40.74105357556308;-15.868544063007887;-0.9567781562085939;0.0
694752;-28.720944945266716;-20.19346708307252;32.99519174223061;0.0
695198;23.168344825441352;-32.95379174987859;22.821904317938518;0.0
697390;11.806097207609868;41.07983649663139;-6.1826617488300295;0.0
698709;-6.708311494046776;-0.1869931974718904;38.3772440366949;0.0
699873;-23.286008943233703;-34.714069439884284;-5.090483496158037;0.0
701990;18.53152703096953;-35.11376934030284;14.12072127480742;0.0
705949;32.37641932468144;-31.71578330307545;6.456365176836411;0.0
707166;-1.0023164325657297;35.99531367481306;-22.60529640326161;0.0
708040;6.72562765766473;24.510676563565834;32.76410528730136;0.0
709626;-6.5341473641664685;-2.0465296080996542;-5.645049356190032;0.0
712012;28.839227211998807;5.381249633394904;-34.13151735288173;0.0
714362;36.27435729683872;13.709211265874231;8.201403630372967;0.0
718594;-33.39666082754567;18.08037688905802;-2.078132472643824;0.0
722759;11.702960922118933;-40.810262276898115;13.308489554600543;0.0
726244;27.00696447929943;-26.539268195509553;22.957891755810987;0.0
728350;-3.7429048192422547;26.686941845665196;-0.5538484608853366;0.0
728451;-1.9795182330738526;17.562234855802267;37.938323651823914;0.0
731765;-16.84466518529822;-22.697104842988317;30.077566048752498;0.0
733636;18.344024072944528;20.686275667539302;25.294841124586448;0.0
737945;-2.9720178043593832;22.91196488824941;-31.20557329306799;0.0
742275;5.365197411170436;-42.62789992541547;-7.712082791432557;0.0
746125;-21.82217630079435;-9.47348953580555;33.703704997880465;0.0
754356;-8.654392232493187;-5.709919024989006;-32.8312410581402;0.0
754989;-5.772429336520139;-18.3189957019728;-33.51044819228922;0.0
756461;5.879972597641801;32.37624080753074;18.99816020516046;0.0
758896;-9.391694043128586;-8.31326594076755;41.143676361269975;0.0
763835;4.932267342479494;-0.596293536267682;-38.93836607230813;0.0
766947;-25.824131154238188;-20.019388881223705;-9.878794741534351;0.0
767074;9.311098878457454;8.664454471592002;31.37185002898768;0.0
769289;15.205757842288232;32.50791452500046;18.095969163175926;0.0
775808;30.753410665824145;-31.000121368092323;-18.89201310802338;0.0
779719;-35.48497044305135;10.342702864742012;27.633386489977873;0.0
787316;-14.651665918646996;32.43860990400237;-24.41920917153002;0.0
788680;34.61104905731955;-10.497393304694219;-28.11115700282445;0.0
789427;2.0365954284121153;-31.716356156618744;-21.235762115135973;0.0
796904;-16.272100733212103;38.60028656210228;7.927652242535054;0.0
798917;-18.07526117369466;1.9756199980171834;0.8229964542685937;0.0
799607;-13.070892552540892;-8.091681527460478;-33.109826397331226;0.0
801502;-24.326921133488;16.9565901099173;-23.91384843337741;0.0
802909;5.971555226495046;19.944199855340205;-34.539245196211645;0.0
805436;-3.0770528329028264;-9.896950868312878;24.815064292120805;0.0
810638;-3.401848135883217;41.32621680894901;10.472039872642112;0.0
812449;-32.29671807798135;9.41769559901514;32.422943025702075;0.0
812710;-0.5163073615406828;29.320719940659245;30.042179686387513;0.0
812924;-29.235282165220973;-24.98865756678413;12.844308992905432;0.0
813834;-11.013574313727352;26.746582560609692;34.480587657813544;0.0
817948;-15.4792181405931;-25.1981993996154;32.923537089487475;0.0
818601;-19.823480962722805;36.529175875070806;-2.1307294203865195;0.0
822013;14.533331695430746;-41.06063124853811;9.372249661986421;0.0
824381;-1.0454522211120847;10.279365912225732;-35.54480832619215;0.0
825403;19.865934739150976;32.404137442871566;-21.527279290012448;0.0
826125;-28.083452206809756;-31.85267931331193;13.043716646890589;0.0
827868;14.653973319430678;9.454714593978512;-34.51649891389029;0.0
832158;-30.522822460255806;19.268166063377517;7.628941759037627;0.0
838120;35.11007643327491;-26.95371307968896;8.018450861364514;0.0
840719;-15.321446281464993;-5.921816218435487;38.1363604539578;0.0
841140;13.905001949231385;19.023197901654985;-27.699858816480525;0.0
844754;-35.240463228598536;19.47582813725626;12.65591611356201;0.0
852289;-9.762857177677134;-30.370099705613935;-25.747478021275434;0.0
852979;-9.541027636342234;-5.258403855470838;-19.3056879704632;0.0
857360;-15.33346954478643;-11.023450708478983;-32.579100237168625;0.0
863343;-0.29300220193432597;-38.17221575689776;25.20376007563797;0.0
863952;-23.839563983205295;4.740541254844633;37.85659477002408;0.0
864183;4.991810472489001;8.657006709420424;-27.133605078893424;0.0
864339;-14.679762386619196;11.027120301699913;41.22398776360455;0.0
865595;12.001248426546603;4.303504625578806;32.87318725968466;0.0
865904;-8.483931667381144;-27.321996626019306;-5.203312663434119;0.0
870216;35.155171997089944;-24.43776962633271;10.534356346520804;0.0
871971;-21.422925357687628;4.682668392579087;-30.101910992124903;0.0
873402;-4.161705388677002;37.772345332633755;-13.855669933631074;0.0
874106;4.224499462544696;20.35263110953258;35.99767436429845;0.0
874581;-21.175838970072455;-9.12092815480351;-27.81051813443419;0.0
883653;35.25492311780528;27.70136688673868;-2.223642434983185;0.0
885531;36.350704019766695;2.046151757899151;8.47022781162979;0.0
887593;-27.202765820396927;19.300276502805396;-22.49532184512481;0.0
889122;26.541008071620112;24.469710874132684;13.517714319656687;0.0
891492;-35.795499694477435;-12.740037658068252;-8.983271448350237;0.0
893945;-9.67252749942265;-31.376582065698788;33.55395575279354;0.0
895605;8.39084030216097;-35.40744071094561;-12.9678735021937;0.0
897004;-17.176985519067657;32.93363263402485;11.821497642401647;0.0
900067;23.53223205388131;-3.4294866540751685;30.658386252949747;0.0
900979;18.642274275281007;-20.780447461186476;31.265685613022548;0.0
906848;-31.378980057275363;26.847154327331236;-3.0030218371181805;0.0
913475;22.901331127824843;28.238090690277804;18.098648252653977;0.0
917896;25.07798808188171;-14.545225733650557;-32.43874046132154;0.0
920236;6.24606198167958;-17.882515939639756;-0.11221579558518692;0.0
920611;-11.381187754633798;42.56365240220886;12.193764519184192;0.0
924786;19.958951500188768;-28.689344745157634;24.35891833442476;0.0
928003;40.97539064129613;-0.6236145287347287;3.438080789442104;0.0
930021;24.075505038859568;-36.558018384866834;1.4858758469526303;0.0
930965;-7.5746399058948635;-38.77648831871391;-6.829799076186221;0.0
934611;-25.36774006851432;-30.095169971359642;-15.336305835934501;0.0
935861;12.847917970228178;13.309035763792984;17.857034614703565;0.0
935993;-10.413895237997886;-36.717634033073814;5.067592002124546;0.0
939060;-15.380720636585293;-17.83594427878759;21.07004491058415;0.0
940968;-19.29583355730102;27.0350662761418;12.992743339277865;0.0
941177;-23.743593695875692;-31.866603651066573;22.684390158762298;0.0
949775;-4.607733154137441;-32.05004467780437;34.33822422678247;0.0
950130;-29.87384867101722;12.861209504650114;34.80629086704918;0.0
951371;-16.050213240414102;-25.07674645513206;-25.605005348405875;0.0
951557;-17.086369414041524;-20.10440834035362;1.489871500417098;0.0
965241;-29.87339571705276;0.9038827084727725;36.770046135632484;0.0
965452;36.03800325374627;12.68253382006199;-20.581454126857054;0.0
966375;32.47413481699178;14.96666076327568;-15.606819269035269;0.0
966506;-31.218477152185045;11.737484007516352;5.8234805788591;0.0
975146;-34.8798585841834;-10.806750870791639;-2.6136154820692616;0.0
976347;23.536836197708332;19.387594037196195;20.488413385903495;0.0
977594;-39.501598340508735;-5.758425731821713;5.287827545169796;0.0
977942;-36.631018577327936;-13.43696062109799;20.405187091585844;0.0
978565;-32.10985058772415;3.6444665989150917;-17.809676945501298;0.0
979480;-32.092763565523505;-14.818787280488658;31.601550977672687;0.0
980378;19.334674359753816;40.91013596162736;-2.2395053157894194;0.0
981954;-38.12717348178443;7.052481236748347;4.054539145119878;0.0
984944;26.97477810347163;-36.70572933711367;-0.6289252890726758;0.0
990274;-21.521989054151017;11.437403338276422;29.116070010644187;0.0
992969;-4.737413541109131;-28.364392906615993;-19.430692606914953;0.0
997960;-9.194962814186397;9.769979212659562;11.426240687487466;0.0
1004289;37.40824228495191;22.198422511376467;-13.963472977173533;0.0
1007627;24.438417084058383;-9.782109053384401;-30.332941493917367;0.0
1009108;17.763073311428112;-33.99210345148985;25.247382206850947;0.0
1013693;-12.634985643751142;23.60868535421268;29.717211861235363;0.0
1019277;22.018719687063044;8.11820064986231;0.3221385489620764;0.0
1019383;-32.39226738456752;1.9361270750773116;-20.077897211257042;0.0
1019454;13.033294709055285;-1.5381194239921667;15.217861038662221;0.0
1020906;-31.70540532841905;-26.735607752494236;17.098206166907005;0.0
1021170;-23.012270211462447;-24.553512686428714;-24.941539696739525;0.0
1022479;40.03633713990948;17.44748696221054;-12.204167805973897;0.0
1023040;-22.978629054078187;-12.149109919375743;34.71773037369118;0.0
1023345;8.536816707167414;-24.084462869615617;-27.572858518150042;0.0
1023416;-34.70494374971787;12.516707373671679;23.670297751120142;0.0
1025348;-10.408369199631425;-35.084687031349155;-21.211648977615972;0.0
1025716;36.012009025056194;-15.153586871104764;14.595030686478472;0.0
1027682;15.932665025547953;-15.335653049338656;-32.3741945213854;0.0
1029696;-32.49350526006033;4.126412281539992;14.394036361400149;0.0
1033980;13.346191311054467;0.6739785133489319;-38.37510183088649;0.0
1036898;36.44967978987227;22.178246076694673;-17.026066586978384;0.0
1039254;41.83679451099822;6.484616182043546;0.4166768065129449;0.0
1042254;15.215693520720507;36.81202164596288;11.359984180226707;0.0
1042939;-29.264828085879458;-9.739929047661224;34.091782632457885;0.0
1044015;-33.977912670226694;-13.66748621244183;0.09584293565889776;0.0
1044582;-10.423151485483466;5.976251959441276;42.07550924357606;0.0
1046792;-17.90070737018316;-32.334406512259854;-15.229555244250651;0.0
1047057;22.092905553137008;9.370571733991591;-17.925809013119725;0.0
1051739;14.95781217435812;29.97922441419717;23.780914438112447;0.0
1055069;31.283779791685348;-2.3136473852116746;2.6228530785092445;0.0
1058763;-7.954347217652502;36.11191201857138;22.683108565486375;0.0
1060387;28.276482535418765;15.334708507100995;-29.039504804039243;0.0
1061671;-2.5651442455286246;35.92228950243619;27.858102280618688;0.0
1061807;-30.034953738436766;-20.888654166644326;-17.11197729964426;0.0
1071083;22.159665638628848;29.258846429113447;-23.920331003939417;0.0
1071089;-1.9664728258429005;37.17335634559133;21.584795117976594;0.0
1074830;8.108060476037254;36.912886500543785;5.210923622254659;0.0
1082451;-28.831604263220385;8.676312539938165;28.046946781709032;0.0
1084095;29.955145914333276;7.906122940938813;18.983307311778663;0.0
1085484;-19.63994135188686;-1.8132538201664306;-33.07034746267555;0.0
1087563;-20.897699923758182;13.961457332031667;38.956548177328735;0.0
1088286;-34.72658162704383;-3.881065770035378;26.09589021074123;0.0
1098847;-32.13360935537783;5.371840513946319;26.75085365005108;0.0
1102722;13.939415792790317;-37.69780509669347;-11.236932574692318;0.0
1103571;23.11318302587488;4.922737324288923;-36.81428375135012;0.0
1104292;6.991351102591288;-29.374994483342384;6.479996051606013;0.0
1104796;-20.113840440554814;39.05721586371334;-3.7450646769331004;0.0
1107825;-11.815144296941268;-36.260614140669865;-10.859501356606112;0.0
1112656;25.306188953613816;37.78514261434741;-10.539231596617734;0.0
1117664;-9.869918842157169;18.81764606036363;37.51894156943185;0.0
1118912;19.116543720425785;-27.23275670171462;-18.964589655305957;0.0
1121005;-2.1455203656525867;-13.682950593675653;8.084350334323872;0.0
1123071;-3.8634155528686316;23.71418632584163;-32.67613629853226;0.0
1123917;6.881012182956601;-4.801394620807229;34.223749437786964;0.0
1125441;-38.56591002063454;8.547511749598938;10.392270682847354;0.0
1128280;-1.727846685731637;17.672297340296875;32.94954197591788;0.0
1140885;22.31761335047257;-19.588808178169035;25.639722937564507;0.0
1151317;5.489608877761374;-29.20888294239797;-29.932999129906065;0.0
1157091;-17.053868634873684;31.965957770954233;24.10368143988432;0.0
1163534;40.23900739465631;2.4221754881516615;-8.674011800242194;0.0
1165178;-35.25253045509888;-15.029422863922353;2.9661776957072665;0.0
1173318;-34.78641951018462;-19.432676278835796;12.064671307094377;0.0
1180947;6.957213028063662;35.927519788508214;25.63029883066857;0.0
1182281;18.56528409127999;-13.14015187814254;26.27255557905766;0.0
1184987;25.036497498736797;-36.068279229618064;-7.602955523652812;0.0
1185131;38.78552608252251;-13.09818569333494;3.0095223926170114;0.0
1187359;8.027010359075343;-38.98555854653512;-9.724520619564188;0.0
1188708;-13.85600432023425;-21.882496446685547;-29.92006862643816;0.0
1190464;34.71861230170435;-23.971394902345033;-1.6424895094546887;0.0
1192306;-10.389004085433042;40.4239138606909;-12.97395907192803;0.0
1193330;-3.5245253882881515;4.278084249595186;-7.866298961939619;0.0
1193485;-30.718975506784535;27.253486006676567;3.562781680294159;0.0
1197249;3.4716430129369664;-25.66626337544702;-31.495240017777874;0.0
1197444;14.285246144658668;-0.7109047526659046;-12.184169888442808;0.0
1201364;20.922548445361667;24.229021795156793;-29.451215977821356;0.0
1207618;-3.0804643089748893;-22.259903018747213;6.594528125955848;0.0
1207963;13.030923361829561;32.605384889282966;-28.81140518084037;0.0
1212230;-33.92905492407153;-15.608349986991648;-10.595283317502625;0.0
1218341;-14.999237478843447;37.63089313840178;-14.0067220874746;0.0
1219483;-26.252367154417986;30.00729956668869;-0.38176804413695853;0.0
1219843;21.073314172433548;-40.111434242782536;2.073067381547081;0.0
1224320;-29.072221402448978;-27.073415490321402;25.869034878727092;0.0
1224841;-37.34830848214805;4.899977053683372;-1.1345838194778421;0.0
1225338;-16.51647872256329;-5.870637749321213;-20.36801555771385;0.0
1227872;9.916002245279994;43.79611349516486;3.617236405399929;0.0
1228326;31.097389235308363;-34.69689715576092;-6.1088082710329275;0.0
1228804;-18.27140622691813;17.35502573588799;38.675865927725745;0.0
1229101;-18.895575457732136;17.053544906010845;-27.072155212526155;0.0
1232042;-2.481936935310953;-1.5858829199633289;42.41521938805397;0.0
1232467;12.645006584106138;-13.311291208092507;-35.28206838245211;0.0
1233720;-28.174799699266742;-23.35796734157654;-11.938619547654184;0.0
1236420;40.161035366326445;6.935469239443071;-2.6861772084316775;0.0
1245044;-30.159254964026058;27.862831652894712;18.59832974742273;0.0
1245466;-37.07984266741017;16.47920993681069;9.263743873690272;0.0
1257174;-38.76925970632808;-2.459910383516957;5.87019611920586;0.0
1257667;-21.763863806739767;33.27931111309336;26.043161040407437;0.0
1259079;36.82691050921832;-9.224321558280156;-14.617461233242242;0.0
1262206;8.568887846177788;5.503923888310368;-36.739954005781556;0.0
1262567;-0.1948326316009759;41.40401032012818;-3.3283600187471567;0.0
1263123;-31.78910589218185;21.54294217166011;-14.282953398267953;0.0
1264323;-21.33145663343427;-32.23499643923541;-6.391897837735285;0.0
1268850;29.620889868474524;1.9069638339079211;-29.9927943820855;0.0
1269935;19.21526104032811;26.07298406231477;24.1115974765221;0.0
1273255;-21.090521094213013;-2.0612016529500496;41.17992067173236;0.0
1277366;20.250853685935038;-33.28197021930827;-24.376287786744417;0.0
1280274;-4.523412110054204;43.36691563391935;5.828699541082006;0.0
1281824;0.7881268257829195;-40.96656336785925;15.973646701591614;0.0
1286207;24.17587697294973;-12.069429988156335;25.611336046168034;0.0
1287820;39.28925618640305;-22.069510480872438;-1.8117877147608634;0.0
1290113;-21.79434227967803;34.16385826594447;13.444570247700987;0.0
1291370;12.222339253254164;38.726679369233366;-10.768823969573024;0.0
1291836;36.95259990548695;3.1233647113341965;-26.435405851457933;0.0
1292364;17.71034014444169;36.00852394396491;-15.082317229231421;0.0
1295275;27.50124916080335;32.93778915275758;-16.716896197445692;0.0
1295470;36.00489231894394;-24.213711951157908;-19.063949104063788;0.0
1295885;-24.6286417625228;34.35831939619417;15.358607157596646;0.0
1299139;-36.676002234869394;-4.659180065086538;15.737681666021578;0.0
1303928;-29.79302303271123;26.98144718448959;23.617744433501965;0.0
1304108;1.1315936572036078;44.227107185657715;-4.598617455602601;0.0
1304210;39.63449769811759;11.43384365300275;3.950551572619258;0.0
1306087;-25.6325795871014;34.078686934014705;-1.3260560364072527;0.0
1307824;-21.7635454067471;-37.0910546102482;6.193214243984501;0.0
1308173;-5.5779299050160915;16.081387130909572;38.84177763603878;0.0
1308839;-30.86795739456695;18.047072782712025;-17.474522985018876;0.0
1313269;30.422812889337216;28.389110870900307;-1.2674356335731485;0.0
1313715;28.02993169925569;-9.216919091505023;-15.090671565440699;0.0
1315207;40.03700324868075;-2.5876507286923207;-15.950616656933699;0.0
1318492;-4.772157108509842;30.691699684818538;-15.67994335772783;0.0
1322546;-29.032278856088496;15.693181603448064;30.152266150797885;0.0
1322596;-28.82974182309591;-16.332219714254375;-20.059986878615113;0.0
1329277;-20.231511219434875;-1.8744280840295868;36.81426510030452;0.0
1329632;22.837962868196314;24.051474498827204;-22.881355857991977;0.0
1331022;15.508293788459069;-5.019588207414148;36.28936872410808;0.0
1331124;8.392747371573119;-39.96660887373285;16.347950538996702;0.0
1332537;-18.751777228407747;-7.721282419672577;-23.415122138586657;0.0
1337122;-22.59614939761452;31.151927557064926;-15.635284761266751;0.0
1339691;8.005989964580351;-11.194493452657115;-1.515825429526506;0.0
1339936;30.95241998676408;3.079245996032235;-26.63951490115072;0.0
1343093;-16.760150636616927;-38.21805736253661;-5.89264664923277;0.0
1344286;-2.778288727649311;16.184924413880815;7.3197393962839135;0.0
1344771;22.013715877973254;32.55131017923121;8.718553161559528;0.0
1344874;-18.558115428683575;27.978625337257334;7.375721175747821;0.0
1345670;7.050465591606482;-42.068440497295335;-0.29562269465640423;0.0
1352117;-6.827165282104616;41.96113836754887;8.040566338679474;0.0
1359101;-10.804478107664062;24.73955420180955;-22.73268304467943;0.0
1368722;-3.8897258501706693;-40.917340594097425;18.758698098541252;0.0
1370901;27.869743197505418;-17.712526313429002;23.475612808323294;0.0
1371880;-15.734172605014523;37.23146767479699;21.17323448477679;0.0
1376146;12.858551730652744;-33.992876137664524;29.279117451240758;0.0
1376799;13.160116490235067;-18.060525515456607;33.05604743957391;0.0
1380524;-13.251879634565325;29.77438264485599;-25.77299265165019;0.0
1383519;20.244898673519877;4.512154871819729;-36.00410098172367;0.0
1384856;-18.35986147509026;-35.389730210935056;-2.8842503134935917;0.0
1389242;-22.096268070214382;14.111418399707851;-23.268554228991324;0.0
1391089;-9.941967165184128;19.842876717924668;-33.25414285927966;0.0
1394819;28.936345870850083;29.615243930529235;6.299222790497156;0.0
1395349;7.506016048061008;36.308030427444;-22.905005383807172;0.0
1402005;-33.203396028649166;-16.38145581019162;24.659061617889193;0.0
1402041;-31.356484231852004;5.157355820977836;35.256234019867144;0.0
1403865;30.24557733191258;0.8917764313457158;-32.84455790469544;0.0
1411693;30.748281628285362;8.160806299090329;-31.019233360957625;0.0
1412310;-30.04415403278556;30.5006037360813;14.46319177403348;0.0
1413604;23.9221561419727;35.40177612195472;2.584689375622444;0.0
1415258;4.815726950184277;-13.71178511016642;-31.925884667274588;0.0
1428389;6.697477900990828;29.426809752441994;-6.334086923585468;0.0
1440132;40.09544763227204;-8.404718012301625;5.0392670588438;0.0
1440933;9.72358806728441;13.254372213587422;31.811953423036435;0.0
1445727;-17.15266055895839;2.2403629308324304;-32.54031405563507;0.0
1447322;-22.969196953876992;1.3395190105741952;33.16919001102687;0.0
1450146;35.91589752266708;3.6442867495468487;13.844648497901627;0.0
1451669;4.471566199951117;13.078269041073945;-37.042196864093036;0.0
1454428;-31.78510657511914;-18.754758731267955;4.561801623814467;2.0
1455763;-31.403703350429847;-24.842894316584495;-7.588415701393514;0.0
1458469;42.63649272856486;-11.848501691988965;-4.923113675744691;0.0
1458889;-32.16876924076058;10.754659832660723;-13.771423160675834;0.0
1459203;-14.7727231945202;2.2703369929036503;-35.530004724859424;0.0
1460174;-29.12612558865529;-14.784474685462959;-24.079669550897552;0.0
1475236;-33.33987105814221;-9.883478818413927;26.91383714420561;0.0
1476244;9.779595824990396;4.040311394819921;-34.80479611896644;0.0
1498279;34.966119670062966;-5.619187017036674;-29.28161402691548;0.0
1499358;11.865635341803591;-40.450323741254245;-8.263993874956652;0.0
1499584;-1.0353575092106693;43.09877488026185;1.8987343930932565;0.0
1510489;14.964819638631887;38.734715305449974;-20.851918267908744;0.0
1522178;-32.335522910560506;-11.905621851342975;-5.618897259721171;0.0
1524906;-14.408505576129693;35.704426638834214;10.113512155375798;0.0
1526302;18.86115362086795;-1.0853447260511224;12.217500639139654;0.0
1534452;29.938125503009765;19.793916391018726;-31.354086240275432;0.0
1536845;11.600532044143087;-39.114780983726554;-14.9200824413358;0.0
1537696;-36.951366272042556;9.969862468307404;19.99350655880721;0.0
1542037;-37.4065636908483;-8.675793641205344;3.4412887692845437;0.0
1542719;-12.913475063279103;-35.032823802418015;-6.507261881940438;0.0
1543675;20.903561680945366;-29.96357618694248;-26.452343665293807;0.0
1548099;-11.465148100817391;41.15281537361181;15.899721950155985;0.0
1550915;22.95496354165248;-26.81252466453041;14.762247967983196;0.0
1555309;-29.859591278876945;-2.113655387306922;25.683033329872533;0.0
1555744;2.7191121239911955;38.518341861060556;19.195765368810555;0.0
1559565;-21.14612385778607;28.22209608646205;-24.22790806129123;0.0
1560807;6.957590045628201;-22.718790680145805;-34.35141051601855;0.0
1564048;2.0780075772492106;-18.50551148679878;-16.487169936627375;0.0
1571601;8.285844240980648;-34.92566821660123;-23.799085885392714;0.0
1573162;11.046599986606955;-30.43753922205247;23.192055633263507;0.0
1575720;6.50000262855113;38.01787036128907;17.09189678462553;0.0
1576071;-5.937984010531771;24.781527047704863;-27.281278729049067;0.0
1594120;-15.627448657681523;38.75769605805882;0.2547728457017567;0.0
1596597;13.251388046292128;24.660351204470373;27.955956323553448;0.0
1597079;41.97322957396498;-6.2061740562383445;-15.331894863651147;0.0
1604671;3.7962481418631593;-21.967434640545363;8.932944932354419;0.0
1605215;26.377129327276997;26.87816035841635;-16.033382003981632;0.0
1607103;-26.39390993944285;-5.79811515684911;-24.915540139179285;0.0
1608820;35.61485632457897;-11.999331365502886;-25.532681922456383;0.0
1608954;-38.18958520921741;12.46251276404109;14.408333720066704;0.0
1612265;-11.375794938021588;-40.104512040431494;-1.1255929330740189;0.0
1617128;-27.848113313484713;22.21570137290323;19.583727100461783;0.0
1618949;-11.770095360740227;-19.247757822843322;40.62757794972448;0.0
1626652;0.4311988519944096;18.87819534767214;-34.03233375683951;0.0
1629555;0.49344613382448665;-43.48448383204864;3.261285529915277;0.0
1634769;33.2071235733332;-7.024312162920078;-31.268608498310883;0.0
1636036;-33.36241484339709;-6.17322165532358;-18.427420891107626;0.0
1636944;-37.15515558952513;18.963811640261113;3.715759887649815;0.0
1638371;-10.936111192498732;34.900486640612115;-22.441532229627153;0.0
1647369;29.265435577078858;-12.86605078319971;23.986019986527054;0.0
1658236;-2.751561779310843;14.045393698299494;23.555236786405917;0.0
1662601;-11.11112394495364;42.56072418805036;-4.791811980023728;0.0
1663932;-24.483251533235077;-23.457574582797285;5.011997564911132;0.0
1668389;-37.45558663197875;6.066756158193834;10.3397979643905;0.0
1671671;23.328677206686223;34.90433142043989;-6.90235630631443;0.0
1672002;-14.338277728374617;-19.940513609399993;-27.281827602676593;0.0
1679104;-36.17364431505767;-8.806450876690102;-9.406379743208793;0.0
1680762;42.779828678401984;3.766468083971572;-14.023734505492854;0.0
1682480;11.375481866899092;-41.08931122779394;-1.5643952501652914;0.0
1686250;32.23441825682195;-0.9261490594244256;-22.727338187898752;0.0
1687995;35.4102277100446;24.737638472983377;2.1770108243416044;0.0
1689152;9.373975549812785;14.906517802317644;-34.41954545001429;0.0
1692796;-6.689443296991761;-42.09681406651638;1.6608702814163268;0.0
1692974;-2.8977480085802365;-18.64389025516011;40.701465399068915;0.0
1694338;38.160156523702675;18.754863976453816;-4.024408714014602;0.0
1696424;24.813774705539622;-30.529411608221217;18.088993672123177;0.0
1703232;-29.88534304397427;25.968775341702088;-9.727197044607154;0.0
1707111;26.445394818591907;32.63247952966318;-21.652275933158947;0.0
1711101;-4.637371330860748;44.27343904735223;1.4555227689905572;0.0
1714885;40.49995683801917;9.075257073010102;-13.445211044338949;0.0
1720722;-21.460472576906618;-27.03023299089746;26.781225545585944;0.0
1722357;-34.183828206907165;4.923054725118433;6.9090067362867975;0.0
1726689;-3.7545577260868654;26.830291117677746;35.11741695193432;0.0
1727340;-13.18413104365692;1.693276473138649;-8.083168657363638;0.0
1739802;6.004546927827315;40.83427416588488;-17.473238727307866;0.0
1741544;-32.24097543156633;27.12694932005089;1.2746838961677311;0.0
1742071;13.319196586989948;21.09118587076674;-28.482451360800937;0.0
1746333;41.589375068997406;-6.721500447717936;-2.638835692367115;0.0
1753022;10.975446913768584;28.37063301358526;-32.73052807635915;0.0
1753402;-8.72593431285398;24.279869874320518;31.483090193789895;0.0
1753422;20.341028826954584;-34.72925405543417;-15.826958892417453;0.0
1767535;-9.61438419699597;36.64164700888233;-15.84693949112049;0.0
1769711;-9.565590397282843;28.576849631430342;-30.944408030463237;0.0
1772189;34.36830836332815;9.7359950092581;16.546891916841968;0.0
1772304;-16.854230507253668;-5.759185761929733;-12.303092951812861;0.0
1772305;-16.001007785480333;-1.921684504698619;-4.499613042819857;0.0
1772762;20.67249920593188;30.569093039943358;12.29970645481972;0.0
1774431;19.22857122579564;37.60533321263058;5.902780161970112;0.0
1775560;-26.873047307488072;0.4897122194753303;-27.300100298490094;0.0
1775749;-2.3444197786452623;-5.716195101831919;-37.283112420051154;0.0
1778469;-10.43209066519392;-35.60105188640316;25.886404331046748;0.0
1789917;22.540294844925924;-27.70638401800389;26.39117889348064;0.0
1797021;5.743659432580183;-15.08980162738542;-35.81724681364188;0.0
1798656;-4.8271510486659555;34.245869577863324;23.845047390610397;0.0
1802461;-29.95761051678698;-29.65295101585333;-0.3443266321331052;0.0
1806841;-19.920229265097255;-27.815447339341596;-14.705185093983516;0.0
1808114;21.217224308031508;39.36599991015869;-7.539257540182504;0.0
1821677;40.79101439784347;-15.547724763283211;-6.140180661942237;0.0
1829357;-22.076403374437547;8.948523218188127;39.45152827638986;0.0
1830267;9.197732494457341;-24.004116829624937;28.49248562333136;0.0
1835900;-30.472358059744334;30.136828413914916;7.062606756180434;0.0
1836080;-16.553483729242465;16.668531371781263;32.09638453280413;0.0
1837152;-34.89323937718069;14.963586005187494;-10.698709360309065;0.0
1841659;8.317211969128559;30.446662247783795;25.341514033971848;0.0
1844608;6.9134530123350295;2.956263998864444;-37.20790074646943;0.0
1844989;31.151192172981446;-28.4378567107819;-2.654401155606977;0.0
1846321;-17.42640461959982;-36.304686561412225;14.354525453523452;0.0
1847136;-35.86259816322508;18.331912883265282;-4.8781420081611175;0.0
1847288;-30.95262248383055;3.0372521677106272;-24.820150698698228;0.0
1849441;-14.134519051895522;15.62406082847084;-32.71837558793608;0.0
1851984;24.325375761138652;-36.84429061927832;-14.65541611102925;0.0
1857290;3.33699245536844;-10.824914324766649;-29.333365349573047;0.0
1857381;-15.001691423556808;-19.22814491618203;37.246300584915645;0.0
1858970;-17.34398298467786;23.05767751418243;34.843763482085784;0.0
1864153;-5.791611936915193;42.06530712163527;-6.222948007316485;0.0
1865679;29.77226974783352;-33.40351908345467;10.081730107572158;0.0
1867212;-7.289450098236689;-19.648139818643664;34.58571294409549;0.0
1870698;-12.735445504199111;-8.997369640494183;-16.70217652581815;0.0
1882748;7.316632664974707;10.224239416424135;38.458024379604446;3.0
1888145;12.769109309281593;40.57112123470666;12.329806577975903;0.0
1888311;-15.80187456830894;-34.50874807222778;24.12695528035252;0.0
1889067;6.823089362533211;-27.914329854219197;-16.736577047201656;0.0
1889867;43.39417014040466;0.180334378692185;-8.33038560229798;0.0
1893721;-2.1302280070089457;-38.46172794437271;-8.65352962163439;0.0
1896262;-8.476481906883253;-38.955882068557464;21.80400751794917;0.0
1900567;-11.329062078846775;29.361445830934738;30.5266459246029;0.0
1905041;-34.485554164812136;17.02039134024716;4.6109477950675934;0.0
1905498;29.812358838123675;-26.802397146772012;12.963740963376736;0.0
1907519;12.193591330903661;-19.02980436844845;-32.90300761715691;0.0
1911952;15.28980478261209;34.49259626674201;-17.78490569251528;0.0
1919842;10.609578011734097;-13.103245455561513;32.80420769976695;0.0
1922339;-20.3741331006692;35.82818698410124;-10.49102530484087;0.0
1927292;-5.4484580100898095;-34.462269666603596;-22.53221894218304;0.0
1927830;-2.2858951289470286;-24.56380007029222;35.32561324504762;0.0
1934082;-38.45385453869629;-6.859793288047771;-3.8395778513255507;0.0
1934347;-33.65548138727554;-22.479756215357753;-3.1885564437240794;0.0
1936183;-5.859176681802729;-35.5370468267893;14.184621089235423;0.0
1940427;9.061201511827518;-43.84904249813003;1.706461596684375;0.0
1941347;39.44979106471438;-0.46040409964818835;9.081652383323071;0.0
1942454;-19.231780537855624;26.461602577214467;29.096203982649808;0.0
1943417;2.8166622547990623;38.99145227694332;-21.923933741128756;0.0
1952462;-33.67145201117553;13.130461327738093;13.1608878441922;0.0
1971400;-25.412427973761332;10.523268966023002;-16.487673514858457;0.0
1974231;-19.36501428206766;9.6674903848943;-7.934262039872374;0.0
1981053;-6.048091124314055;-7.821538450836539;-37.32596452952454;0.0
1995263;-17.71111682726899;8.592051112589957;40.722668973476004;0.0
1999905;18.129065443585283;-36.710477360435284;22.045906250453687;0.0
1999912;28.11556664289026;29.97557680256569;-6.740406612972914;0.0
2004826;-3.738622739006141;-13.166206056622025;-35.63060846480199;0.0
2015202;-21.658627946401786;-6.48567729331618;-16.652875151221316;0.0
2016811;21.561140263291225;-1.6785761186654746;-36.37152125108645;0.0
2016957;27.812311299246453;30.247136026437353;12.215261181450641;0.0
2020482;28.77255771729986;0.6306976379858344;25.75944666367763;0.0
2028970;-33.109426732068464;-9.403723967537736;-15.5999277076877;0.0
2032878;-27.293806902819128;-29.39565984186229;10.977148821679181;0.0
2046125;26.829691619783603;7.786918113558513;-32.4144194978649;0.0
2047888;36.061471597975675;17.371017675268657;-12.782587354159485;0.0
2051020;23.239733034675982;-30.058147645852415;-16.568260686224335;0.0
2051117;39.031136373100544;-19.643976638823222;-6.366829500237281;0.0
2051163;29.352061690565076;14.374396810388003;-31.899541397588372;0.0
2053879;-21.59652529343867;-37.31271962271659;11.88017649628043;0.0
2053955;-6.070072713765991;-27.661405689332607;36.929976187179506;0.0
2056150;5.004515165083448;-40.44928994044123;3.890319020031486;0.0
2058960;16.379404195176107;-38.09376679468766;-14.501008101196062;0.0
2060481;39.46097902763665;-4.789226811882426;1.7271557644086364;0.0
2060683;-0.14934134713606328;-38.11910290791172;-18.302685362599465;0.0
2061082;0.892812480275831;-20.373323112403334;-34.22012847050634;0.0
2061599;15.824323766118306;37.535533006706665;17.066907047962538;0.0
2062570;17.91309832554634;-16.052657859604665;33.189309160354334;0.0
2063158;-19.997004962073923;29.035047204141897;32.67002941331725;0.0
2064753;13.540463266413125;43.04236612507555;4.297172595599107;0.0
2064882;-34.27884196204123;-5.105354374476656;18.707391736542892;0.0
2065386;-28.61612074014938;8.414490494084939;36.9222786342187;0.0
2065938;-26.105919144401483;22.998609652781223;23.33425919818947;0.0
2067344;28.576969531009173;35.15472970086582;-3.0184962099835713;0.0
2069256;4.476331542100787;4.655999062649334;-16.38856319078108;0.0
2070418;2.5684389860385224;28.504009305074344;-27.27588591243686;0.0
2072458;15.229869647590691;16.532569246042105;-33.971747167439815;0.0
2075064;6.7034675510620945;40.94190935001698;3.488844272791877;0.0
2076981;-29.20983148128826;-31.614513454361614;-2.9383117013699263;0.0
2081155;37.31530146031404;-21.618565500462477;4.082288903476632;0.0
2082552;-25.625654720315268;-13.120886680259847;33.773387968660636;0.0
2083468;17.503793136646056;-39.90381879651778;-3.8391002513365495;0.0
2083972;-38.7478749503352;-1.0300205624716516;17.05555522228254;0.0
2087554;-34.22257975078461;-18.173497563064128;-0.48283618678849327;0.0
2089223;25.75539139347813;30.562277414995716;-27.108050481992397;0.0
2090679;34.962051077688045;-18.583323649023544;-13.956004565630044;0.0
2092712;7.779571599920168;29.497766323192838;29.989511798060676;0.0
2097524;1.9293365957357846;-13.197213419924678;37.886689564310096;0.0
2099534;-22.217157486677227;23.86552357423926;-6.3276862844023265;0.0
2100856;17.543282729042073;-23.73024754053451;-28.6223688404239;0.0
2108143;31.0509774405613;-33.71137590649042;1.2627218315896545;0.0
2113209;-14.351629212585967;-30.162076600781162;-25.13653904287641;0.0
2113435;-24.306820635206133;32.55258910807205;-10.215184999896252;0.0
2113661;25.034829562373535;4.30088848337964;-8.694645185541077;0.0
2116592;-3.123137568243193;0.7771755812652462;22.358545734467157;0.0
2116991;-19.206886720855692;-9.242243214771195;39.95492266144968;0.0
2120419;34.84336381682302;27.67107492425637;-10.01519783128009;0.0
2122762;40.11806069283914;-1.8968443094547758;-3.6534390840641087;0.0
2125548;-25.121692810582328;8.518257584582269;-25.113619572274526;0.0
2134296;-9.313560150367298;36.134892771180226;-19.259165601660108;0.0
2137137;-25.848092418958338;-28.29855738009868;28.86772334523377;0.0
2138939;-5.245933966218264;-8.267975207082538;40.26732767517566;0.0
2141063;30.52188724354094;-17.423336522599346;17.367541919700166;0.0
2143848;24.393190962924184;13.150035600090655;-32.4128474811647;0.0
2144186;39.18577752100368;3.1115292906862577;-20.394558660031446;0.0
2145502;-0.7381312825828253;-35.81007948326301;-22.228023052954196;0.0
2146955;18.474152418064897;-41.705192733275794;-3.9062953058560295;0.0
2148165;-0.7262297506393379;-33.456165656300826;32.66838012799958;0.0
2149506;-27.65850411952495;-19.166162162797743;-13.50678214250259;0.0
2159358;-16.446806409523454;-38.434667941648605;18.749263333904974;0.0
2160776;38.88633231953154;-18.156666326631658;6.464542994221302;0.0
2173015;18.012586999405794;38.41053615308301;-7.984329439556169;0.0
2173790;-26.76598497689927;-17.306872732812824;26.7037491021819;0.0
2177504;30.957269258618933;-28.489075146422454;-12.788156023487309;0.0
2181976;18.323658463371693;15.753471108335779;31.563684026243486;0.0
2187620;35.424471780009455;-13.17867428060267;8.036359861788899;0.0
2194010;13.256525077136168;-41.987990544336334;4.894191232896115;0.0
2195773;13.637270186359446;-33.27199190991463;23.959785958679326;0.0
2197338;6.884563208816246;32.56741935375562;-29.740650896678837;0.0
2203847;-27.597994798742715;11.919844605827148;-18.637004022682714;0.0
2205726;8.754619620979982;16.98547125402206;-32.679863843216296;0.0
2208497;0.9752146315162293;5.148273427881559;-33.26515496948631;0.0
2236211;33.46749216984751;21.76563165941872;8.509169862615822;0.0
2241173;9.103607994532927;-6.116552451607721;38.93333561886749;0.0
2243186;9.501252283283344;18.646120387326324;33.07463986759762;0.0
2247910;-16.579573877595596;30.04791887956078;-21.180797483765794;0.0
2249862;-14.12646180019823;-9.423095076715061;42.412752121165184;0.0
2250466;32.29542582696509;15.546868147403357;12.65645033279657;0.0
2262345;4.939306779974283;44.344592786299366;-0.2634246827410033;0.0
2280660;-8.45881070729021;-33.417123688999105;28.267871081223777;0.0
2288162;19.116160041773533;-7.108143950110817;-37.08908825715541;0.0
2298929;20.414187553303254;-39.78777199082208;11.937880166918074;0.0
2300685;41.490407292197084;-3.169040788943389;-20.212663005642998;0.0
2308818;16.70046729071107;38.559709880191555;2.599402386162272;0.0
2336321;32.38443394541737;-33.88768956937562;-1.4369786338527653;0.0
2341248;30.075692950887685;22.601875268612364;-13.879475328898748;0.0
2347808;38.910855780054646;5.476913510689725;-14.929282735684593;0.0
2348960;-22.99098137513263;29.026513018564376;-19.645266225404402;0.0
2380805;-18.180505027337897;-15.112658483762804;38.39267910914278;0.0
2401063;14.750484487082554;34.41158411798006;-20.67582175648298;0.0
2415149;3.4330739828628474;6.118012562034346;38.15043133564212;0.0
2417950;25.466190944908135;-38.08770254043401;8.982063793147924;0.0
2419299;-37.77601958861609;3.564311066032997;-7.09767205411767;0.0
2423518;-29.848160852361936;-16.19711020774244;20.591597631225962;0.0
2426618;-18.134859257677796;34.106692811194016;-7.531609279270773;0.0
2434419;-33.52774836929667;22.176610113552435;-7.717548213900834;0.0
2436313;-5.92872643082865;32.14522629234879;-20.090174928129105;0.0
2444988;-32.57107495869235;-5.190249271266342;32.69172324378;0.0
2445407;10.979110512010573;27.973272487171403;20.27053720012609;0.0
2448389;-32.07404058018063;-3.521431313045599;27.46879101259687;0.0
2449806;-32.00913227707292;-18.43853558206505;-10.333137542786563;0.0
2453106;-0.5117207030689052;35.82593553645434;-26.425590072604486;0.0
2453165;-6.494870260468488;-16.76344920725226;23.334136634175557;0.0
2454868;-31.54419101916102;-4.841271555453739;7.762758348424522;0.0
2455260;31.31685875326665;-14.624254210491662;-21.54437830217097;0.0
2455967;-5.824157345370711;-22.058190628413463;-29.058059929971762;0.0
2456575;0.12308187185168347;-26.37590901600803;-25.89973982864759;0.0
2456999;8.535523790042378;43.168380582424554;8.86433439669599;0.0
2457001;-25.221737019157025;-25.88618584736977;32.204235536178125;0.0
2460711;-14.87162569266094;-38.77055195734434;9.000289861347435;0.0
2460837;15.527018106019488;21.48400753201316;-29.697495041605748;0.0
2461622;-29.075791745462986;32.523538772339386;-8.75632752386952;0.0
2463029;15.039389183358105;33.54549350696332;9.61606745386097;0.0
2466360;-24.746162000820558;-27.174088505576176;16.427979511212257;0.0
2468394;23.90878600671575;32.13225582235461;-24.8589688534528;0.0
2469596;-23.43340282770541;35.73311727583039;18.57691035377375;0.0
2478357;10.894021777568447;-21.20703417604861;6.749134636202875;0.0
2479750;27.312239464737733;27.346261636339158;-11.249925692384725;0.0
2481298;-37.58353280476443;6.953954423954605;-9.272260074330969;0.0
2489762;-3.6778582985645087;43.667717032849794;-4.54814606094903;0.0
2495822;25.620746830888546;-32.6345471312892;12.50049561839649;0.0
2496770;30.853681351381077;-22.734116510755204;-28.76067966569056;0.0
2497696;-3.767917869712243;-38.59376935388417;22.717133401522883;0.0
2505389;38.90037655686501;-3.7941718808231086;-21.853980330187444;0.0
2516639;0.8367733321939974;16.609101147208488;-37.1131134683176;0.0
