302;-11.902907343294357;41.20081044165325;18.618864129809793;0.0
991;6.61806814712176;-31.70076614892156;-32.20394571578956;0.0
7442;-38.64130852985057;27.22373735045168;7.318421713793715;0.0
10516;10.728220311733757;-32.66822320157344;34.46226428621217;0.0
11099;27.788136305586914;-24.53244488322719;-27.532689566035256;0.0
14333;-40.22615611926703;-18.537833700108866;3.8024740361535017;0.0
16184;-12.233994117516815;-36.40133626440942;17.353882828810022;0.0
19162;-39.03353362343719;-20.04857881591461;-11.669155466636072;0.0
19611;-4.662484906655953;31.580545087803518;-31.783494903439525;0.0
19821;-0.2655610728085866;6.913703764837761;-44.97325703702364;0.0
20379;5.889126112696338;-24.092463335481224;-39.40246033870851;0.0
22196;28.819118401071552;34.19653416241236;20.31886940902489;0.0
24446;-16.467943993326745;-40.39484264393407;13.435495719307587;0.0
25765;-7.479584632040287;-43.40302658304702;-1.5966243933939932;0.0
26532;-36.70832358963024;29.314630773377196;-13.993951911632392;0.0
32130;22.358010642703718;-35.00290593059774;3.887126459558081;0.0
32649;2.0135301587958407;-23.802929183258797;40.285465579139704;5.0
32743;16.95542092588317;34.27510779213525;29.477142320918205;0.0
33476;5.5027177129056195;33.27559142343877;-33.596588554350944;0.0
34819;-25.522243975947866;-38.41575835289528;-9.627275065867632;0.0
34866;-11.169217281842014;-20.167520637223056;38.31760452200509;0.0
35290;-24.384110775380517;-34.75228759995148;3.152315860979286;0.0
35904;-27.532802238070044;21.982246658589688;-33.24811593554113;0.0
38568;38.415115297867466;20.130863752539454;-19.790293290705996;0.0
39043;-40.87427589244604;22.030012731093475;13.62355771181042;0.0
40838;14.848933418533255;21.62452943673049;-38.67708877114156;0.0
41013;-11.744707562157771;-32.72560899255949;31.10167519946548;0.0
44393;9.017574395477283;-12.339679112098091;-42.90982261340531;0.0
47196;-25.811420875377067;-18.54420928841878;30.272057266834597;0.0
49745;10.627455787354595;43.497236892719656;-2.540658544521411;0.0
51104;-37.1573793583242;18.20757410350765;21.596549672774717;4.0
52165;4.547827714280137;42.64228424085209;-2.193720395160966;0.0
52742;-1.3247346646436404;-5.66287070498672;-45.31564536595495;0.0
52770;-31.193623824147135;-35.887375907481164;6.394757670370166;0.0
53046;-15.39592729239226;3.3410294963174594;42.58902884177544;0.0
53351;-32.615616353721414;-5.962504462376164;29.491586326158252;0.0
54085;-22.982608067547073;-37.66116075874387;-15.259775504794659;0.0
55248;-25.600883560032578;34.896090093520975;21.68923890997772;0.0
57345;7.847246535018666;36.99230108686877;26.3437028044011;0.0
61601;-27.44166430241917;37.28960960949152;5.5350209226840565;0.0
62479;24.423032093153502;36.480756308442416;-15.19216541367626;0.0
63863;-39.36678452515708;-23.18402444427061;-5.598203140240236;0.0
64017;19.346273412347347;24.884874763746613;-37.15210026127966;0.0
64325;-3.7046132212562206;-8.793549413139232;-41.75212844835952;0.0
68460;-29.599042470164417;-8.897248906619682;36.51539883699189;0.0
68479;-28.771411412683566;5.675070544363155;31.448372546702796;0.0
68526;-10.847200606419932;34.37532819302934;33.1292359464469;0.0
69007;-36.12462473936547;-2.3651766595124197;-24.52704212175422;0.0
69685;-17.52021972933698;-42.23158917785559;6.987479901762354;0.0
69872;-1.2563395620389681;-42.01963659183024;-18.048967603806464;0.0
71397;33.42039972102613;-19.42086642152415;-26.728128794701707;0.0
74445;-2.040866524211505;43.28211849732662;-18.289974460265686;0.0
75919;15.471265036238021;29.856377153323365;-29.38923889709525;0.0
77582;31.505057572594442;-16.950654349191986;22.817836209064296;4.0
78983;6.491193252729848;4.188287816150876;-44.19304166949937;0.0
81965;31.32072612368243;-16.88724060434481;-28.24285590510274;0.0
85363;-43.97683227903779;6.775603575467863;13.734564398961588;0.0
85513;-43.1935253008029;0.23379382809806673;-19.278299198189696;0.0
87017;11.877965602130224;-38.04044230882199;18.991537877262402;3.0
87560;-9.620215888078366;37.34435172980769;-27.778498724464985;0.0
87857;-13.689135584155034;-28.422012684709763;35.39399331144284;0.0
91366;38.58154288564194;-17.419394746792808;15.197606648526964;0.0
91980;41.526155064249174;9.94270729750068;4.430594866670067;0.0
94090;-20.407039398393565;-30.62592715092057;30.683763630045775;0.0
94231;40.50583009439637;13.839731376992683;-13.553633721831268;0.0
95697;-13.808955422905296;18.84912179934047;39.6317616699927;0.0
96116;37.83843509094042;23.59168285852467;9.804702604550512;0.0
98047;-32.159486979721535;-22.140571478203906;29.150998001685135;0.0
99231;6.888706374680836;-37.71044515561888;-28.546847803057265;0.0
102175;9.816211640689271;-39.554735219674335;-24.285863509144406;0.0
102657;2.793492357754137;34.10244202097134;25.17555762110419;0.0
103326;-28.981036359356118;22.92446654949842;-26.6556586915462;0.0
103944;-23.338852308658804;32.30007419815198;18.91213569586907;0.0
104388;39.4390540171287;18.64659656490872;5.860598790132479;0.0
105197;-40.901962983921216;-7.715084986311582;-20.062636713328132;0.0
105432;-19.837105773061705;42.39829432356942;-6.041636643100768;0.0
106083;34.22666706147194;9.278508400528002;28.942804814283903;0.0
106770;-7.162847740687353;39.37211583607141;-2.677458196319038;0.0
109118;-34.27942230663808;23.734199242038546;-18.469815516376663;0.0
111009;-40.28897215271015;8.49970280748778;-24.42561805375679;0.0
111022;27.374701388476197;30.89742828138021;27.72379507752655;3.0
111988;-8.87317144240532;-36.38316858582458;30.440881196422104;0.0
113434;-5.4204867077120635;34.2788754350546;34.17472800153341;0.0
113535;37.51548131396072;-20.61937946629465;-11.405879394715901;0.0
114834;31.1568405269367;-14.018585865774666;-30.47701594240791;0.0
117124;1.9637170964893162;42.85772141566062;16.544371358191853;0.0
119020;5.150939818733839;-43.14299601534841;9.755788513936176;0.0
119154;39.08912215806346;-26.105629542993963;0.3915035459979814;0.0
119922;37.2713622360528;20.595148108569358;16.067139336505843;0.0
120688;25.245227411980466;-20.885877683599894;-27.68496169890267;0.0
121325;22.224124662244705;22.19756841326502;34.79557839419549;0.0
123653;44.167204048253765;1.9926786186018668;0.3758066225784132;0.0
124725;34.45334945497193;16.00573307754677;22.308472046725836;0.0
124974;23.013871809102135;38.09200213118002;-12.328989009285346;0.0
125152;-13.476259637064107;-42.29162413570835;6.655490377212393;0.0
127032;-45.69092568474891;-2.249182689016559;5.37243414594909;0.0
127423;-16.649648260159328;6.488718590112142;-43.014110199945385;0.0
128332;-40.772189532731936;23.667615565676076;-7.722443706827476;0.0
128670;-39.094593621996665;1.9847893433367987;23.92472215666704;0.0
129123;-25.905122786843954;9.858719913911187;-37.5108782491249;0.0
130809;-45.55373786405095;3.413845859872554;4.087405123540107;0.0
130950;7.465637345587745;15.387590935867204;43.36044205009424;0.0
131602;-2.7722260264564875;-15.532421218241836;40.54312453791096;0.0
136991;-20.13844713010032;-4.37020609114709;-41.073996692450955;0.0
137834;-32.869625837804925;31.70627333813409;20.78695988135188;0.0
137859;17.133145946218875;-10.706745983737742;-39.160358365033126;0.0
139915;-38.67822923198148;-22.966680089165923;4.705144668802689;0.0
140394;26.0187126865;21.273330704298502;-27.70964511881631;0.0
141729;41.43468460869076;19.463492175953068;3.1727469421166146;0.0
141774;8.657505488404203;-10.048741987604558;-40.4474797208686;0.0
142370;-9.220671234378196;18.024029984789944;-42.62010159049104;0.0
142378;-26.929473720866596;-29.53521513650662;-29.818618281177574;0.0
142525;38.55028876243131;21.684587753419734;-3.5267212539421453;0.0
142717;-45.07860813764817;1.1781164007413634;-1.7415874432730307;0.0
142733;-42.774465026248045;-3.7198703201131647;-10.597389529681447;0.0
143302;7.2212111676825685;13.135254975681956;-43.30486450786161;0.0
146214;-32.51403564411464;25.978944954416907;3.939539909984544;0.0
146522;32.944423580313234;13.275583872861915;-29.141978742705334;0.0
148356;-32.50200172117968;8.861922788590855;-35.21063743746618;0.0
150312;4.5133545372951405;44.7579627633324;7.308132146324145;0.0
150994;-26.438902429501137;31.4619893743216;-8.30273079291692;0.0
151803;4.362846683606594;44.562108537789584;-8.816038476472935;0.0
152178;33.2276261138003;29.455844558244998;-19.702039484335838;0.0
152405;-30.930694012626557;-22.141030410638283;-32.47759311110698;0.0
153594;-32.47431737780292;12.882347479060627;-33.228744589852944;0.0
153778;-14.30225695004054;25.000336118419494;-38.441051850655825;0.0
155281;25.91560128607917;-18.022482805385426;-33.73663439739473;0.0
155420;15.956925475745802;11.0119985718376;40.65865734314249;0.0
155635;23.585224827262472;33.0933952469909;-19.469228831382786;0.0
156625;-31.55910717211143;21.89913866649122;26.517245218957626;0.0
160882;44.00070226182224;-5.767258940631038;-10.813372889048855;0.0
161027;20.990081453138476;-9.171185539294697;40.108150025467005;0.0
164208;36.52370633848365;-4.770360135669557;25.32123706588734;0.0
164655;16.500981632405107;-29.83937466846412;32.93093591331967;0.0
166186;0.7115922586296856;39.58542323461262;-20.070684519520196;0.0
166447;27.952810606576154;-6.741251658325184;-38.076008198437044;0.0
166744;32.02446740866863;-31.827489210876347;-13.004412514211406;0.0
167430;32.39212450247479;34.883218000571134;5.966847144887691;0.0
167688;14.165385160659666;-8.656216630250173;-38.52819679931777;0.0
167895;-21.120404524009643;20.223878639403978;33.13877459602608;0.0
168296;21.841395622711936;22.720865434539373;-34.97470494472;0.0
170482;0.2512524114152028;-44.70477057051916;4.21738433859779;0.0
171098;-7.0288229812586644;42.095267008156604;-14.859216802781402;4.0
171372;-33.1676955836871;-27.146906015120386;20.445514150175015;0.0
172035;7.065831622538676;-30.828893455147035;-34.80571063303111;0.0
173052;14.294527923263974;-36.94803471768941;24.652646707656366;0.0
173314;12.315450502471208;-33.15498013234659;-31.69073284162867;0.0
174168;43.57130089295264;-9.927428557368762;-9.658079187963716;0.0
174862;18.72529385906003;29.731149056903313;34.747099190154444;0.0
174887;19.927259889482;-8.360159866452925;-40.29485308330637;0.0
176677;39.688397230112976;13.173519497935084;-7.579093275446332;0.0
179885;32.69007608012535;-32.79542443265147;-2.114618787031167;0.0
179980;-37.46068697977477;-3.1249977017155843;-31.11329141144221;0.0
181439;-35.97347932684593;-28.601059540380408;10.231710379705483;0.0
182738;16.863490163841174;5.936517069767237;42.66620918560473;0.0
182786;-11.882758285756298;-14.702767560331633;40.969142997638535;0.0
188848;-17.42838515073931;32.95068649658836;-32.9887806367401;0.0
190069;31.680094952685703;-28.783272205418736;24.681092274292542;0.0
192199;1.0669769460857892;37.798040792419975;-30.3779827200267;0.0
192709;1.8047643363885413;45.74863300324888;3.087018294672436;0.0
192864;17.713455017095594;37.655279828147656;-6.604355136058624;0.0
194472;7.350817671893471;8.233029398908933;43.50366744299776;0.0
195435;-35.62487479931246;-11.827619065219965;31.350710625427897;0.0
197571;41.73092412103224;-4.129087593189984;13.85041598360861;0.0
197728;-26.94728139855981;-35.015374053081395;-4.385825938994081;0.0
199493;-11.883694013264714;7.143231127216125;-43.33712718318851;0.0
199769;31.480574763864684;35.46836784679609;12.205512825601316;0.0
200782;1.929099300825523;-16.685421631204292;40.49485144125063;0.0
201456;13.094458080744523;-26.08376292395;36.351406064408195;0.0
202158;21.981199633095688;39.10985106436591;15.330117205732048;0.0
206674;8.30990195571637;-4.854959314667453;44.15835242327694;0.0
207460;24.36398370262973;-28.884806197352543;-31.693082465768747;0.0
208909;-10.263692061970014;22.934569933300747;40.46099761694467;0.0
209027;-42.64576608153686;10.134238764245438;-9.258506366254847;0.0
211953;35.27074384587759;22.35216681143603;24.28921618920393;0.0
212561;-10.846972514251949;-11.761949131578636;-39.08237282836986;0.0
212641;-35.96167074798054;24.75393062263491;21.87221966852149;0.0
213195;33.889010958001705;35.187303333871576;2.9149485173510734;0.0
213729;16.101270718751167;37.55496599190764;24.961472510713104;0.0
215770;-26.227812746376348;-4.748305958909149;-36.972668671831684;0.0
217542;40.367556774826674;8.064780508913605;-20.895019232958916;0.0
217986;28.796375138634975;22.78885888538589;-20.607388138885028;0.0
218063;-42.88202834609218;14.959297050656613;1.964942748379929;0.0
220821;24.470467019798953;1.139867250663713;37.63753535671786;0.0
220969;0.5195474556898495;6.25310281570765;43.869584990510745;0.0
222047;-7.654712012354459;-25.246068330093756;-39.448087016600546;0.0
222155;29.994370166855294;13.27424417488731;28.514928640031545;0.0
222666;-20.27745006979772;-21.536212424096917;-38.50203215436143;0.0
223241;-34.797757636234174;16.584493594969768;-17.032586155171213;0.0
223394;-8.799711336797813;42.909020168669755;-12.055613675710461;0.0
224941;0.8017577968339903;41.69014508873447;-11.858412881947014;0.0
225619;6.89199790955075;30.067090346966058;36.07790981450329;0.0
227501;-28.395364374433363;37.91213359408495;0.3405147269625904;0.0
230283;-16.66853594052745;-0.6495169235859864;43.634831431982214;0.0
232362;-3.822085840452514;-31.9393340680424;26.43301875080651;0.0
232388;-19.4603016336997;-34.712203836551296;-26.446979090726497;0.0
232502;-31.87099160869788;-24.666980788960036;-26.144715746671515;0.0
233122;16.575981360146507;-37.8306304914576;-14.405230945540898;0.0
234705;40.38963224934976;-2.5891185118735844;18.50413514336303;0.0
235403;-25.43251306668263;-18.541572487994916;-36.56573300745931;0.0
235471;-32.218661782772145;-15.208134613533552;-29.771372973322375;0.0
238583;-35.56494701729767;-30.880986408596495;-1.7214121070439312;0.0
240702;-41.66575571535063;-12.567196927514548;4.517085767910566;0.0
241302;11.72833439183429;-40.059885173101904;21.104587843614077;0.0
242644;5.523688451868104;-35.11367078508888;30.415950447651607;0.0
243644;30.837376834936993;-32.612851766721505;-16.051138533516845;0.0
243663;27.917145785418363;24.066199758982147;-27.38136827521751;0.0
243983;-42.178034236052305;-11.436706875648467;-0.5784857075820529;0.0
246266;23.637545872879915;-32.38545761573348;-7.04995723207651;0.0
248806;18.929701540902247;-39.04704877141484;-17.32329786756209;0.0
249715;16.917953352168784;42.02320087546729;0.8506757519617131;0.0
250597;-0.40358010739733013;-44.00751754587767;-3.8566672238123823;0.0
252342;2.7078866877137813;-31.08414233161321;-30.30270131219833;0.0
252535;-11.156119844822593;-43.228670731361305;-11.996470475791565;0.0
254660;-27.110095236925854;-13.346607102204846;-35.14926415568802;0.0
254707;40.41328513235986;8.479895201177095;17.062103480187076;0.0
255859;24.21091462122358;-0.013948967784234476;-38.86282175024239;0.0
259560;0.0521750743589623;11.768361819217079;40.880024914318604;0.0
259566;-9.345116122751556;-39.26348625404441;-19.668248866293286;0.0
259793;-28.576367876171535;27.507429045455627;14.723012801314022;0.0
260564;-12.407596990238348;44.53035700876684;6.699165905233721;0.0
261610;-22.730743474272128;-32.644823143617;-25.769391458302998;0.0
262066;-26.224767853338683;-28.1082348083192;-26.184161951240707;0.0
263098;-19.10654442164852;-23.698045259363873;35.680427608659414;0.0
267382;-44.939309777371754;2.163409728485528;-6.924920815520517;0.0
268479;36.49894047561772;-28.847863510434358;-8.63926704628531;0.0
268556;35.15269927869983;25.5349374425011;21.242675666541132;0.0
268997;-27.203324475466314;-31.761867368957184;17.321504733349926;0.0
270140;43.909572570466594;3.840392641519341;6.818268490299117;0.0
270405;-22.425748520398155;25.471459117341304;-31.009883216393156;0.0
272390;-41.17061708442867;-7.0696762122134915;2.2012663298810042;0.0
274419;-24.88667202010639;-37.74063301664664;6.529233804962606;0.0
275228;-22.72168161976698;7.152789700508781;-38.22662872416038;0.0
275246;-4.9147249588760875;2.3195654396739385;-45.00133985466977;0.0
275915;-12.575243359657405;-25.346915297425202;-37.91577482447747;0.0
276223;39.35737778430155;-9.748302693868846;23.874539131612142;0.0
276474;-28.410734488837395;19.38719809386082;29.062671370707125;0.0
277144;22.297553851745107;-12.186420411901688;-31.060365784174685;0.0
278135;-13.842633368913058;37.16461784953468;25.852417007449183;0.0
278585;34.795677325738225;-27.134426900243092;17.72781383128495;0.0
281414;30.98470788686422;-21.02222870833218;-30.7115551492605;0.0
283524;21.332050697062343;6.989382959910896;38.61359945358813;0.0
284833;-32.1757969437816;25.382734012093923;-23.690111499255803;0.0
285540;-29.619765880270048;-25.939790048279114;26.085068270694485;0.0
285601;32.28988699734817;8.488340107589323;-24.574207734755543;0.0
286191;33.86591593896872;-6.383410772037562;29.899601993205543;0.0
289693;-22.78832575429446;-31.41054222399836;-12.411223106089611;0.0
294990;-29.4608488454486;32.447111203549404;2.3390709269157357;0.0
298709;-24.214454171974946;38.323078734036706;-10.164273418786879;0.0
299168;0.5629349915856748;43.60054340812756;11.923677471072951;0.0
310229;-31.23210544617461;35.330303382705516;9.199261486694803;0.0
319390;-16.465711163369072;-33.18448921306722;27.115805785420683;0.0
320446;7.783402712770413;3.0015198004700485;43.835983991258445;0.0
326128;26.399409507258984;-33.05165438024982;-16.316044227793814;0.0
331995;-21.45606963018224;18.93118826214176;-38.064688781088535;0.0
334094;2.127548590047611;24.606940334910455;38.325953244972986;0.0
338544;-13.501231607310743;29.840149632215585;-33.42278232234712;0.0
339598;29.743735347618575;-33.504024355625575;-9.193972771305823;0.0
339908;25.600213024020675;-30.667588322807774;-22.83776267063119;0.0
344974;26.837747692156103;28.85063359363108;18.57345042954449;0.0
347876;22.522133949961866;8.327116731177744;-35.71688113406071;0.0
348114;-13.43009433188382;-23.669052821144216;37.81413090860728;0.0
355158;17.70318125119188;-34.61653153852484;-9.598470872389022;0.0
360634;37.09819081478155;-27.338434733766736;6.147553851997642;0.0
375610;-1.8485683380105107;9.80444909247224;-44.91941904108418;0.0
376628;26.419149098134035;38.673505250815644;3.9123886976992157;0.0
377623;12.48925948257345;41.41637677708703;16.256587744656244;0.0
378658;-42.16103999548829;9.242257547384396;11.557162212155912;0.0
378891;-8.38294709846405;17.314196165630005;41.98459558901139;0.0
379417;35.53195334779386;-1.3875334365936263;-30.31396301948024;0.0
381792;34.34641270156515;23.826914586176443;-25.11465701225245;0.0
383315;36.499630248318496;29.03928230514433;-0.7783417655555515;0.0
394259;5.12640651369581;-6.280872350135103;-44.62735938642347;0.0
394793;-11.23282339357785;21.568165938352752;-41.12969789911202;0.0
395357;-38.41359010325023;-14.336697493356924;8.532041055520938;0.0
398290;40.290857348219035;-13.329119577976336;-15.09282990047001;0.0
398611;28.57652726587928;-3.722533570984219;-32.78724609178496;0.0
406833;-6.067347851819546;-33.18082599788743;-30.773368126784174;0.0
412928;-3.433194533748862;-2.490041835186274;44.62273158870197;0.0
416438;-30.06950592546796;16.303804197478144;24.641132175320784;0.0
416455;-41.14472450121487;12.212575438513593;-21.70345344900058;0.0
423374;37.99132554594996;-26.309799514323764;-6.626745954874188;0.0
424937;-31.248555563253557;37.458790791872254;1.0291729020723936;0.0
435092;5.190515870952876;-41.29774686494806;19.003960656122302;0.0
438883;-23.45583336175211;34.88555113612075;-22.287131688527282;0.0
440479;-26.280727381250234;-38.799332432688956;-2.668138192319552;0.0
441034;2.250335859811623;-40.007319546726016;22.530776719459574;0.0
446808;-29.479321562956894;9.070473915809917;-25.778776214371256;0.0
447788;-10.874489910650334;4.272068405335058;-42.54269315449376;0.0
450174;-22.271687375466193;26.825581860497486;34.087316487325744;0.0
450934;-20.634591565040136;-32.203684646440664;19.789522449102147;0.0
453202;-9.357290885730004;-39.68216179482194;-23.8010687206356;0.0
455633;15.118253932905;13.895435331752156;-41.7887193786813;0.0
462317;-33.54824675523038;-24.444879475508596;17.565178619315517;0.0
466307;-36.9442780671637;-25.59457942228131;19.714885470350794;0.0
466711;-36.11418196540958;13.266039727085909;-24.544561249114437;0.0
469252;-39.58352429861169;-17.982448507756615;16.901479876253358;0.0
469421;33.156535556046336;30.170693657002175;-9.245726334601718;0.0
469968;17.57478597135494;-32.839317060447144;-23.532609735115216;0.0
472876;26.201628864731145;-32.343700260401945;-26.393748424535527;0.0
473919;-21.514529927646386;-37.79236047300765;-20.48460447600018;0.0
478655;4.421579386325578;-4.983311998979045;44.03037897654585;0.0
480609;34.38420180279344;-16.186608792708903;-22.99165205941256;0.0
483835;-18.954301143814405;12.407302943708537;-36.56648049022668;0.0
485261;30.9594198853005;-22.292840862972906;13.343659766660716;0.0
486315;-6.442704430344375;-12.586799113469127;43.65948462281336;0.0
487805;20.71662642470972;-28.13423181927256;31.095445260371264;0.0
493182;-2.5862769781182173;37.84652274455942;26.433626080554998;0.0
493481;-7.678633521984086;-42.69869170880438;-16.250816737996406;0.0
500267;2.307485314334465;21.304146505812827;-37.10051020983912;0.0
503020;-25.43629445009403;21.618074153566702;36.206320208881486;0.0
504205;1.4974857127363197;-37.27708927313809;-23.814586616711665;0.0
514018;-34.006547126973715;28.090831101092178;-23.837777819188982;0.0
519580;9.62335009431434;-40.07622536624447;6.826771793802545;0.0
519869;10.40224019138065;34.35343409300128;-28.119988425216402;0.0
520919;-36.325123251220255;-21.75174578234978;25.924367720005304;0.0
522965;41.43248887806161;9.902238113298575;11.356517364060828;0.0
525790;10.016649694379046;-24.85004536450529;37.95934317666082;0.0
528561;-29.27383800058738;-28.46306652684848;0.8959857973901342;0.0
528833;-39.27128535733042;-22.121741507902378;16.212086413062877;0.0
530572;-41.79877467076146;6.89844769651772;-19.07262326893152;0.0
530974;-19.348012958640528;-32.18980674947296;-20.392558293824987;0.0
532649;27.701387083095927;-31.160355344802383;8.429756832721353;0.0
532780;-3.782310894611094;12.22550661557924;43.799219930736875;0.0
532954;15.638323312597457;-19.693652287990208;-39.810492494346256;0.0
538488;-20.53213283799155;7.252468038991609;-41.13048110715871;0.0
547889;-4.7231849043238;20.96065206727172;-35.65768159812443;0.0
550042;20.921825558893858;-27.103851557339592;-33.15904456989416;0.0
550729;29.161163217701677;-1.4704679549800004;30.994070658145205;0.0
551455;-7.157662766013331;-24.60925698186962;36.53666911868101;0.0
553024;32.60461296768999;21.409398674894614;-21.663240524975155;0.0
554523;3.420388738673144;-10.548788035261186;-43.550888017967274;0.0
555009;28.91380138367061;-21.192728977949447;32.96596042754806;0.0
555993;-7.372326351119603;-42.30376523448129;4.457385391039156;0.0
556384;32.25460965806611;18.922012361552618;27.29325324781703;0.0
558006;11.303376698092766;17.168423285500932;39.880676179625105;0.0
560142;-31.1635898566303;-2.1083101836199822;-31.72447674199826;0.0
563370;30.47720830929657;28.076595951331246;-28.6687259675162;0.0
563964;14.967610048345186;38.59110077190999;-22.407649544273543;0.0
564636;3.2106342878630465;29.095923361461423;-38.07041581817382;0.0
568120;15.55892250525333;-12.743852937568974;41.178361225746485;0.0
570816;34.82648900510493;32.86090886965017;-3.7855728874231067;0.0
573311;32.24448566352571;30.04173089484369;-14.205669535243738;0.0
584483;23.658788673584937;-39.49743461973897;7.198194469454252;0.0
584691;-20.679139614306465;-25.058167101347877;-35.25798167686412;0.0
586836;23.357041972030927;-17.635043525178865;31.760229502305155;0.0
587861;-43.89516703860428;-12.873567304642446;4.977067632368181;0.0
589188;35.757978945773985;-18.954706488329798;15.69437627585493;0.0
590293;37.15469721427658;9.865181380296397;-24.132033204478837;0.0
595783;-32.26555808212934;23.42425496292916;-31.015013916123593;0.0
595861;28.184186752159473;3.173748967499159;37.31595288084447;0.0
601313;18.50002673624091;42.354077420161424;-10.877229077739951;0.0
607020;40.19523726406236;-12.802267891409366;-1.5370554099777842;0.0
609210;7.154468788636953;27.131538648814765;38.88020072458372;0.0
609790;39.87201692153694;-10.805466609924878;-9.219557567497768;0.0
614205;20.069486348613676;-21.46538843188867;-35.41817108124915;0.0
616661;-22.607135381864445;-24.299947513492818;-28.177786430963874;0.0
617885;-17.190746088880864;-29.105679110814958;-35.7494021306381;0.0
619965;44.68100776357268;-3.005440649875726;-8.274402707487747;0.0
620392;13.234292320210782;-18.966671708804526;40.44360215401287;0.0
634458;22.688415888520634;-39.01888076271802;-6.337776536874902;0.0
635773;27.98021464391515;37.86908463250097;-3.2504988904150744;0.0
641648;6.709248678297978;-23.09846514839091;40.7486135964773;0.0
642364;-21.37249171325575;40.49106181354401;10.951838575507209;0.0
648540;9.493123893912108;0.6534491518366403;-41.65881676686678;0.0
648595;-31.50630520927233;-20.966576967442485;-27.275467554911096;0.0
649459;21.943218164978735;-11.302778986688711;-39.21455361376581;0.0
650839;30.837574698022475;24.282983502011305;30.031329342363932;0.0
652604;40.27480020921264;-22.47027046272959;-8.53696427382146;0.0
654543;21.7520728060605;17.901342505349426;-35.66304313812126;0.0
654727;29.398772050477618;-25.61725123415924;-23.4938835323293;0.0
663055;2.832462626030041;31.302242413780498;25.776605216627793;0.0
665704;-33.80131913775627;30.534390741000326;-15.495537615439455;0.0
670662;-26.46349516216727;27.674299077074014;31.40841244773104;0.0
681928;34.113907087535544;28.757233972989233;10.19697647688389;0.0
681954;3.168903382978703;-43.849815170553185;-7.364648851188213;0.0
685331;-17.023469338697875;-29.243479757458225;27.86049098860922;0.0
686264;-1.1635592081980752;-39.61097230552524;-22.976472937847984;0.0
686334;10.804471798300659;-35.93274426412271;28.008910287506588;0.0
687389;-8.727229554224069;0.8391649123833713;39.099858978549165;0.0
689137;37.08451902519455;-12.154788425159758;20.239588143961576;0.0
699573;5.204928273061216;-18.889116249542344;40.55054715171488;0.0
705003;24.178228738741627;13.40818786541292;36.22411139798424;0.0
705943;29.180160822006176;14.915956790641237;32.72255035902978;0.0
707944;30.819566409145374;25.293706616021506;15.26180360142083;0.0
708909;19.509886947350545;-24.42477988374191;34.61514649692648;0.0
711804;25.46978552540995;-35.3618350638555;20.59983086825905;0.0
711986;-40.1497507391892;-9.976989138133918;19.89608820922365;0.0
713074;-29.131546961143073;26.220269216242418;26.98620821252961;0.0
718390;-1.2128010095477362;-43.83876781494722;-14.757666322257139;0.0
718993;6.313022353427214;44.52015606747098;11.440545969126463;0.0
719556;-38.861651060319964;17.626304572236826;7.427422289105986;0.0
720008;22.18248684919398;-35.40258661516918;19.774278747224947;0.0
720791;3.4463988030939494;44.16925687776562;-12.855945123591873;0.0
722801;8.400408515757672;35.42201567092396;-30.747860277347694;0.0
723176;33.03519601887565;12.310429726677151;-32.33568955353841;0.0
724025;-16.381865306847665;16.00760041041599;-40.55043173158168;0.0
726602;9.624556509516088;-31.927649153605433;24.45171399625289;0.0
729110;-31.773109839550226;23.71662240461173;30.925750183587965;0.0
733726;35.35247504067293;17.10987367483848;-27.440691475582227;0.0
738789;15.586553260711106;-31.972500867746003;-33.61877944900723;0.0
745741;-21.54796741504332;3.4816088139649786;37.78118120867802;0.0
746836;26.52705867837776;-7.18291160717472;-32.55714506386362;0.0
747556;45.17797937613374;-4.8994180507354725;-2.7038473265641967;0.0
750710;-35.16571976896379;24.812011682518555;17.227915493917827;0.0
752261;-24.775764264497962;-36.64821718121884;14.574096096604546;0.0
756906;10.56952862098188;-13.605297971928856;42.76879569922936;0.0
757695;-28.991176842486976;-1.90704941796888;37.369216524216355;0.0
759456;-19.410526701258608;31.089132878324765;-20.271580131595144;0.0
761904;-16.23835685980798;44.010892210724464;-3.3108842308150397;0.0
765589;34.56319644459431;-21.507408230618307;-22.08582798383853;0.0
766458;-44.42958149199404;12.296474882953984;-7.591946131707311;0.0
766567;26.74889342628348;-3.230269107486238;38.60442904919581;0.0
767884;-27.305990683944813;30.86850179752238;23.410508974685115;0.0
773453;19.492238659365082;34.357932730097545;23.78856487287262;0.0
774238;8.08067825821225;-26.338723250083184;-38.509899960107674;0.0
779474;37.74511241705404;6.592545870168632;25.45421479982203;0.0
782879;-2.169729496046501;-32.223501184071175;-33.2702766011149;0.0
783674;17.425208348977993;-5.104798902926937;-39.61302513503709;0.0
784905;-0.579702084640534;-44.04059091023535;8.700553762963574;0.0
792276;-25.247456119790527;33.23171803233196;-17.79854301409807;0.0
793614;-3.1309895867850805;-36.65216894673162;-30.932199970554933;0.0
796434;-34.274519699075626;0.22376820689291774;22.814104291424268;0.0
796564;-20.60551118767138;16.586663218664025;37.33444758314005;0.0
798676;19.226449451449472;-41.83560468564486;-0.35856067337570796;0.0
815783;-28.131838225557935;-16.120657178980604;36.55891497530548;0.0
816226;-42.79360553166983;1.2852616661149583;12.90160752676323;0.0
823102;14.19578187716655;5.848169141026554;-43.75643478660021;0.0
825351;-14.71858698882561;0.21534833393963826;-42.92691028931525;0.0
826225;-10.828136360729003;-34.85044967513689;-31.330762179073727;0.0
829935;-11.040995819229472;-42.391448810431484;5.736263482183197;0.0
831086;13.847099028828408;29.524129307522916;-31.681823506585246;0.0
834850;-30.29203869036968;-33.73274583814537;11.014394226626035;0.0
837620;11.59773925922059;-34.947421823711025;31.13323436159956;0.0
838178;-42.76947173143808;3.017454305584921;17.94759712372802;0.0
845993;33.48452659741055;15.380352444656724;27.622950858293514;0.0
846701;-14.143382510744436;26.470153804613357;-36.26921318908007;0.0
851890;35.469937010987884;2.014462622937396;28.80499042714859;0.0
859904;-13.094572126828515;38.49365320231103;7.388226848516658;0.0
860816;15.03681541059027;-28.372728287834757;-35.470967547891426;0.0
860943;-22.90811948610983;-25.76341984045927;32.0324588788433;0.0
864675;-20.7853357551919;41.04850533160493;-12.281670876822297;0.0
865968;-34.93871035175308;26.98558164609226;12.70167100103318;0.0
871916;-6.3600278896961875;8.87929214458776;40.62527893986135;0.0
880816;-17.739696608807396;34.69977693554378;31.279213349109337;0.0
894992;16.241018393117525;-36.196787055499115;18.52193320271181;0.0
895262;-33.3193274096251;-32.57457075587792;-14.575754573994645;0.0
898764;-4.507432041710483;40.83419487714427;19.137347856719998;0.0
899105;35.77313470850208;-9.508174541876043;-20.824034476993717;0.0
899717;-9.05415433340542;35.63134931916512;-32.477947615801796;0.0
904102;41.96406729389283;11.513784165787408;-4.893878227854331;0.0
907890;19.00407058005868;-0.9619481458778443;40.56566444106524;0.0
910633;39.249874922622425;-7.160825827282603;-20.776485504264276;0.0
917256;7.107989513213387;40.365289593638884;-21.579067644743024;0.0
918040;11.953663346867623;18.706968164816637;36.71335810591635;0.0
918118;-29.918129672682028;16.036465062059605;33.68352464753378;0.0
918401;-23.17995176242781;-17.372653714995742;38.321465600270365;0.0
920131;-32.29548762190662;33.061256236092426;1.8810149641746907;0.0
920309;-23.169258911516653;39.468975312610745;-1.4951283595694667;0.0
923668;-0.17715942733180745;-34.89419390561846;21.19610776494386;0.0
925956;-25.44537691533725;-5.951848710793536;39.717601271910155;0.0
932362;-34.76286503072944;20.50902407846652;-17.805182419855292;0.0
933982;17.91013504621045;-23.17390044973021;37.95436637044132;0.0
934551;-4.941601704832772;-18.39126936763787;-41.7882247209676;0.0
935552;-41.86697972518551;1.1008110184344384;-15.170272687697407;0.0
938173;35.84305457633362;-4.986521777921278;-25.618955055173096;0.0
941528;7.935467364207911;22.641560810639575;-37.702159638914395;0.0
945978;-26.478046343245285;-35.48087444265748;18.148017314778134;0.0
947787;13.579651343522698;-1.5477436234728734;41.86673789252547;0.0
950576;26.123896153121553;7.508095466013688;36.545847767368556;0.0
953145;-28.378186011275915;-32.95490757574527;-16.964022473904738;0.0
955251;-36.299321355253966;1.8931522843123108;31.724155214484355;0.0
955649;-39.24199337638413;-27.089212437112472;-1.5660590123472296;0.0
957283;42.513623769518645;-14.297660755450742;3.0985884760008067;0.0
961777;-31.009152222216244;-20.908057585862533;33.21609234477585;0.0
962973;27.912809286128258;-31.031562964745277;27.958015504963647;0.0
964664;11.465016411413377;42.59820474236457;-6.542551776879384;0.0
964712;-2.2731802866208968;1.1729292791154584;41.01885334976701;0.0
966789;-29.40729939984213;-36.12889528429375;-11.208997380367952;0.0
968279;21.867154923152878;-34.70188197892542;15.9104647499865;0.0
974277;34.9501204563491;-30.680974310160185;9.965885446510551;0.0
974994;-4.780861993741255;36.283091086047776;-28.19041119505687;0.0
975871;13.181656617325455;25.519468396554327;37.66732474347626;0.0
976833;33.5576782289716;1.3053660670538638;24.160959688336668;0.0
977827;27.286729262193006;6.159334949878938;-38.07640117650959;0.0
978321;40.157687247395685;16.074567446506578;14.709220095397013;0.0
981125;-39.481973818087425;18.032235806640553;-8.490258280279116;0.0
984921;12.22422325362203;-41.315081869714845;12.302627875292734;0.0
985580;32.010196533628374;-24.924367685988763;29.802104957835212;0.0
995008;-10.292938699292545;37.10913374264796;25.17471395489249;0.0
995568;2.8508190646243885;19.355677405104473;40.888714401489274;0.0
1005361;-18.465473520889738;-24.36286247847868;29.491264798644348;0.0
1006186;24.98729089526985;22.69462109472916;31.048128501957418;0.0
1006418;-4.1649983691554215;27.941342791913538;-36.57801700734954;0.0
1006909;2.684834779474594;-44.3817700758665;-12.0444536480697;0.0
1008403;-23.9267475051948;-10.859304605864338;33.54763667738348;0.0
1008777;-16.702804727693245;-6.7939402621048925;-39.08589039433395;0.0
1010057;-12.102211806390235;-19.1642586103945;-40.36598761063488;0.0
1010671;11.618065569106058;35.005865632584715;20.201311255265605;0.0
1011498;-6.6416379001549775;-7.477530428479225;43.1241990222278;0.0
1017521;-1.2622916855596025;-1.3864375464747842;-45.60276943587229;0.0
1020176;-32.50517302674418;-17.82769346797627;-20.06734557995272;0.0
1020527;16.840217892460778;10.678602020902002;35.19795221520818;0.0
1021707;21.918457798309625;33.75550009297558;21.048416712124997;0.0
1021829;30.787006939190256;-32.2658658691512;-20.050377446323594;0.0
1022971;-39.52343987498756;11.252727183332865;26.178597051961578;0.0
1022981;-20.31210221669163;32.68691027075767;-30.114143287932592;0.0
1024202;34.48514495356922;-10.231766715722877;-30.501358598118784;0.0
1037222;-4.11300709534711;-33.094065783002804;-27.51395303107965;0.0
1037463;-19.72845970244425;39.393529018877814;5.631905475621382;0.0
1040515;-26.093378520284652;14.016355783915401;31.95970846965003;0.0
1042625;-21.453744738927846;-8.974928030310293;-39.05679627647314;0.0
1044106;-30.162759896894105;16.712539866308706;-30.852702979766477;0.0
1044602;1.43371557387667;20.11556921084168;-40.59438481754236;0.0
1045102;3.555156515209287;-13.717818861303627;43.9091081418354;0.0
1047799;-4.010717376350705;42.559967701095545;8.323775043511857;0.0
1048523;-35.03180218537307;9.636060736482632;32.56216583965768;0.0
1049190;4.254152521266975;29.97587821265813;34.98797276384081;0.0
1052758;-34.23704937726283;-27.222289102589905;9.957874739647016;0.0
1055426;-8.683817156625445;27.95075502896589;36.489789307914265;0.0
1057874;-17.08787514707086;-25.714564146936137;32.363332675439025;0.0
1067352;-24.755263450363493;37.07009150854496;-6.782508172721597;0.0
1068597;14.693266010080972;-41.47313050543891;8.75697703248172;0.0
1068847;-6.859255004026802;9.564564147188673;-42.27309370813346;0.0
1076082;19.402175230192302;35.7622027730293;-21.958082629275427;0.0
1076698;-33.236466746383485;-33.689597945018654;9.417007064167269;0.0
1077665;9.744667646697751;10.537628694645027;-40.349419325324334;0.0
1082589;-35.927069440907204;20.361319285155606;0.8689621999246948;0.0
1087868;38.09116945736196;-25.38304454721419;12.564087454164259;0.0
1091436;-13.095458388565563;-4.787466704756058;39.93969434106637;0.0
1098482;10.74501050599087;39.33696490931618;-25.805770785047248;0.0
1099190;-40.550027761115494;20.32461705684825;8.002720889557684;0.0
1101875;-15.841332212349268;-31.636078660461607;-32.367523525513434;0.0
1105324;34.73577152851071;-25.88251692932785;-15.180859736819798;0.0
1109076;-22.984234941805465;-11.522029148040348;-38.92523106512091;0.0
1111373;-0.9782935775830041;-38.41570888712391;25.591619720294336;0.0
1114051;-24.849715592696157;5.516532403609905;38.12081319490465;0.0
1119966;21.179698869341056;11.705940137895713;-34.06011855736746;0.0
1123163;-12.22419989478555;11.812901624188177;43.73895413261772;0.0
1125384;19.45351657872678;6.713142046719562;37.326098860172145;0.0
1125733;-4.862672883390467;-44.33961699436401;5.766188556300559;0.0
1128325;38.30953060887814;-22.1942748173213;15.077228945799584;0.0
1135114;-28.684684174979854;3.0288675017916518;-36.375237573814914;0.0
1139173;-8.80628822331622;38.360021420954894;-18.383075912230108;0.0
1140758;11.041135972248355;22.289291693877107;39.473105704520144;0.0
1141638;-28.629197319994727;-9.050831195403797;-34.226790725900365;0.0
1144867;37.92327163693844;29.392981807128916;2.0911939961890478;0.0
1152580;40.674340740765196;3.1684272749292663;15.157733114655105;0.0
1153313;-33.77273067000281;18.693982025782798;-28.783830069395854;0.0
1154340;31.27707258044838;26.546339336818434;19.714408675276754;0.0
1166291;-42.375105869190506;-12.685336304087432;-16.462285658701695;0.0
1172428;-10.166057621679212;-30.97388862342623;34.79260769981487;0.0
1176478;4.612002682386728;-37.132753648477156;-18.175134175833342;0.0
1180468;-20.656552993479227;34.21406428216622;8.279622033391888;0.0
1181055;29.69930134443624;-0.7431831956516244;37.52816104002191;0.0
1182712;25.681452309200722;-18.72367385504766;35.26109802046044;0.0
1187945;-37.48003084447886;26.787817492154876;-8.086689723482914;0.0
1192973;28.634402218382217;29.748808337282412;23.5312961440755;0.0
1194015;23.28562439056624;-15.451320712031466;-36.94474799199171;0.0
1194192;-9.879175384421899;-37.84511022197697;20.751914756385418;0.0
1199441;-13.492404715219603;43.513813422325434;10.450364890726872;0.0
1202508;25.39070349748132;-26.842205107776223;29.3179202471733;0.0
1211367;43.480762042755025;-0.565887780387587;9.659341252158255;0.0
1212627;24.939666349834148;-36.51403578018081;1.598149931523537;0.0
1215284;-13.029615324724437;-40.38800812318978;-12.618311557930246;0.0
1218769;-31.87992567662699;-30.498203781144742;-22.859450663278537;0.0
1219486;32.426445503510365;4.181046920354286;35.20907651756962;0.0
1219561;-14.92102840625587;-38.68851811242645;0.7895430146724539;0.0
1221152;-6.361634840241111;-42.31635427329496;12.775865535940612;0.0
1222042;-38.406241688103364;14.38832052197837;16.540712265159677;0.0
1223113;-27.5814902975902;-32.676091007319684;21.83019025144742;0.0
1225652;-3.7342212335195937;-31.29884851224483;36.626083996629156;0.0
1229870;-31.810668100512128;13.53069809250603;34.99964393778573;0.0
1232276;-23.687805844690278;-24.86325272546109;-32.5198121469713;0.0
1232493;-18.35530775185186;-37.59616273516365;18.53650911667551;0.0
1233266;-32.068302326397706;1.1338216917971573;36.76714388798603;0.0
1236842;36.32863532098752;13.282263126046074;-20.920588914609606;0.0
1237482;33.62208541139379;16.4777629489437;-15.082347279087179;0.0
1244710;-34.02615206102671;32.48720321124481;-3.3140572539410464;0.0
1256587;-41.43935637598682;-10.543222448957456;-10.597190292546761;0.0
1259231;30.079910226046124;21.791106795868274;26.3999673712361;0.0
1272502;-46.10543785643613;-5.753587838068646;-0.4337974246049224;0.0
1272960;-42.17871576445785;-13.988778616376608;17.449900013186866;0.0
1274215;-38.41382369161503;2.338421516910353;-25.0044115483607;0.0
1275630;-35.36640515151041;-15.294831622154758;31.390112860422537;0.0
1275701;21.038900047333083;41.72746976133156;-0.8594566134044959;0.0
1276667;-44.42062543927766;7.027965574554917;-2.5741654214031855;0.0
1277185;27.523450459182698;-36.70621305005179;-0.4430770659090197;0.0
1277860;-37.894262710128324;-13.715656107855393;21.55901339660009;0.0
1279516;-11.974084466148216;-27.873530715562044;-27.517322199729634;0.0
1286806;-4.879240825188717;24.88732057133102;38.41910004056117;0.0
1287509;38.62444070181339;23.486559850068126;-11.798116854745356;0.0
1288058;22.888257604855557;-9.721776673971666;-34.964429804767086;0.0
1288789;22.202193462888122;-32.16706348703638;28.81172601635014;0.0
1289306;-11.580663949753497;25.367847563009956;31.529727252016038;0.0
1289571;40.62400931839619;15.214595392894159;10.518866739779137;0.0
1289703;-38.72859088343299;0.8596476062439524;-27.143927076444545;0.0
1294091;32.088902072074916;3.337388265924943;27.874165526294625;0.0
1294114;-36.7100548916282;-28.334936438508052;14.31695378033426;0.0
1295030;-29.34417557937715;-25.783890425511235;-31.684244581283966;0.0
1298397;40.79562806406611;19.30245223511032;-9.690734154338562;0.0
1306116;-25.300513655781703;-12.9635647794534;34.010202097858276;0.0
1308670;13.540206513002714;-30.21533376756522;-31.021010266853004;0.0
1313950;-39.43096911160811;13.226296727888498;21.076312659079285;0.0
1315103;-16.041844464696098;-36.592540707443455;-27.62297833927761;0.0
1318266;39.741438277513694;-12.876592960991246;20.616981750432405;0.0
1320074;10.875493653594386;-15.449960403318789;-39.043410289120736;0.0
1322738;-38.49107273790456;9.446865153385902;23.776929424207026;0.0
1323386;8.491663245590946;0.5780866321661562;-44.775171355572354;0.0
1328437;37.7277609236968;23.67231206585782;-15.38451169159942;0.0
1328582;44.235167270017776;8.17253069944958;6.917173926104288;0.0
1332207;19.78834214083529;37.76716590678985;13.901505881138622;0.0
1332213;-32.18437650701589;-10.244295983396144;33.58945449088002;0.0
1333721;-40.52999137561222;-13.766372264001722;-8.240486363942965;0.0
1337683;-7.084083118125013;7.787342798864956;44.32771498015269;0.0
1345034;-23.796869626265966;-33.802107841999785;-21.87443738393791;0.0
1345415;38.78723805158898;14.188128423096241;-18.16956240630819;0.0
1345884;21.929507902014006;30.50921266337298;28.75778908886794;0.0
1345964;36.18179068247877;-17.687743808376815;22.64151546701582;0.0
1346191;-7.039631939327619;38.155895419199645;22.899530304531105;0.0
1346468;26.72933795800186;15.423496215635824;-32.87769150663665;0.0
1346634;1.1551402369645865;36.56066276589388;31.896875947616454;0.0
1347156;-36.52569046553527;-21.241891084445232;-24.509811544726993;0.0
1347709;20.867851532083133;30.938256779449354;-26.42319704709115;0.0
1347987;0.3427556938678996;39.017586408367166;22.303781042740912;0.0
1352113;9.62116535607883;38.78268994872135;4.526474646126439;0.0
1353595;-32.55630964194715;9.953393278165812;26.73873920266058;0.0
1357767;36.52384923960094;11.056438758241356;24.379741298909497;0.0
1359473;-27.069222769282163;-2.9204825005230957;-39.248616293550896;0.0
1369799;-20.15562686730697;14.867183540070387;40.67645677654047;0.0
1370543;-39.13270425073887;-4.859974250752391;24.71970030884685;0.0
1370867;-36.42084226691967;5.756009943304272;25.276209473448564;0.0
1371402;11.745434434187068;-39.246101783506255;-14.733184887576588;0.0
1372263;20.273632961106998;5.550527411471658;-41.90992975522674;0.0
1372476;18.337946640150186;-39.89959958527255;16.126334750294518;0.0
1373901;-24.85476659757272;39.581908416746934;-8.26362741362431;0.0
1375381;-17.482911545330335;-37.7743961537051;-17.12299721879279;0.0
1377094;26.34773976096458;39.00000132664512;-9.412241174500688;0.0
1379934;-6.2174702847061685;19.271607578562698;40.67520089556736;0.0
1381913;17.504640759453828;-28.276481637240725;-23.288149893004523;0.0
1385747;13.146192407351553;-43.710307954797656;7.359835556824068;0.0
1385903;-9.553256409258404;24.462376618081542;-38.45825769479736;0.0
1387812;14.357621514646448;-1.959111455311235;38.18602831825922;0.0
1387858;-44.59815259652788;8.82364177774727;5.712593080045733;0.0
1391279;3.346980846935416;18.818986152182482;37.154238281842204;0.0
1398253;28.228197548186753;-17.54425047587838;31.18373341797154;0.0
1398665;-0.21407523441242468;-31.131700922687088;-35.82806919570691;0.0
1399329;-19.072884338280417;33.268614001577184;23.23115708009102;0.0
1402091;41.81921502673092;4.128697363215843;-6.152488062691803;0.0
1403726;-42.044012224722024;-14.941035936725843;-4.56500470338838;0.0
1405079;-41.06786843299789;-19.971318777231442;8.153139430047924;0.0
1408570;12.359697634961702;36.89391641571219;29.889711587029947;0.0
1413081;24.907574056608638;-10.319450978697677;31.279955335679887;0.0
1414027;25.038823236643786;-36.70073059372494;-8.613678814970356;0.0
1414039;41.074711198037406;-11.580270971680946;8.097829140385604;0.0
1417990;5.578600267261054;-40.7755834342676;-13.95770861575941;0.0
1418723;-10.499079744206522;-31.901924204394607;-35.352384353425414;0.0
1422286;37.13061013171779;-23.464580558989375;1.147993892928897;0.0
1425341;-15.685039611508838;40.91197980262365;-17.060402407271628;0.0
1430850;-6.949709350198324;34.290260806764934;30.615085902695306;0.0
1446752;-36.31663437523348;27.61299999395291;-1.3814054347747873;0.0
1447100;-2.4741181507088887;-27.314658186328206;-37.7714886655879;0.0
1450603;40.47342451795218;1.0787806299008873;-9.49398817086188;0.0
1452116;18.39324662444347;25.511232345621217;-33.27422836662768;0.0
1458744;6.48410109775967;-37.23833558936808;24.438088924338857;0.0
1463567;11.136909949915962;33.63056604308534;-32.81612585796983;0.0
1465300;-40.26310979857886;-15.730277433475935;-18.609670366580993;0.0
1467849;-20.627335211189994;37.999723734689226;-18.57660387246933;0.0
1468450;-31.747868555659466;30.48648588952686;-5.418905520589728;0.0
1469359;21.642295892947562;-40.228937194857394;1.3496971024239197;0.0
1471745;-32.30555940257724;-28.273060254720964;25.688869426807816;0.0
1477776;-43.649871774577115;4.640160042202215;-8.380431214370203;0.0
1483935;-9.564279031978693;30.091446743168976;-36.689870108810815;0.0
1484064;10.92681370436619;44.53010693181158;4.618397163873208;0.0
1487682;31.610089893803472;-34.767877562228264;-6.110165286112524;0.0
1490353;-17.338525080848832;17.7090937849198;40.61364623929417;0.0
1496253;-25.614681762146407;15.944568651247726;-33.65345495473762;0.0
1499764;2.2727019457415025;-0.5571295048786069;45.572386459857455;0.0
1500252;6.560590981863592;-14.003773615347752;-41.96541386211346;0.0
1501342;-34.64492763938965;-23.488664893449762;-19.95761813261115;0.0
1503462;42.50748451767194;8.792263303083612;0.5566559731714291;0.0
1505249;-34.08501358085863;29.08898990917439;16.225409194151872;0.0
1507433;-42.644034779538906;17.60594940731806;4.504960814215789;0.0
1510214;-45.29115156483155;-2.4893419288726184;-0.15265327050033078;0.0
1510388;-23.39813428754738;34.3236474543413;25.678245278356897;0.0
1514861;37.12652645748135;-7.055485719051713;-15.673564926600195;0.0
1517037;10.28091920387423;7.16718423997746;-43.60545700808365;0.0
1524025;-1.841435648588793;43.23821762523572;-4.415056087726155;0.0
1525833;-38.35174689664405;21.36958559918776;-19.80722295095739;0.0
1543959;-27.209460979214608;-33.736186457353995;-13.131292217775535;0.0
1547561;29.362205853041527;3.0920342612942777;-32.719458748319155;0.0
1548792;26.232088787501446;27.914705474030775;29.16778888296685;0.0
1550222;-20.513121493195005;-1.6839730448505403;42.27027690726378;0.0
1552726;18.39811625482501;-34.81068743925062;-28.3390228608429;0.0
1555660;-5.78152638054828;44.52802936941404;4.153879906503104;0.0
1557721;-0.48326418357281903;-42.18218936084739;14.50284752319204;0.0
1561438;31.197666276907434;-9.350202165882838;30.587258658201254;0.0
1563254;40.97284193809765;-21.121536740554333;1.6941988907882402;0.0
1564923;-25.110034710727763;35.17931461179532;11.14323126328229;0.0
1565122;11.827047460750801;40.39144049810317;-12.037411645895494;0.0
1568050;36.40219367111317;3.5963233728950916;-28.20509978105536;0.0
1575810;17.64083376852757;37.494436376341184;-15.989362655321699;0.0
1575826;28.275420871254678;33.968409017247424;-16.4938805461151;0.0
1576103;35.95344294134266;-24.578577211226563;-20.206786841346425;0.0
1590439;-28.1132665765069;35.35021885187877;12.979719475953328;0.0
1592728;-42.59539343769171;-5.167617340956165;12.102275012653651;0.0
1594885;-32.8622581859692;28.481737107442257;21.867960115986847;0.0
1596800;-0.6229877691390592;45.56236139685979;-5.8757250108026735;0.0
1599633;42.84879559202674;13.697096825247199;9.802748019556793;0.0
1604328;-30.64160230424805;34.813092025358884;-6.200816121320322;0.0
1604967;-26.822569944640733;-39.13191829459377;2.0937827048907462;0.0
1605567;-1.1011458570500143;17.654759757217438;41.72194333543017;0.0
1608934;-37.85091970201454;17.575389178955813;-22.905034745645224;0.0
1615014;34.30948925133583;29.817672935324723;2.6676907675472643;0.0
1615305;30.13495463718733;-28.954195682191056;-5.746849844280986;0.0
1615723;40.142297896302786;-1.4309444601430448;-16.182673515786576;0.0
1619625;-2.3374090144026227;41.17605557118096;-16.27221480626156;0.0
1629082;-31.953549981114463;16.97463288186361;29.355269652656087;0.0
1632020;-35.28507243098444;-16.478801730142468;-27.49952276633165;0.0
1636138;-20.775246111881614;-1.6881702499025175;37.82454070538226;0.0
1641048;20.893476175702013;25.97157730258118;-25.670454419366116;0.0
1643300;22.70826128118445;-2.149298930177624;41.11586671981728;0.0
1652008;9.090236178496847;-40.89807442467185;15.243061570268408;0.0
1652120;-13.211244018850756;13.465068006291636;-42.16798993636578;0.0
1661083;-28.754356713954543;31.00897909201645;-21.282108130618273;0.0
1661644;36.1312943742052;-21.95111894790589;13.365013865351317;0.0
1662873;30.66516999620746;4.024009584844895;-28.87116738494646;0.0
1667606;-21.551636126419933;-40.11741936140207;-12.294166480290048;0.0
1667785;7.911008601339238;37.01875153405969;28.749588763214152;0.0
1671284;25.567604088294186;34.1141269354083;13.658719630959283;0.0
1674974;-20.41644201710148;39.01857022759775;15.05293575586008;0.0
1678483;5.05223018494034;-43.738074741126695;-2.753132925732258;0.0
1685396;-8.271660792299723;43.2606118791743;6.141602157867384;0.0
1687250;-9.186334431776768;39.508034035304206;-26.043058090309284;0.0
1699304;-5.910070057699329;-41.962099655431665;18.21601076562465;0.0
1699642;33.56112434437704;-14.76251946404822;29.268146688781414;0.0
1703740;-17.8971736400623;37.97514474251514;20.788285838834437;0.0
1705453;17.878740769980936;-32.59343645145877;32.078591206842674;0.0
1706418;20.394545168975014;-15.725752689444782;36.653034597730596;0.0
1708022;-19.170458320406212;30.211736506747254;-31.424785618054518;0.0
1708261;17.045226033805463;5.281091133454414;-41.46787888937846;0.0
1708849;-20.733197458118678;-41.85169205373376;-2.3941053762002076;0.0
1709460;-29.218483054325905;12.340735755936523;-29.763186388160634;0.0
1716431;-16.357765857846026;19.83732149878685;-39.44129371733239;0.0
1720336;33.20064253551794;30.815048535360244;11.480170113067665;0.0
1720518;5.421112930637117;37.35701771537683;-26.89184675744446;0.0
1726176;-37.616828435202684;-17.48570498736354;22.98767281291568;0.0
1727898;-33.79927455253965;5.345278811516149;35.32158366645235;0.0
1729423;28.947113832589913;1.8023054753366894;-36.527097491920905;0.0
1730458;29.384740259998985;9.041427889671276;-34.214638634733795;0.0
1734623;-34.218406277653145;31.724306359896875;11.677417624504072;0.0
1737391;27.108916302708202;36.76240067013133;5.722789555681682;0.0
1744079;-3.6845414539859274;-13.04925323595834;-39.13308898451619;0.0
1744816;-10.93259432937046;39.94507511775206;13.14890890262929;0.0
1745514;42.40424395662587;-6.53928634894436;10.351874417781527;0.0
1749553;17.01854199824974;14.600517688762165;35.8487513843364;0.0
1750908;-25.006291247672763;0.8056634458203403;-38.5367571258632;0.0
1752541;-25.70145022132626;2.7735974993189516;32.81027240835771;0.0
1756983;40.68508030934932;6.389488878694655;20.250025421720654;0.0
1759444;-0.6920867713878885;13.637909655753752;-43.26037279461267;0.0
1761156;-38.58222716214589;-19.088471552458795;-2.8800282591060906;0.0
1761624;-37.837792035912614;-25.863436882071063;-14.421190527053756;0.0
1762739;43.98787139034854;-11.234402176114077;-0.8044288626098967;0.0
1769743;-38.70695510465542;9.958407870738448;-20.36738571239446;0.0
1773119;-22.470058859152065;1.3342180946204132;-41.694918535671675;0.0
1773555;-35.6621252732525;-15.217068681462662;-31.12135982837234;0.0
1791391;-37.83269156526468;-10.076741675273801;25.366588933938427;0.0
1791909;3.3287180154431404;3.8093772593580306;-41.41044638071944;0.0
1792320;34.573982730851384;-5.48489869930647;-31.585601588876898;0.0
1792547;10.526901492503756;-41.72541967991812;-11.538796670485585;0.0
1793542;-1.8622868452704657;44.43310180605654;0.4985868074012131;0.0
1794920;13.958472587117237;39.28751013033979;-24.303629965361477;0.0
1794987;-38.49991337048775;-11.67241333730047;-14.6769532979225;0.0
1796209;-8.364277204894877;41.61719681645572;17.46617562601681;0.0
1799288;11.094406485866264;-16.69662700246881;39.28320660823059;0.0
1800335;29.219488858343762;20.658597578695854;-34.199623025024586;0.0
1802683;8.628559080832904;-40.996327187104775;-19.064921723139047;0.0
1816177;-42.30383943313834;9.926828097866299;16.34732033579172;0.0
1819409;-44.181983321499764;-8.094288215585033;-3.3840234959332443;0.0
1819425;-13.762060497597302;-41.773832929597326;-6.972783071468636;0.0
1820187;18.95888084981375;-31.753298798116532;-30.35659427010598;0.0
1828782;-13.59495962571252;42.03869740239816;14.09147505393761;0.0
1835247;28.15065995156423;-25.190367123432694;17.59668556757982;0.0
1838484;-38.443324528040435;8.26542260891028;28.875407700792238;0.0
1838663;6.4160210818132555;40.081452249419236;20.362337455616306;0.0
1843887;-27.4439122469181;28.50145746162844;-29.763749748334572;0.0
1844182;1.0084886523690948;-24.256208779208073;-40.69142566857673;0.0
1844585;-17.13288075472236;-37.75837199187962;-5.240898820167059;0.0
1848380;3.5898832042725544;-37.13002753485498;-28.86397286331053;0.0
1848675;6.310750363067204;-20.80882375229743;36.59681949666697;0.0
1850591;10.750908612202144;39.54150587393126;18.512427530313534;0.0
1850931;-12.270060161042387;25.03026291009836;-33.0744855818355;0.0
1851120;-20.4409715435042;39.10707273687396;-3.5158233261871854;0.0
1855120;20.57451950785885;26.318189458767804;32.90739295424595;0.0
1855614;41.86096963396405;-4.534009931965141;-15.497900980071577;0.0
1858511;16.50072605925303;-28.710442101371594;23.982448711855866;0.0
1863294;28.122502935261046;28.352243962290743;-15.856962022052993;0.0
1866953;-33.0097843528835;-6.504478934490315;-31.74868199278866;0.0
1868260;35.23575780502693;-11.344908022330122;-27.559972687044237;0.0
1870960;-43.850417004104855;12.812764253284247;10.298539323850996;0.0
1873315;-16.573532804463692;-41.74255956969783;-6.8225067450710855;0.0
1876045;-32.076491659657854;23.940059293890158;16.47925928852764;0.0
1878081;-10.76410085861669;-18.076907520335304;42.20098910206641;0.0
1878227;-4.653303166357692;18.809066890973586;-40.418646672356694;0.0
1879137;-2.5374882694938137;-45.27607274885892;-0.005079479832285786;0.0
1880692;33.03279967706261;-6.858965766669208;-34.204454182028385;0.0
1883167;-39.54033243591042;-6.811808397963111;-25.887600911385324;0.0
1883637;-43.03197009150838;19.422655433588698;-1.8609234449470793;0.0
1885586;-16.501878886535792;34.84365912396716;-28.228249762056535;0.0
1893971;34.8664216230926;-10.612056130892661;30.34970203929509;0.0
1894021;4.705614593630704;22.479182545871428;41.492199560302055;0.0
1900117;-15.376466633505766;43.35176355531721;-8.180010336295489;0.0
1902008;-27.863458934891423;-30.053165732325393;7.699220901218451;0.0
1908757;-43.578319536290365;7.195841410191164;4.626926917823828;0.0
1909241;25.700801670101633;36.40224313688454;-5.387683344023108;0.0
1909270;-21.803888201570608;-19.484627800820117;-34.35054034537614;0.0
1910899;-42.67869104858043;-8.783441220164686;-16.782634238389246;0.0
1917049;43.21077511451899;5.449891017180836;-13.024826763245978;0.0
1920450;9.687714681211183;-42.49545609093379;-3.4427572291891324;0.0
1928282;32.27131534829713;0.14838796413464447;-24.518490039504023;0.0
1933247;38.71784307055365;26.872967321371565;7.6083509051625;0.0
1938766;4.631658799772593;15.756123299016776;-40.29496850343956;0.0
1939146;-10.651953023601;-44.128142577461894;-2.347788582095101;0.0
1942554;-0.004354346163089543;-17.472314877863514;42.96185785678818;0.0
1946934;40.03578709814947;20.926994732002026;0.4636962200312447;0.0
1957265;29.40452382044859;-28.849748705943238;22.538226814247583;0.0
1963868;-36.218170009223016;25.470849039494407;-15.609700493613872;0.0
1965886;26.333779421044593;33.80579579006526;-22.921821504779327;0.0
1968429;-6.0861736999734575;45.722982252695104;-0.47707950222428513;0.0
1968690;40.91090254804714;10.442054641136707;-12.460389334733012;0.0
1972384;-24.3967327913751;-28.060527819931217;25.997931566327768;0.0
1973730;-40.43287907401921;5.821590907259596;-1.3275705304460383;0.0
1975111;1.0376579135457846;27.854917845034866;38.77840841139943;0.0
1979823;-12.593446763521577;33.639893089086996;27.712890623037868;0.0
1984690;4.15628483612367;41.883715644499034;-20.736841436609605;0.0
1986536;-37.919416054869984;27.607946240977938;-3.391075116451883;0.0
1986816;22.881565985228555;28.467614629716113;-32.143086328413965;0.0
1989051;43.43067520114446;-5.223084615740126;1.7626636405119769;0.0
1991725;8.334148427982914;29.26042453225087;-37.621731042765134;0.0
1996775;-6.123773182411499;25.544039144433185;34.26941098413247;0.0
2001950;18.99160795377184;-36.33043532544571;-18.41971768237246;0.0
2006097;-15.469895109180912;36.64166846270913;-20.959231300394034;0.0
2006143;-21.74432591664427;29.672433186287087;-33.64249828637915;0.0
2006497;39.16407104598429;12.101711652479715;23.898469572561602;0.0
2009929;-14.424706718968643;-41.19416828779762;17.58436584241027;0.0
2014776;28.279842561595476;20.241388148419762;-30.85467061822764;0.0
2016026;25.871997208616488;31.97310819749449;16.86525444302004;0.0
2019662;22.071528253764978;38.461522435707785;8.808343113901882;0.0
2020741;-33.66596155059901;-0.8847459890174241;-33.82446362256063;0.0
2023559;-8.92158400505993;-6.563797325682812;-43.99655812942079;0.0
2024106;-12.26793175882427;-35.90268281562178;26.360064982330943;0.0
2027249;28.461401179212356;-25.523604284660543;31.494996784317458;0.0
2028486;-1.0547984903501026;-15.539454976120814;-42.66309833820524;0.0
2028781;-2.5827053089666903;36.57921792635446;24.709743948309427;0.0
2030508;-35.878279701745896;-31.47931888289157;-6.117843473068517;0.0
2032250;-26.75673100294722;-28.246156371292486;-21.909742204204065;0.0
2034307;22.182882575364943;40.18386013664725;-7.305653361558825;0.0
2034711;41.93592951427851;-14.856541528979806;-2.677492719305307;0.0
2039716;-21.653006606498376;9.743814362141617;40.966818106384146;0.0
2039997;15.60994507437231;-22.467200836806242;31.34157045011808;0.0
2048427;-35.580435299933306;30.870788215399042;2.8684317990866797;0.0
2048803;-16.067344069837347;19.42725575032611;32.71987645927739;0.0
2050011;-41.36213755877979;14.599761961699567;-16.77776873015532;0.0
2052801;15.023044689460535;31.611084705427693;29.686596885489372;0.0
2053581;0.6553596384386948;1.8815288585772572;-43.874427139908185;0.0
2056846;32.49797300891143;-28.613373769353135;-0.9033385064407579;0.0
2058897;-21.347758827570736;-38.35318140401378;10.669907037534514;0.0
2062128;-41.90079782421215;18.5512554127406;-11.14716722722922;0.0
2063077;-37.49038018308884;1.905636723630274;-31.554064411530096;0.0
2063549;-20.374125423743628;14.744453465104522;-39.47633197205283;0.0
2068261;23.908818911171576;-37.8452366345038;-16.651312233746246;0.0
2071139;18.35545614916597;-15.909965970125185;-38.668547681285006;0.0
2079602;-16.32510470824976;-18.68197008763511;37.637010469921655;0.0
2085041;-16.321626989712605;24.87069457595387;35.9885114251456;0.0
2086730;-9.29524157174312;43.69971953162606;-7.967139198376778;0.0
2090483;32.63019501578352;-32.09628071630428;13.16136053652249;0.0
2090844;-5.485829274130369;-19.612573766567113;35.63045343908364;0.0
2099967;14.408120571018431;-38.79043409003917;-23.41583478940262;0.0
2100644;13.798346388995629;12.240856119245203;42.634092159493534;0.0
2101878;16.691180271421285;41.41229859904741;14.269871984334422;0.0
2102821;-19.013242358500207;-34.994955681899214;23.794091298774017;0.0
2104978;11.32329422833983;-43.178067247249764;-8.654126701409789;0.0
2113165;44.56511495744952;1.4768485242182827;-5.5151126672691255;0.0
2113950;-7.6803187933336785;-39.86794698779255;-14.681238957392031;0.0
2120042;-10.073951668363613;-39.91681092561091;21.45562856038752;0.0
2122356;-9.993869332613942;29.861675487056775;33.65250960888477;0.0
2127082;-40.26963378420288;17.843539003405137;-1.6163868278370734;0.0
2131866;33.935948478835044;-25.012194163056254;17.285063574391465;0.0
2135109;7.146761059623058;-19.65078882304887;-39.54552634190428;0.0
2138359;14.026095044678478;35.44559710337542;-21.13074699237359;0.0
2142338;18.186640463873694;-10.643916896827177;36.73281739075364;0.0
2149057;-25.91794541402243;36.22769766640857;-15.202623302173407;0.0
2151454;-10.332279102072972;-36.38609256253223;-28.580698879264823;0.0
2153137;-0.9437697325335839;-23.08244648276225;38.03899406096021;0.0
2154417;-45.047098441285456;-6.85106223564364;-10.781607619534068;0.0
2155897;-39.93448394648206;-25.91266906507629;-6.188247006220118;0.0
2161190;-8.32701367748739;-37.57427962752923;10.512320082343233;2.0
2164174;7.390623877354298;-45.02420128533795;-0.717228565528422;0.0
2164645;42.71357540978995;1.2359818207779416;15.562390605446051;0.0
2164820;-20.007949554980154;28.599589307731353;29.053990127831685;0.0
2168208;0.3122947620302137;40.06335052519621;-26.079415432266256;0.0
2180265;-39.61810362089775;18.84248101953404;20.714520007278878;0.0
2181199;-28.948012460769803;-13.647580214056594;-36.526264818102845;0.0
2190154;-25.664315167519415;35.69271435664805;4.887223707555857;0.0
2190171;-12.550231541983832;-8.910457641624685;-44.02860920117016;0.0
2194428;-16.023362128843367;9.798998926301705;42.824757975239315;0.0
2202184;21.834610567739013;-35.146518805376985;25.637315100646607;0.0
2204349;31.203451024059316;31.257212073243313;-4.363988518495718;0.0
2206655;-10.191241195503377;-14.12512551896128;-42.38368818052321;0.0
2208073;-33.86054340657825;-28.494411337306623;-2.626136256229577;0.0
2209137;18.011219724054314;-1.4696636209267857;-42.143064683792105;0.0
2209756;32.449312430375365;31.65069579590145;18.054653419415608;0.0
2227809;35.53375335225204;2.4070509807825062;32.573581440450525;0.0
2236170;-39.289461280210496;-9.281521690433959;-23.564465691877515;0.0
2237336;-32.35827067816883;-31.685832982164627;7.620366278433201;0.0
2237797;25.42920435619766;8.808855634255245;-36.231272942439254;0.0
2238270;37.76446452605336;18.964677963408473;-10.508134728465647;0.0
2247996;22.82635943628119;-31.16114954524271;-19.025452159733376;0.0
2249462;40.64595288419562;-18.797773580559966;-3.667229808055621;0.0
2267043;28.055108569867787;15.051916211350175;-35.37594105299119;0.0
2267386;-26.574496353121617;-38.98695610349548;7.866941469294564;0.0
2286589;-5.011413022777138;-26.469109527217768;38.761710965463635;0.0
2290390;2.9285224059322315;-41.99687134460639;1.0941975478559556;0.0
2290534;14.093657044074712;-39.64778033562136;-17.963435788910864;0.0
2290776;41.97535648215884;-3.930692407155332;6.688842673558637;0.0
2331125;-5.23438823152278;-39.2343921361836;-25.036495597290983;0.0
2340031;-5.558186705251086;-21.440408217346803;-40.86822183165003;0.0
2346267;21.367186509276316;38.42202676536723;20.117086161163694;0.0
2348889;25.105563554615596;-14.72766670597042;37.650377220585206;0.0
2349941;-19.747613948358094;30.70214291220815;34.05233594267191;0.0
2368873;15.128186934605944;43.67044129117182;5.665837277219717;0.0
2403575;-40.083538056112005;-5.488760808108645;14.521482378506494;0.0
2407237;-30.238126495773166;8.805026159121681;37.15398820488694;0.0
2417684;-24.991314111341282;22.479362546317244;33.962289002089584;0.0
2418664;31.152641432567066;36.46124755783376;-0.06820376625291463;0.0
2422379;37.30846980887555;18.073108274284245;-23.71636133526283;0.0
2422877;-2.4234744756581095;28.534921055960268;-33.11517117878735;0.0
2425224;11.224780396558003;17.60462894603232;-39.304603302446544;0.0
2435387;6.755893526650713;42.25908115434369;3.3220411668450898;0.0
2443114;-35.22386403511085;-33.36601210540478;-8.594159758992662;0.0
2446954;40.090606165221104;-19.872817311892458;9.203958673901148;0.0
2451526;-28.28914762280986;-13.877219561445143;33.43972160094294;0.0
2452712;17.919455221966086;-40.95014814143244;-5.64974132132329;0.0
2454547;-44.56429327602509;-1.448549122066258;13.221417479162527;0.0
2456303;-41.03689461582502;-18.298809596652056;-7.658496143864267;0.0
2456680;25.00695628748785;32.69714968543127;-28.862857135356297;0.0
2458038;35.43901815578321;-18.84929355549106;-14.318355310523076;0.0
2458248;14.470983322134511;30.35769625756817;34.90952554664476;0.0
2461632;7.305760537396794;-10.873017616927475;41.16474439812768;0.0
2465709;-40.244631584873744;7.145552583347504;-14.647775363060205;0.0
2470368;14.233478917098127;-25.482157464449276;-33.78908735173583;0.0
2475818;32.28966714947541;-33.474133289226025;2.289751320029857;0.0
2485781;-20.173905843877403;-31.64706555790257;-31.795575544047452;0.0
2487324;-30.01233998235466;32.86667438011318;-15.366650425987224;0.0
2500648;43.884790219010206;8.527547914621493;-5.07881185383031;0.0
2502086;5.445247417893475;2.8220552338411675;42.07199336272701;0.0
2506736;-18.914968985329207;-9.94368768160825;40.431230214973546;0.0
2507061;36.16861629870388;29.587536182124065;-7.126104290903854;0.0
2511035;42.18532219303416;-1.659892145513166;0.5853095794450089;0.0
2517233;-32.159855224908405;6.400133637883645;-31.596349401756243;0.0
2524184;-15.619261127980334;35.848825582993456;-24.727482923542404;0.0
1593;12.76630215347574;-30.47007699392406;11.537957126421498;0.0
954;16.28739804997375;-21.013921206840422;9.36786488138495;0.0
11895;11.340686256148611;-35.73325705248261;12.103834558501012;0.0
25378;13.511376212589214;-19.710922712444372;5.718763591511843;0.0
47923;8.665092988112683;-25.378304077457898;11.604825230969347;0.0
57254;12.268217561058853;-26.962129374266045;6.495191048890989;0.0
162137;17.232886803940517;-43.072064847302194;-2.6705089424661512;0.0
269376;1.898294663460987;-33.558461437018295;34.140558145910354;0.0
532187;-26.182477366915716;-27.397277016909797;-12.864960260424061;0.0
577253;-16.243962980563246;-40.75500842147608;17.261935578177567;0.0
779958;32.08450786271821;4.11692004396986;2.326324215955821;0.0
1347586;26.305564694674807;25.632063484586155;1.2162892910881515;0.0
1791294;-23.36759741802161;-23.381524780760685;25.731107699361004;0.0
104674;23.529825911426446;8.698364215555848;26.01022381051322;0.0
1178;29.946363635740678;11.563684823730734;36.029249235967235;0.0
748102;37.251127987464045;-7.0654791789176645;17.692568095134597;0.0
1319982;22.489446693430708;-4.772448003436134;23.199144481719383;0.0
10633;24.545157586469287;-25.084309761516938;20.292785832971635;0.0
10977;4.430763531209947;8.854454144138582;-26.093054244672338;0.0
161641;-27.851900432981292;-10.369793393460322;-11.344298631507828;0.0
717777;17.72071274499494;-13.644803260613848;1.8902252159939494;0.0
1024980;-6.932206711428561;-17.861834468566023;-25.46031283019259;0.0
1045740;35.81848382845476;7.248524517774054;20.103004904913693;0.0
1203139;13.976204692104188;-10.491406366422746;40.99769848821109;0.0
1433042;13.621506256347768;3.829409179201387;38.97265225127431;0.0
1878660;-20.715382910179446;4.75335971188412;-14.119663673372505;0.0
67943;-11.939943465558462;-0.7514414031281607;-4.826807794561087;0.0
3751;16.820334026419232;-4.86837862271308;6.090490275550095;0.0
113518;13.647154258803129;40.89106677372776;3.3776592435292683;0.0
146908;2.8002590348189464;-29.21929923955351;31.766802953700548;0.0
149613;26.406884334932677;-4.9171072166847765;-35.17225199888304;0.0
189510;28.330501007675206;-34.72164080648933;14.533615232984198;0.0
191724;42.78869467981215;-1.227997306727371;-16.25758805247728;0.0
207991;26.887257433100686;22.2796884639853;9.219859171298204;0.0
209700;37.01529992245742;-29.34974872295151;3.231156399760188;0.0
238515;25.08122914319995;30.652902484907692;-20.102313758163717;0.0
252200;41.06600797037469;7.118664501484881;-9.25878048907119;0.0
323512;2.005854548182107;21.248611559105534;-6.201706505204983;0.0
473162;-4.191244083014837;7.391528688755608;23.736743981165695;0.0
527098;25.82491403856745;24.51473613707672;-6.3592838420518305;0.0
537505;6.254249459768991;-8.862817981647732;17.575595286336522;0.0
766086;19.12676492974522;3.9741017131432446;-12.288273183250991;0.0
871963;-6.928587465823321;14.25851684170659;-10.59730914780297;0.0
1009246;-13.37194456953994;-13.094874417653555;29.204077522463585;0.0
1083113;-1.0194418856045449;34.024503201981034;-2.221881877124067;0.0
1193001;-4.253189312774464;17.585544776627923;1.4537610624559232;0.0
1217093;20.089906093845066;9.497148484032742;5.5911260998113095;0.0
1331488;-17.925032487688057;-4.318089435348848;38.56377093322805;0.0
1419546;22.34599320835921;26.481297343663663;23.554325208746658;0.0
1837478;-15.768871727538198;-1.5871391599776392;33.71722183023041;0.0
1876957;-2.5953740426342367;-9.829886865399278;0.04023406881777714;0.0
1925001;1.6901258654331397;18.136230720700016;1.879826068100304;0.0
1991379;9.239262120118099;0.5356647522879877;8.462655005805434;0.0
1993600;-5.317407940959847;-0.9041248060981607;15.768247909199253;0.0
2036100;36.28593261980314;-11.483877297822009;-16.048218678956808;0.0
2099400;7.730551971184547;3.8115547838352155;-9.589160314977818;0.0
2147220;14.501391031035032;-24.384663143160815;-24.33649447424004;0.0
27933;-4.233869150419154;24.019701933894318;21.556017969333794;0.0
10098;-27.887276703806094;-26.98775539193413;31.332204930738687;0.0
174796;0.10255880721058276;-1.8271876171165677;-18.12681985769687;0.0
10486;11.994171691472063;22.82187316562777;-34.468595904947534;0.0
238906;-10.628153117325992;29.624050165690377;-26.56580136975413;0.0
562264;19.69932024095969;35.52003484499209;0.24269034583875335;0.0
663210;-20.08924929832521;-12.259048530715736;-9.281802683496325;0.0
725575;32.10071339903871;13.92220455835857;-15.141151088852506;0.0
769765;-16.325284708695577;37.71221493099456;-0.7489142690064491;0.0
786088;34.88889557188505;-13.301694929899268;-7.2955877641096265;0.0
818259;25.283043994192855;28.49927821958975;-17.039115636992058;0.0
939436;-17.17263749441182;15.052109952288042;-27.31860720374258;0.0
959732;-2.7744219288417855;43.50919386889915;-12.317463484556129;0.0
1124210;30.652927217793376;-16.20707250751484;-2.803079957836243;0.0
1884490;28.818239009580527;-15.48538888801337;-35.6273288511921;0.0
1962684;2.748414440763239;-24.737230428600707;0.3608875827648689;0.0
104114;27.475886371912004;-20.183809990545047;8.740422487663217;0.0
169097;8.664833979837594;-0.5306056319333102;-28.08679964072552;0.0
185586;19.168382132057875;9.273179837712085;32.20334113413948;0.0
343110;1.869350488719646;-5.67917998202218;-14.040905921056188;0.0
529705;-9.73881694518404;14.181857262525886;27.410487125964003;0.0
994195;-23.376929960220092;-27.22136848962274;-7.280556352834559;0.0
1482388;-4.333036686110127;-26.70344262668965;-24.468307014449127;0.0
1573698;8.777556167420858;-3.7319866860004125;18.356658442220102;0.0
1573699;6.544632774399938;-35.01468977657745;19.10102349194394;0.0
2155271;29.73845625057403;12.705347956705019;30.795872304659127;0.0
717776;35.689004423795296;-9.703620674805057;-13.675228832154032;0.0
901145;7.054631747470978;1.2734256062654736;22.571671171890543;0.0
17182;-1.6816156916836873;-43.886941980064805;-9.674453045311799;0.0
740489;22.57794095841169;3.7817973437208288;17.65110341228367;0.0
20231;-29.4384188662307;-6.486706982076427;19.3654606354421;0.0
1174225;0.47598185160489964;30.48729108236083;11.818176599085108;0.0
1897436;1.5829575847353659;-26.209614838708998;31.540895523952027;0.0
1977484;-16.905520954964448;-6.459932259273193;37.13582877059732;0.0
24228;30.483193667632346;-23.40242681726293;27.445014234380285;0.0
25339;-21.608826802418918;-6.477976273429617;-40.46742267102595;0.0
172288;-6.116380110665487;22.458200814515305;-34.0589093940673;0.0
26106;-1.4192780094922681;34.7983457292938;-32.25981180835519;0.0
58161;18.55402549593732;-21.524505524872676;3.8958492674219642;2.0
41667;-21.12450880898415;-28.026786667660037;-30.70627055601914;0.0
252043;-38.33898197953217;-25.057436107170965;3.207617219321776;0.0
76809;8.382720380345273;16.80013687715901;4.65596744776565;0.0
44289;-40.03350892456804;-17.438195862061033;-14.668700758398934;0.0
795122;-35.65004463264458;-7.458102059749043;10.611676893312158;0.0
1316562;-9.303240599188415;-18.010955906607006;36.5938323136959;0.0
443168;30.806617369440062;-13.53908254075325;28.700169709517084;0.0
57899;41.41546990461191;-14.919305348553147;-11.59818445116292;0.0
229495;13.984527308137196;24.655463508526047;26.999943208380024;0.0
158831;-11.659691015713939;-23.26538464578067;26.957803867369577;0.0
157689;-8.373297837923884;-28.84024578164337;33.847852688123425;0.0
464601;30.012309753272156;9.12073457464488;27.50176246653535;0.0
172735;34.033448262303786;4.211784401063941;23.822322513734257;0.0
78659;-13.791022706734454;-2.2393249165095743;-35.631898938847;0.0
252211;14.70312206502645;-22.498581372543708;-37.03880990435024;0.0
97286;-10.968709838667401;-32.28467660276386;-5.122411122120776;0.0
269047;21.716833940156175;2.7746464141306073;-38.64950610740595;0.0
302279;-30.52198582478009;-33.28531144751298;-19.949464524630322;0.0
35002;30.61962576126771;-3.5587111805019056;-22.73244042503996;0.0
169405;-38.575356916122274;-5.06763430706219;-4.590805568817767;0.0
211185;0.785596659478414;-4.765054244665518;-42.09721540992891;0.0
379263;-13.065809154826047;-27.461107098666;-32.493276508729686;0.0
1748900;21.478341593741593;4.0530813744061245;11.018235381177837;0.0
510442;-35.77477532325252;-13.365632187493441;13.837013507665741;0.0
1731857;14.295195711177469;15.714353577242399;-7.643188548699049;0.0
655978;-2.23261491897446;-5.518582141511051;43.807252622387686;0.0
110588;15.108377267221451;8.186007374049503;-40.467216563645245;0.0
1693988;18.763356396080063;-23.252169040529644;-23.84757753811707;0.0
611509;-32.237107019296346;21.244934603433695;-25.343422464346798;0.0
2430166;-9.72337194509835;39.4382405799995;-22.448042468744788;0.0
