1739474;-6.294939294536401;23.943448206640138;4.9131811516774135;0.0
148;-4.551563001299432;-28.88008245317334;-22.80137690453255;0.0
19114;-13.615204798120505;-4.351131997589402;6.858166232304397;0.0
326;8.183700741005696;-38.458900533743865;31.42358605197035;0.0
361;16.945472387646962;-17.798061981963293;-28.032186023578017;0.0
64292;-12.708446139524348;-9.908258327236375;-15.743653834091155;0.0
160897;2.707432106239496;-28.899720667005912;-3.034211108376051;0.0
200082;-26.57207569037681;-27.5799949604593;-11.403742603334715;0.0
241071;13.241392880342403;13.68858079625854;-31.451388635317578;0.0
703808;10.348136946087028;4.785557096139247;-39.15156013256751;0.0
703988;12.63503869388818;-28.929502945235452;-32.64580055431369;0.0
759754;27.55074878719789;-4.852796714017071;-5.16523659294354;0.0
774489;6.236466041137445;-35.023354207975885;-1.4438876358843418;0.0
932148;1.7193897140378922;-44.22040265624136;-4.110662338759538;0.0
960180;-23.117490150740647;22.636273046847435;-19.57387524639699;0.0
994054;27.954944978169745;-32.987443179004146;-1.8033607112335905;0.0
1168843;15.391678460014942;-26.085163594322147;14.570909241306994;0.0
1232239;24.281794834026535;19.01747316447328;12.390983645896457;0.0
1245329;8.173409172867496;18.290706507677186;-33.91136468408003;0.0
1248159;-6.084459692048727;-20.54867730594819;-22.1791282540232;0.0
1252036;2.451748971439024;-26.664519354881335;19.957010598620844;0.0
1309446;-11.40022272979396;-37.8201718967142;-0.6057684768015408;0.0
1410065;-7.18092014186773;8.432615176208545;-34.183589202897174;0.0
1464028;41.313201254065;11.325401644241829;-22.064982820808773;0.0
1769998;-15.238845116600386;-0.10436961340494207;-1.064038453621386;0.0
1783693;21.107307667739438;0.2579931220069008;-33.83415957866962;0.0
1895707;4.80207115078254;-13.647270763714287;-12.107251589013401;0.0
1980524;17.489061860332342;-15.621728888839195;-36.64688670646217;0.0
2035365;6.705866747608105;-19.056773552137;-6.361143765600761;0.0
2064271;20.10522115981021;29.22873038244736;-10.927729311632152;0.0
2095060;-24.72359175026315;4.805515774952768;7.440886126413601;0.0
2148637;10.927765251630015;23.07669376066586;-15.324539549006131;0.0
615;-16.37447117909112;2.051520780856284;-28.66247774610923;0.0
978;-22.929997171886495;-14.157352178391612;-9.947757882388256;0.0
1039;-16.57028276995076;0.08242482268800388;6.518676263735968;0.0
1188;-17.84956399890167;-3.3725244163894286;-18.02277981360455;0.0
1706;-20.629214348660526;-37.76823560480164;-11.775289552497462;0.0
2465;-23.1350932621942;18.438339033900913;-0.0989423695478865;0.0
5203;6.695432916978362;41.78693535090305;26.84567491411223;0.0
6036;-25.97008072616345;38.89786567764882;11.771558531469259;0.0
6668;28.137999367287758;39.03323966960128;-11.513257766824395;0.0
9342;0.9893446555616887;-12.609458400408846;-23.058135244269103;0.0
9360;1.746134313698013;-1.5190510873536198;-25.799548431301037;0.0
9773;4.40733242049847;-13.204299807547464;-35.23897323015803;0.0
9898;-33.02231096693137;-10.213626262833248;39.15905661712187;0.0
10018;-30.611006660275546;4.067296613212489;36.14040228657102;0.0
10400;-12.401963315243751;2.916798879105825;-16.357630295092257;0.0
11022;-31.008904366621824;7.939514661771762;-15.62498145864584;0.0
12883;-16.146187800161822;-46.3224702362803;12.418932235485004;0.0
13996;-14.695773778884204;2.0042003452318298;-24.579271693842504;0.0
13998;5.8575933224101915;-4.998982280951816;-22.799469089645964;0.0
14282;3.0561590286338185;45.958856292895966;-11.690467413789861;0.0
14641;22.67277760217736;30.255182711428116;-24.038880880966975;0.0
15173;33.47980018473513;-23.521719286710546;16.272232367668884;0.0
15374;0.7333577622636491;-31.9993897427407;-14.992042156272015;0.0
16045;10.838927566911126;-8.431356527533367;-28.343707935059054;0.0
16091;-1.5913336297754086;-23.144455631637637;-10.346824387415055;3.0
16293;-41.418373667812844;-0.49515990439248453;-10.800263616709572;0.0
16300;-11.298073768366383;0.06371294124177043;-18.55006600475911;0.0
16336;-3.8559638101505342;39.575157932386006;-21.247497619405603;0.0
17158;-16.693206547643346;-32.700001066091644;35.2454753747715;0.0
17874;42.15319387913018;-21.721429386231904;9.504143001259713;0.0
18520;30.01092550094841;7.935552277007313;-7.105928341325749;0.0
19168;-17.78610294767422;-13.542057917468847;3.9915897564630143;0.0
19215;46.5129013099598;13.955096845415031;-12.413237243323554;0.0
19553;-18.183575364045783;20.349404992794277;42.22443893489489;0.0
21168;42.142609549759385;25.080239324061615;7.667860690420704;0.0
22419;-34.34525629828659;-24.52551593953811;31.669110147374745;0.0
22891;2.927208375362014;-27.265651759145978;-25.514148908267106;0.0
23482;3.556134377974416;-20.019689954894762;-12.142850156897183;0.0
23511;-8.285948537427398;16.12080817167056;-7.154176290957565;0.0
24173;-23.84140556770624;16.746048827002042;-24.42895265277848;0.0
25389;-23.940358864323787;33.392454009927576;24.157827298896;0.0
26202;44.49424447496236;18.612282633560532;2.238027656019059;0.0
27902;-39.320541017522146;-11.855566030225287;-9.781087639796258;0.0
28322;-16.43386352306044;44.87321378243387;0.6298904393519439;0.0
28380;13.362534633140921;4.646157824426079;2.511712050061915;0.0
28687;-1.1853458673475563;41.41944887274892;1.05515884071175;0.0
28795;-29.471424203020003;21.33870285148375;-16.005563573521474;0.0
30331;-17.45251088250518;-5.713676467840579;-25.97204844104647;0.0
30596;-0.48961807839380295;2.65303242697338;-4.604184399421262;0.0
31206;-2.2915533568996307;-26.704676312494136;16.436520087902515;0.0
32258;-7.2381628247148395;6.226765236714126;-14.614988151186646;0.0
32261;28.764655160035115;-17.66390395993855;-17.471286536389027;0.0
32278;16.69665828493815;-7.964866586514672;-35.688858143413846;0.0
33958;-13.061773756020173;2.18771016151027;-14.14873256890402;0.0
34211;-7.137208119466267;-5.4154965318164034;2.907350590604995;0.0
34621;43.86322496747441;-27.782121508443534;-1.8484876838634392;0.0
35045;40.90568959829024;23.38616559476877;12.682325248577149;2.0
35219;-12.599249943515705;-16.62543119917237;-20.84339726842805;0.0
36757;23.113171360997384;15.587437638377697;13.567687628445245;0.0
37021;49.308155608791054;0.4835775381278934;-2.4418722107761655;0.0
37168;22.666913392525966;14.4839943464738;6.302266561600819;0.0
37851;-5.65823640051131;17.667670172214663;-20.74897540654112;0.0
38570;-14.683244197129047;-20.16510318625042;-8.758337130595438;0.0
39242;-44.46512708669329;-3.6213336522235315;13.254305822074771;0.0
39459;-20.126774676028923;-9.111969488323147;-22.491831692934003;0.0
40116;-36.27879823334383;20.373350016370825;-7.595571128468083;6.0
40593;-31.078028962512594;1.2051805344497;4.677864764416205;0.0
40783;-20.803956115772696;7.687013714282119;-31.821921028290635;0.0
40823;-44.17817914875141;2.579042641059331;12.832882392127019;0.0
41587;-4.845488914451496;7.671227818970539;10.840416081822639;0.0
41824;4.095736382771837;-11.853876850325703;-4.7121339267540145;0.0
41983;-15.56038230748605;-6.53351573910381;-34.888914655967874;0.0
42278;-33.60954956702195;32.471838984655136;25.59073404871437;0.0
42395;1.8298104905987373;-5.5940486874520605;-32.342014727372764;0.0
43538;-19.48332292428003;2.1540714466349815;-17.25548781421756;0.0
44086;32.333817412860064;21.587889831670395;-22.977971079034603;0.0
44168;46.542992073171;20.269836832524344;0.178968881782759;0.0
44701;19.668295610784007;-13.678393304364153;-33.095523737579114;0.0
44826;-9.910995757073644;25.395690675309062;-30.198292689810042;0.0
45169;-23.885002282614558;-33.477652769862786;-22.626810344909963;0.0
45900;10.235019546561487;-2.797790127743007;-20.629873248621355;0.0
46147;-15.038743188495792;2.0432828466585025;-25.722310380892587;0.0
46813;-40.94750878080422;-7.462155117649229;-0.43224347516391093;0.0
46895;14.568589613944887;13.576907735397139;-37.36562077373578;0.0
47318;-29.99914017664901;27.408495280654396;11.829412194280048;0.0
48179;-15.61307483685365;6.649044113486025;-24.86199967703525;0.0
48212;11.736649562294483;-6.31369997342114;-34.351605697909136;0.0
48297;-13.157916245304817;10.763447581398164;-18.66129430814695;0.0
48563;-22.86912979050486;33.74495949897228;1.282948419045403;0.0
48912;1.9880584193164144;40.87981878982817;-10.417763204447972;0.0
49206;38.30935719763373;30.209574854139355;-18.231830801177153;0.0
49284;-28.045861192765074;-26.03420367235155;-25.04942826339323;0.0
49616;-19.67671755028335;8.856618798502913;-33.051590085190824;0.0
49617;-0.6131422599569435;42.64983073960674;-2.543103579133291;0.0
49785;22.008157191686873;6.695604380718168;-23.532683981058728;0.0
50039;10.888234248980005;14.286285423226952;39.61617744994753;0.0
50126;18.948902643549573;29.340749365788195;-20.955932889238174;0.0
50741;-9.256576315976744;-14.121204028040502;-15.605124609826264;0.0
50937;23.644915609386924;-6.186506449107379;-5.668074974926439;2.0
51018;14.622209095757384;-11.228488691252988;37.442172969185;0.0
52927;40.331290562436386;-4.912524872341427;18.716300474877013;0.0
55083;-5.158623258961681;1.8945320623762512;-11.148999898478337;0.0
55110;-13.23956742795092;10.813038788450129;-23.616940813549935;0.0
56357;15.236538966737479;-3.8980106126509892;-35.37280180220236;0.0
56729;24.882419585821353;-26.37814346190545;-18.38053403983723;0.0
56814;34.80577046591053;14.05891701674326;-15.31885803434388;0.0
56816;29.454948708999417;5.939055071317556;-25.337994998738882;0.0
56840;-21.408249742349412;8.25812124533164;2.250604409021412;0.0
56948;28.47315182736404;23.037600027989857;-30.023744100186388;0.0
57132;2.543452122237571;-49.57310527304066;8.047052376628995;0.0
57645;-3.9754905092950623;43.47400976561198;-7.952159551020064;0.0
58636;-34.28160955707018;-29.097627260241012;24.40057203446562;0.0
58775;12.226125378196743;-31.984831048606168;-30.47043035363235;0.0
58998;8.214891417901512;-32.548421130102575;10.92070154454993;0.0
59250;17.64590700600841;-37.27944564385861;-26.08154563453722;0.0
59416;49.387768694058316;-10.473143746155781;-9.744702884459212;0.0
59549;8.21378776046712;27.139834811625384;17.840237569456093;0.0
59907;-11.797679422416456;1.3457729392169404;-26.089907674040127;0.0
60717;20.749095206533998;8.28406243628952;-17.83126454998951;0.0
60878;38.22920501239851;-34.158455164391306;-3.3992499229256845;0.0
61011;-35.703174242562795;-4.4955845827521665;-23.005784144881204;0.0
61027;-19.326420873607347;-20.221247452912824;2.461338399306464;3.0
61140;2.836954991664783;28.866026919008895;8.92735395554794;0.0
62020;-11.567214934866819;1.430673415888634;-21.567935645356606;0.0
62265;-13.460144672338323;2.2842944132686513;-23.28473543329846;0.0
62268;4.865022677665277;-20.213545810870663;-9.899806437738812;0.0
62407;6.671031155928967;40.0971025413581;-24.029314851535645;0.0
62582;-6.948637689426165;38.87983577872064;7.703404599557735;0.0
62811;21.712382989269685;39.28054578989973;-4.197285595485068;0.0
63664;-4.454106455842906;2.604835392338536;10.967002744297474;0.0
63967;-30.69533986526221;-12.7027107148653;18.942399001436193;0.0
64048;29.192194379619306;-3.6704142118058525;-1.186664228831684;0.0
64164;-19.65637850649244;-39.033542164583295;-1.9392221394070719;0.0
66069;-8.061408159525591;7.027540959735623;-36.904040386175225;0.0
66461;33.06553779936168;39.91218226735101;10.718303200331851;0.0
66601;-10.495080622351704;-1.2346797851960658;-14.932112209834656;0.0
66605;-9.960983052852063;-5.870933800367144;-10.559555481018885;0.0
68597;23.20416095308835;43.66285947938549;15.384092125465925;0.0
68627;-2.2243318962082275;-4.140930555710192;7.218577772129107;0.0
70189;14.657744768644905;-25.308356480500795;-30.472083593534066;0.0
70385;-13.171255974511814;25.419207413911067;42.40396820922246;0.0
70608;-40.63437256441915;10.413881684678717;-0.2400394785819988;0.0
71141;28.561929612086487;21.48575884024175;16.287668596751253;0.0
71373;-14.496360700738661;-2.8602029290327695;-22.56600286352477;0.0
71818;-36.56768393617052;25.06321574507361;26.94147597341717;0.0
72169;36.70651116291769;38.95920926400214;3.00975225514255;0.0
72185;14.422327300139706;42.678699542890584;24.82524204422037;0.0
73035;-22.932339261747263;-6.945081875887546;-29.89103565807547;0.0
73311;-6.528117251924732;1.8528813486022502;-21.764045238698532;0.0
73717;33.68146849774661;23.182757186860737;-17.840349881949418;0.0
74576;-41.268962111694876;15.045788925576947;11.234318458406428;0.0
74716;-0.26295892530545;-5.295707021437499;-6.3070031538192435;0.0
74764;-9.581110752934231;0.48796965856992114;8.522779645848562;0.0
74848;-1.0499455755529117;-28.835621680816388;-33.57058461933829;0.0
75055;11.902839856165013;24.428513885304564;27.26163246938491;0.0
75545;-16.823790037380583;-26.11220844271442;-31.11934498505649;0.0
76290;-31.782039610661457;19.264695424776722;-6.631085345803615;0.0
76683;1.0272955150243839;37.448618208801854;4.371593836373012;0.0
77029;0.867412877966385;37.73865399156017;-12.853044730928433;0.0
77115;-12.927358164010743;35.16709922443071;19.089658650182088;0.0
77117;-23.353728249197065;41.92587938264329;10.375647516951613;0.0
78030;-2.8707846377787214;-8.119432537326231;3.089885347253899;0.0
78032;-5.219252163482491;-36.014231929071435;29.074092551640074;0.0
78494;-16.709048599201587;-38.42087901100412;-19.431483969861688;0.0
78772;-29.153705636907336;-27.982906296507537;-18.65601711846066;0.0
78974;20.787627376743387;-41.24301942323708;-12.122603209350798;0.0
78986;45.22113392675116;-3.249202303720526;12.061893065459818;0.0
79092;9.935481378118054;-2.8331784840767846;2.152934844202549;0.0
79366;-29.70151206934203;-19.423277670349524;-21.14557478046458;0.0
79971;-13.337354172137816;-29.762184775735236;-19.16541567317858;0.0
80000;-39.40017806278799;-16.793110756704365;12.788463549767574;0.0
80001;30.170669806452132;16.678577471012996;14.084233750238264;0.0
80167;-1.2719640700108867;-29.21290779838796;15.664153061317217;0.0
80241;30.496259232096904;-35.43812574331907;-16.731386805373653;0.0
80246;3.977557807922168;11.49730190527292;-19.856276774609142;0.0
80542;-39.92881949136198;-15.18605375223866;8.695177076850097;0.0
80949;30.338551526472113;-33.62506366609969;-6.054661315695142;0.0
82167;23.720513897392856;-42.50181185840598;-14.700293233615538;0.0
82261;19.059686189463854;45.21950165184819;3.1706969940124106;0.0
82272;3.5791187553580697;-48.410077957178835;0.21269578536374215;0.0
82302;6.536855163905292;-23.57171032623874;-27.137076416789363;0.0
83104;-7.372052045505563;-45.10293925377744;10.376868728129017;0.0
83108;12.621245222208158;-4.458177409350901;-34.43335721304928;0.0
85523;40.768650386436775;16.984820695307835;13.340772964434581;0.0
86271;13.880371599857202;-2.092677506847151;-36.93488888434138;0.0
86501;-5.36818077587917;12.91028966002541;42.16747403828127;0.0
86617;-17.263807923722954;2.209696642390745;-25.977658075713;0.0
86753;-29.741507296964443;18.634189559758237;6.926280015755255;0.0
87070;-10.373974060801094;47.0990377501159;12.059980758073499;0.0
87995;-23.931906974826227;-32.97988679445335;-17.49677098987406;0.0
88115;12.137761652199679;-13.956634777823606;-3.5010829118720457;0.0
89115;-21.8448458413952;-27.09659599919579;38.21767126808415;0.0
89474;-43.385306855885084;0.9351831723751621;2.699926823873161;0.0
89694;-4.225981063154216;-39.76248918124977;14.059369261716377;0.0
89841;24.286690161235523;26.39304957601933;9.551309755955803;0.0
90278;-27.356115728768188;-34.34931751804516;22.4925954178886;0.0
90458;48.97145473380682;2.5508331121112953;2.287392553396977;0.0
90909;-19.570342644106994;25.1511938648436;-24.145808364610485;0.0
91180;-38.77261179009475;-11.334381402458012;11.870191363105858;0.0
93464;-28.424626840248692;-27.676398014728452;3.229459639269163;0.0
93627;-18.06912743584934;9.219785738163823;-31.426727806783585;0.0
93755;2.1178937206606294;3.1218644578528454;-39.21047776906505;0.0
94536;-7.737969143752985;-29.754823066172865;-31.11677527520925;0.0
94706;42.37728875080847;-11.50968323453689;17.913886112577927;0.0
95026;-26.399452885638674;22.61937376035204;32.66309967328531;0.0
96246;33.04340475067742;-12.628081309301775;-23.136626702103044;0.0
96258;-21.53494422481784;23.274258923921256;27.762716904597077;0.0
96735;22.817978188545656;-22.642060884003367;3.7746622937336443;0.0
97177;38.47013477807602;-17.80475430906546;-27.199782728061678;0.0
98476;17.257732566584114;9.574050789603923;36.8026626372018;0.0
98559;-28.64833835194977;26.76464219892936;-16.562140862934772;0.0
99098;-29.30562101287646;-22.175258714253232;16.269219397847998;0.0
99185;2.6615522655294033;15.228925677190064;-12.566514595461715;0.0
99268;2.00749690409836;-1.0126978858921654;18.26690075159236;0.0
100025;5.640865775918937;5.320108033736938;2.4118943216207533;0.0
100032;-27.219390991896027;29.34570010049389;1.1719618682994413;3.0
100303;-21.224780545756058;36.826218310801494;-7.499109671702401;0.0
100937;-14.932050812338305;6.196582377258398;-1.0891029519751334;0.0
102168;-34.61161960245216;27.136773921807343;12.555105143639969;0.0
102433;-22.22881679856938;-27.296817727293263;32.505397957660165;0.0
102505;-4.976046197940292;-0.2254371463641223;13.679991136769168;0.0
102525;31.16433886738175;-36.12507088248242;-14.476866246897544;0.0
103249;-16.11559088198071;21.138386780891885;-31.439402646030107;0.0
103913;4.915856809643354;28.30983448707272;18.344376904486655;0.0
104709;-9.233921388573506;31.04068131473279;-26.89195664636093;0.0
105276;35.886752756649656;-34.89994823531196;-8.544226839573597;0.0
105924;30.783833125001575;-33.26858680729108;-20.026010902019003;0.0
105966;26.88208512694776;34.190980862457764;17.049449796465847;0.0
106757;31.71120187487253;7.855413569271297;-28.951974428899597;0.0
106925;-17.163566777181963;-26.581737559802445;39.76138402631547;0.0
106932;12.92227415181297;-32.81718941912518;-11.670534941224782;0.0
107563;42.0628437195012;-29.069411366918356;2.600392122915174;0.0
108598;3.9929352601330286;10.120621035862106;-39.01305337080129;0.0
108651;29.3607469795994;41.88970577479369;4.680806602991322;0.0
108675;12.67684739390279;45.454758887862916;17.86381271055463;0.0
108816;-40.889124254274996;8.516704288709722;20.727164320337717;0.0
109426;-12.447338311296356;19.918116033432998;43.59743071327501;0.0
109963;41.399460243937185;-2.7887824785909823;-27.393682011534995;0.0
110159;39.615632359979934;23.920124645526645;-23.217869067273448;0.0
110189;41.30354237963919;30.65738423251855;-1.4258673771118373;0.0
110567;12.533933489898555;-9.050416251982288;-38.72876199770148;0.0
110675;-5.7582188539426795;23.927356072596762;-34.37588915646557;0.0
110740;-31.51151625174319;-0.1186505447044248;13.797028242311693;0.0
111403;46.080090890688965;-14.41830950787855;-13.874285760218987;0.0
111878;8.02864136397347;-15.835917798606364;-23.67534480757801;0.0
112435;-6.826413992941964;-19.925530155492254;-29.19255078459812;0.0
113879;0.05474183459733907;-32.35229356676172;3.854712274599934;0.0
113901;-16.12934541866305;1.5280975779095856;-22.925390862160324;0.0
113904;-28.937631374752243;0.28132403022932945;-24.820033739529986;0.0
113954;17.256049376684174;-2.9267344166401896;-8.404308684141274;0.0
114286;-28.86560761903382;35.180558753630585;-0.08895681785633872;0.0
115125;9.67633901852322;-34.631173956289715;4.391284837077446;0.0
115481;-19.489618413905784;37.45757924826915;-14.387140544731443;0.0
116250;-16.11788804684415;-10.20233511350447;8.113473236430492;0.0
117074;3.6852061415515207;-45.17732905935521;23.677035484977505;0.0
117233;-27.63553124215785;15.048400565421693;-12.655753610156747;4.0
118438;-3.8955064184248553;5.819734652785766;-36.514681424321346;0.0
118831;-4.757263332821219;-8.092660233917757;-2.9937325626573683;0.0
119860;-22.77349495369004;-31.508422416927107;24.84363433812701;0.0
120737;-3.206003549413551;-44.5664748856685;-17.31263390832041;0.0
121158;22.30256567418525;14.587287397833366;-36.015531758994165;0.0
121355;-33.76074614303381;-25.995059024678568;22.81299301134201;0.0
121606;-3.3708741714875305;4.256509096339424;-4.569768482092176;0.0
121701;-34.36380732718379;14.16027230321802;-14.8496763372352;0.0
123268;-38.61455067449097;-21.191315915245422;23.006303777350315;0.0
124452;37.95303008881621;31.730636428717208;-8.340108616707758;0.0
125219;0.02427681486297492;-14.972845704913183;-24.297930395567327;0.0
125447;22.816904481109486;-15.853419080065969;2.5128132740589506;3.0
125803;-18.385311064553253;-41.95269062104944;-13.55142627691193;0.0
127223;-2.2792064701336128;-5.778160685882202;44.057878990902864;0.0
127812;40.354981011028066;-16.993531652289995;-20.950898294537463;0.0
127854;-13.093483316635144;16.639504703335742;-28.783799198897064;0.0
129295;34.03329711683155;-26.334078029524996;9.010632920597276;0.0
129380;-15.295920828207421;-18.481700641323208;39.91247278233374;0.0
129844;16.790710264347066;-34.96750045629621;27.838595225086358;0.0
131717;-5.074086019612144;33.76097376302028;12.977656191020689;0.0
131759;-4.82150570462722;-41.83138713826054;-14.107096081379172;0.0
131788;10.576805931243403;24.00217116814925;-29.466991603283507;0.0
132358;-24.86688452174486;21.752391694391296;18.2560483697375;0.0
132944;6.430491488978265;-41.900233199167864;-17.049202708980534;0.0
133751;-31.05817810369266;29.564278182500136;-16.61110911002377;0.0
134188;-11.909759054503688;-21.645321948256242;0.19206147670757195;0.0
134329;15.371312461225635;36.51706544417962;-21.852337833449823;0.0
134989;-37.71330431306713;-23.962743492993095;29.06850088697248;0.0
135019;45.85700233895085;11.654939228401895;6.566430787147118;0.0
136534;7.295505091306029;-30.431369565954384;35.17726125882661;0.0
136831;-7.713805485189436;-6.370749478779732;-14.549336257589438;0.0
137327;-36.43790160888565;-20.043368423487152;11.06805478704026;0.0
138557;-26.850194368843564;-10.197058672568136;-20.67998408814243;0.0
138640;-14.31733608388109;-37.49338746614046;-11.83016843173509;0.0
139263;31.501536912336427;-34.384856185932506;6.7224830066203225;0.0
139535;-9.767006648133327;14.791720095680509;44.89450224116834;0.0
141386;22.932980191709163;-22.16650283227374;-34.372247236682064;0.0
141925;-15.15382156415476;8.622760976154998;-35.02182076806704;0.0
142206;-25.243302089368065;-19.665612090943533;-1.8390830100475164;0.0
142524;26.856711488456142;-31.48407905837424;-27.702373648184285;0.0
144037;29.55554775801913;0.06609508337555048;25.920783029094036;0.0
145029;-11.146981268598338;-28.495967736007707;37.2278028619286;0.0
145667;37.66275171107231;21.38529007371429;-19.77207684711455;0.0
146469;10.822514219136846;-13.785088675521463;-37.43853404440132;0.0
148300;27.514416444357728;-26.989596635556552;26.863093833076732;0.0
150194;-11.295814789750672;-25.790581401834096;-8.09923126352713;0.0
150729;5.897637218779713;12.100472406916403;35.73546633064314;0.0
151102;1.5459179204439744;14.715025637739744;22.686753768846522;0.0
151871;-29.115354664187176;-3.705036409747676;-23.247485123012872;0.0
151886;30.871086454814648;27.976311306899586;-25.946312407576396;0.0
152433;19.983393552052462;41.065670508779895;-17.013761378587407;0.0
152796;9.004794917194326;31.173257976851538;-31.66873876739682;0.0
153334;9.167227235038256;-16.58394446163862;38.96765516350006;0.0
154922;7.835052811731678;4.630297802868905;-16.241809159477445;0.0
156928;36.928835989701206;31.38131761948307;-13.059928836129847;0.0
158072;26.38423828654313;-43.91910567415248;7.176317575891338;2.0
158462;-16.048622685961753;-19.08150775816663;-30.274230910295763;0.0
158466;7.430849882010223;3.2257215051163826;-0.2415589028276115;0.0
158696;-31.80221692446198;6.293815420853211;30.267357385704372;0.0
159122;38.853204240303796;-23.644351051920488;8.930980151582373;0.0
159219;42.59497132786795;10.389822851108935;-21.770468015816718;0.0
160675;-29.029880364268344;24.866000996797386;-23.97262100240591;0.0
161546;25.60141721307929;4.679781564302258;32.905254393890004;0.0
162260;19.00974456743272;47.12390822863743;-1.7208821598866713;0.0
163415;-13.51269493921438;-3.977610220419052;-19.524195686850277;0.0
163505;2.416843558826537;32.72559333957027;38.13393406806206;0.0
164855;45.53001424838923;-12.648561118084316;-8.23305983557146;0.0
164858;26.730702860946945;-23.825939388625653;-30.456839044440308;0.0
165518;-20.0459935408311;-22.202872612611674;-21.98986822527409;0.0
165550;-13.426706996826084;-33.551239915488274;-28.68446703480204;0.0
165709;-19.27575895411903;9.514555118140747;11.340252350859004;0.0
166374;0.4860594102459792;-14.037775313000067;15.719019960555558;0.0
167448;17.861497575692255;-41.42295002754079;-6.484548240764767;0.0
168888;30.33355586676909;41.6487250941192;-1.2599723715050042;0.0
169057;-1.2756197480748186;-28.57688364619752;37.65069983178876;0.0
169795;-21.326472769710787;42.02486412675896;16.307571868068067;0.0
169811;20.461973558602445;1.7376547204520971;-34.6446754154871;0.0
170062;-13.166342677303893;-19.276221681591522;-22.961831024994076;0.0
171487;29.400251027251016;-11.558560882881274;-34.29540153125029;0.0
171924;31.881665284739036;29.1709149058843;25.10182428777846;0.0
172278;22.542478637423205;-16.634477596134587;-14.40918673842087;0.0
172338;29.70968242885633;18.553375479562373;-29.529383439574517;0.0
172931;24.268341294826303;-22.33706357963446;-25.324858929519777;0.0
173240;3.9194551857511795;36.98784647119323;24.960930511154135;0.0
173661;-30.56440146804607;31.31048587369379;-9.47565755795308;0.0
173723;-18.60626418141831;16.136283335750612;10.760911565298922;0.0
175216;33.669889828434926;34.807651325798716;10.353831189498523;0.0
175247;0.568555884794958;-39.28874010941261;-10.677273949020906;0.0
175260;-13.766709859114023;-0.7901976644315775;-19.319104089042305;0.0
175265;-15.78066753939081;-1.2982906800083558;-21.19962104975171;0.0
175586;-2.4225342456757444;-28.66962381568442;18.294468227453564;0.0
175701;-14.035723738122025;-2.7332029565825033;40.8984416987211;0.0
177268;41.35417285162937;-15.602649242473417;12.032020188485664;0.0
177406;-1.4426438686145298;-21.4484456349599;40.65723339806015;0.0
177530;20.2507616786583;25.00960225326076;28.506707805369246;0.0
178181;30.76364383120176;19.189696136735186;27.316063596149156;0.0
179441;26.786610522623416;20.880475366223877;0.8078866013487779;0.0
179701;15.438153369752161;-31.482985883439227;30.873257829685567;0.0
180233;25.05891043282955;-40.90872952310952;18.238199668298545;0.0
180825;-29.659192721857778;5.33660898525601;14.39513869175598;0.0
181346;-31.457884789931402;25.90468790005084;31.416625672384125;0.0
181670;3.334545198022169;-47.634732403270604;-10.925848451743963;0.0
182186;7.250761291465902;48.11409410477411;14.396386109181824;0.0
183371;-37.24621612083399;17.85225949874143;15.879125163537827;0.0
184513;20.901531712472146;-41.012763836925025;19.164165260752913;0.0
184742;7.815374914151465;46.77425996942288;-7.1759072609157295;0.0
185481;13.64188725153432;37.358238099174656;-24.833220723746063;0.0
185634;39.140775138208646;12.778566572855917;-28.62502826833548;0.0
185791;-10.393183240909172;17.733570650797095;-34.23344396993347;0.0
186488;29.840728646066058;-16.145585805197612;22.405427445570453;0.0
186725;-33.79609612593237;24.45997036843458;34.743669144602244;0.0
186737;-0.07709248288780658;-18.595146742079205;-14.414246790620066;0.0
186996;20.841934211015023;-35.97779176623769;-28.495913826010913;0.0
187214;3.1446528499356496;5.189227290267371;11.485356348483045;0.0
187215;34.44595118730061;-8.048439061546562;-26.806476356442456;0.0
189652;50.2477589329347;-6.524883400866974;-4.569711202720581;0.0
190417;-34.49309248449821;25.927473858696285;22.771024078836927;0.0
191294;-24.57309600420963;-39.81919351287888;18.46663129971903;0.0
191908;4.102631995486916;-16.409151779529473;41.40550115857807;0.0
193470;-23.883470340205626;-0.09484302203767309;6.731557856080852;0.0
193692;-22.385079416780076;30.75314336182598;2.0031661343558103;0.0
193980;9.686171602938707;0.13077621095624975;-23.866404831220112;0.0
194246;40.20113086517396;-23.186111586661326;-20.24464139652213;0.0
194345;-42.8139177948523;12.049090189970908;1.1977099753625504;0.0
195012;23.248094605476638;-5.096783251387867;34.01142163813197;0.0
195034;-28.3365528804844;31.956639115282087;28.561893672088626;0.0
195109;18.476002654161935;40.10155610609335;23.17774056215896;0.0
195187;10.110173727733164;-23.702488490964406;-34.67298714880406;0.0
195676;20.091114710648792;3.378461629161481;4.727596736459801;0.0
196367;4.252648167193944;-37.32149843635871;-26.09517587872695;0.0
196910;27.80865421186625;-6.812093401293277;-32.554923274716046;0.0
198151;1.626037628649869;-49.07677090754612;12.244817172085577;0.0
198153;-21.550602083887032;29.185410705022573;-16.10192469779312;0.0
198439;2.457815717953376;-41.403018303725666;-24.3860972003261;0.0
199594;-30.4497858198596;-3.329028782725102;10.693828061786817;0.0
200209;-24.01903601214669;18.17309136716902;40.10700700576931;0.0
200228;21.98931265280712;-46.64915283686009;1.402796612702069;0.0
200781;-31.787149080357715;-16.80081988624608;39.39215445826496;0.0
200926;-41.8906491997376;0.12330438835355023;20.295165546018637;0.0
201217;22.122948047362932;5.492051347890469;-38.01468815015084;0.0
201964;-8.332943079633726;0.7899340108535008;-37.24922010565542;0.0
202046;-6.357987035788418;-40.115500825264384;-23.726015712065788;0.0
203100;-10.441493336787294;-46.223521432162485;11.262260309245375;0.0
203403;20.350153742749768;30.32446903730927;-26.06945182525616;0.0
203978;-30.122036999343194;-29.599691060394957;5.225405390616701;0.0
204154;9.919738161553937;-40.76150431686158;28.275682504102946;0.0
205046;-42.562694214786724;3.343082445014658;24.20760719093675;0.0
205372;35.50731023920628;19.583273555838293;22.5642343161299;0.0
206451;-8.931324576561899;27.907048941017006;-29.842360920969025;0.0
206734;39.544321414219134;3.652039887898146;21.769753708359183;0.0
206798;-11.594035907022398;40.4403055609558;11.013378819040568;0.0
207255;20.492169146807417;-32.5878173577606;-29.796809968676882;0.0
207293;-24.399788842012175;-30.135385713549656;34.65895856963801;0.0
208025;-17.391688426120876;6.883180470817383;-24.457748078566688;0.0
208026;-24.415202608595877;11.329767605232288;-7.19561061599443;0.0
208189;-12.323477847409457;7.79323063421787;42.57418303410375;0.0
208775;-19.276600549069002;37.90730542653439;33.333659168422734;0.0
209404;3.537620037825033;-27.540805387788993;5.120395829984177;0.0
209787;3.2657433133622167;-0.318074128747781;12.813323545789729;0.0
211395;-10.247618013312549;-2.131538565474488;-4.565669824835828;0.0
211669;41.358237066387765;-11.559262461589567;-18.394576096502476;0.0
211956;-4.170126937099561;37.573991896348794;-26.120974807193285;0.0
212530;31.043242039580562;8.641043952568134;-13.672737247200388;0.0
214816;13.1331296267783;-0.13960527154467217;38.416805811246256;0.0
215579;45.18129144411966;-9.612749931053385;-18.489505610859226;0.0
215722;11.919987727645628;42.686106177450284;-15.730068514898758;0.0
216981;-12.904635100361554;8.308900718562967;30.166542696697476;0.0
217003;-32.602247266902786;16.797230378959465;37.41738036065884;0.0
217306;-26.853977053618696;-18.99107673354246;41.03791884042964;0.0
219691;-29.193047954568563;35.64688322090912;8.900746377129673;0.0
220450;-22.437969616135927;31.16442871737641;-6.661431432749639;0.0
220666;1.0356825440570525;-39.52158038057102;24.378497388277882;0.0
221432;-29.600772255330682;-4.98441422744284;42.54591622578412;0.0
221933;2.1384455966263873;6.382386550587947;0.6922804505649363;0.0
223288;13.227939341142172;-28.996075801277915;34.37491278652361;0.0
223804;-4.647814808077577;-18.590152579876094;-35.018553223261286;0.0
224107;-40.1313264043236;0.8051810869783619;-5.634554936919096;0.0
224361;-13.418887052290954;2.0702427119308267;-25.820938720029453;0.0
225962;0.8592336270463647;14.182210676913854;-33.238463099081834;0.0
226040;0.4449773720631723;-10.64443826847288;-0.4739178681552542;0.0
226340;4.739663590742466;-2.781069792486976;42.01510941233885;0.0
228055;23.109283851228486;10.39347899714159;33.04019411086828;0.0
230548;-26.591318564232886;-36.23622131587489;-8.55307032529788;0.0
230998;-37.37117949340533;1.4609119636223011;36.99013764605702;0.0
231309;-14.037423400520986;6.587275237157983;23.520263716797075;0.0
231433;47.21789731305009;-16.561507420472427;-0.25612466328984956;0.0
232867;-34.15466648961653;-22.824034078185655;35.44024320819319;0.0
232890;27.805275852067087;-36.70367190308648;16.32477514704539;0.0
233211;3.349948482106494;31.8789458249007;-13.227021373696742;0.0
233931;2.260357813129104;4.693106318510144;1.8013856960384986;0.0
233957;-26.967987711841133;-39.92810668140435;-4.281769299212788;0.0
234075;20.44205980478625;-39.48269629788255;16.70944094417826;0.0
234875;38.24936735119993;-33.87919239599257;7.307279184356098;0.0
234957;1.6105351351964416;38.87184212419584;-21.051325131067415;0.0
235763;9.069006215877174;31.456144695034848;36.98694198124699;0.0
236661;39.562629848130754;1.430676410888456;15.643611855038325;0.0
239264;26.688668038445776;4.829573111022639;-35.41428554473629;0.0
239575;24.041881870788576;12.898351590735087;7.425453641081012;0.0
240181;-36.24866853513495;17.219453473859684;-3.617933204300677;0.0
241875;12.0152886219803;-46.11707015349067;15.932491567865368;0.0
242192;31.69031175111438;-30.340878641333774;22.78934898524757;0.0
242425;-12.91391810230971;32.24665992304129;13.892162914156248;0.0
242478;-4.786175189227503;18.046883572171662;23.230013791551485;0.0
243599;-20.042773916022494;-27.007078449517316;31.893369744043245;0.0
244266;26.290339052125134;27.96676624246701;26.340124934165527;0.0
244555;-1.6348915968735296;26.27611280297084;-31.579658487692356;0.0
245301;6.676036549381412;-48.63580809875992;-7.90235420148083;0.0
246695;-26.763794613979748;-13.285346000229532;35.719958221565044;0.0
247870;-9.979863531729679;-9.918724354114204;-33.093999282669735;0.0
249352;-5.833380995099535;-23.53058897868327;-33.94125478230316;0.0
249355;-3.456221558288907;16.279549152233926;-10.687114769685902;0.0
249702;13.243046120244124;-7.191055221265233;1.889295679562537;0.0
250245;6.6794388691791555;-3.3676605366785703;-39.91269141732074;0.0
250952;-30.912321612363353;-22.59056785206446;-7.565862976484135;0.0
251280;16.43219081565988;14.428585352267685;32.31899216374138;0.0
251445;19.841072658012976;39.352446750625454;20.488885129502638;0.0
252223;35.934352288820016;-34.71356640139176;-18.517429491699243;2.0
252572;-11.900598847548233;24.088478078018586;13.139425116404054;3.0
253587;-15.441653027044117;34.27821023227226;-24.065401604390406;0.0
254096;30.35449690552421;-9.784897279569787;-30.398014252937248;0.0
255157;3.042728513494719;-38.28782015391403;-19.760941437776516;0.0
256342;-18.400620006143185;41.0292513109449;10.900102684524464;0.0
256728;-28.95021935900393;13.72901179635505;35.63641569653138;0.0
258174;-18.04949670951632;-9.443362474872917;-32.50622757261085;0.0
261222;-27.147331296179743;17.978682933725967;-22.926552922091243;0.0
261635;8.025659841650713;21.184843720630173;-34.366880197001116;0.0
262403;-3.2372148169331427;-15.287052633734605;43.63361929612372;0.0
262487;0.49457082536500335;46.04781078260791;12.576050674894827;0.0
263607;-32.46090124530535;6.708649851192658;30.007002051181647;0.0
263659;1.9053750848566688;34.476050935511275;35.057389385952604;4.0
263786;-33.49317585393999;-29.151872697016298;16.589232133824282;0.0
264484;-9.224806855365335;32.84512977246422;37.79007514350335;0.0
269385;-19.071872843739396;-29.93659559536708;34.501032229026215;0.0
270091;-21.98215460323264;34.815585080327075;-5.874655087645925;0.0
270497;14.659776876024102;-46.67937238506364;11.9364752016655;0.0
270895;-2.017241697581564;9.754862672605247;-35.907789635399084;0.0
270916;24.998564181416935;37.73491922678219;-17.02960642514547;0.0
272321;-31.631190454628946;-37.57095496652933;14.821186401428834;0.0
272396;-4.473485227815901;-11.8662072645927;-25.634994156083252;0.0
272750;-33.31343093962524;21.557162630997027;9.817557003878273;0.0
273236;39.87050085482883;-10.154143320119315;12.309891030717148;0.0
273822;-13.121583902464655;3.6446358739632907;-17.476809316060717;0.0
274330;15.443746531919665;41.55755729953883;-20.25847829569957;0.0
274940;3.9949688650121375;29.94104916010233;-14.123947447877415;0.0
275398;-11.771956117695623;-36.17788171434299;-25.22824622526309;0.0
275981;40.03987707975997;-28.470743847507183;-13.650926160996987;0.0
276544;-20.995492344386495;-14.340707564991732;-31.11654466022296;0.0
278745;-1.4074584235186895;-43.34767767812202;27.2223740117187;0.0
279527;-28.67539518034133;4.113482879841866;41.52491479647932;0.0
279816;31.029746570382823;11.416510287575719;-26.671644459457774;0.0
279885;-13.481924311043594;8.790796938665808;32.26497434695256;0.0
280016;13.076694845133163;8.058594357192863;36.38322788713583;0.0
280962;-2.7922119405746115;-48.99673253230414;9.685892319205308;0.0
281000;41.04717338987949;-26.988518435620648;10.631280485505068;0.0
281845;-25.764764503368827;3.0059362509943988;-29.11295866432961;0.0
283029;-3.325645556051224;41.07123222344927;-10.392938399673726;0.0
283977;5.682255924708428;26.15767853001137;39.27955444495866;0.0
286401;-25.174572833453794;-11.676596820864422;-27.148107001133628;0.0
287934;24.40305938181775;23.693599331492837;-4.730939156261106;0.0
288235;45.065393936009386;3.1587679097215555;9.169765497387365;0.0
288884;-30.887046808865858;20.0687181019802;-20.982980732630267;0.0
289205;33.504925238241526;31.383542904350787;16.522749127776482;0.0
289367;-36.548959197283644;-19.921921180706796;-11.42347665716159;0.0
298260;-11.013011182812424;-6.159746874448149;-8.188820693201333;0.0
301687;10.7405845015073;-36.366911128105805;-15.139358710014529;0.0
305561;-19.6778152177181;35.38789959630485;13.300837636808605;0.0
310816;28.604806029537624;-1.641420696485396;31.652083573386918;0.0
322183;22.1798785014786;-25.25043917394379;30.208119284225884;0.0
334864;-34.95472678205556;28.483050301775606;0.5866503634068002;0.0
337689;29.221497457877334;35.69364714812915;20.720253358248552;0.0
338730;30.8061518636748;-16.27704383488286;-32.14798066890746;0.0
346477;-14.974865832293093;-26.454456057368915;11.495458482882505;0.0
347538;-14.793148710595583;28.30890004712827;-4.237685522458424;0.0
347642;23.02997326094324;-33.18646391217302;24.73276094221807;0.0
350275;48.35311905056486;-2.126041056113797;5.080425685485271;0.0
360122;-6.120368991164035;-4.740500318817725;-16.683140353241747;0.0
365718;-19.26125117498147;-35.94712895806049;-3.905343495340073;0.0
366634;-28.808669677418596;-34.65021616515772;-15.545616958363802;0.0
369281;32.704622350816926;6.732474326026371;29.248278746285273;0.0
369959;-12.724455911072619;-42.44804262660239;7.587699520186024;0.0
376253;-5.239539169151494;-46.75985402027926;17.740838017865073;0.0
377656;-37.71023443824962;14.225416544345407;23.164279535459173;0.0
380947;-28.46502639284707;-35.89574374611517;25.754249058993935;0.0
385864;-8.381357251755661;-29.83678123630072;14.354679239161161;0.0
396748;-34.57282836475817;13.599988701525051;38.72630310284765;0.0
402315;-19.83107085610755;-29.705282774117872;-24.766894955188913;0.0
404396;-18.56419341891928;-41.22380649937923;22.98654276852504;0.0
406718;-34.74581955447441;0.3918370668237525;40.48128015352;0.0
407092;41.50716043753476;14.399354154005383;-18.55739776432326;0.0
407551;39.57591866234078;15.765402025298295;-13.291421357368373;0.0
408116;-31.039288639815577;34.80113720118596;4.478428475022041;0.0
409648;-39.35373759554872;-14.391673476961975;-0.3018309811977581;0.0
420233;33.292579750864775;25.403576509840274;21.592982828867633;0.0
420461;-44.5822974697279;-7.932084067213486;8.080258688404989;0.0
427691;-41.46697652492356;-17.05796757595949;23.315495578969873;0.0
430338;-34.42114959377498;1.3880206874866996;-19.342686717640394;0.0
434250;-37.24995088561197;-16.60638150280481;34.95662261694286;0.0
434620;23.720121552416177;45.0444169572564;1.4994185827394582;0.0
439933;-42.843092088117984;6.526493962021231;7.7281365593375;0.0
440486;10.612721220358354;-28.378063578016725;18.421298982413887;0.0
441491;-37.53497902866798;-17.561009243555304;26.72472783630214;0.0
444031;-4.183169412574229;-35.312587330781916;-17.47313894377891;0.0
450625;-10.92540594052027;11.402742273394182;0.5944736773167297;0.0
454872;31.97049098945864;19.737694249158487;-16.20159829186785;0.0
456432;16.301658240919615;-7.27681254866724;-32.133550759765264;0.0
461387;19.3844130551599;-37.93596757483052;25.837641834036507;0.0
464529;3.02162406006181;-2.4806524044083096;32.374061225467706;0.0
465132;19.355316631889586;-3.2823816604981215;22.280905835472854;0.0
466149;-35.57120257040808;-0.20491725606052533;-20.593669690773538;0.0
472111;36.50085650514319;5.736702026471785;19.87533246097634;0.0
474365;-23.555558292198928;-16.17720401831801;-7.128423036238512;0.0
474487;-26.394600985927102;-29.65726693697226;-24.421779628204895;0.0
474912;46.606794554378155;19.87737804585474;-9.580406179226115;0.0
476531;-28.157970026100568;-15.379255200753464;36.85966047881347;0.0
478005;19.291592020677808;-34.70207758207473;-24.7208977479233;0.0
485734;-39.25485767642681;13.325898297818831;27.215698157115554;0.0
488590;-12.04095951420425;-40.896581803831666;-21.054884688355813;0.0
495496;42.71217166090077;-17.046498224141306;15.205236726098295;0.0
498219;13.83064711531316;-15.940730812375572;-33.87119275146812;6.0
503264;-38.674360820935455;9.128995313561019;29.449566694319362;0.0
504274;11.139152339063743;1.5538922010636793;-39.35875122525068;0.0
508697;43.40110847494573;24.362236036744566;-14.15632339595277;0.0
512245;49.25371849202716;8.73583644568303;2.7421424694885785;0.0
514646;20.18938963980667;41.97529088970593;14.283826528373124;0.0
516474;-31.631864329588886;-8.596574943961672;21.48471807780362;0.0
528459;-38.40490667695362;-17.18706854078486;2.199008798338603;0.0
536220;-13.73825436580561;7.483800730112468;46.013530014645795;0.0
540665;-24.662993918865492;-17.05042017640816;-20.183872850134623;0.0
542026;44.89455615116514;14.030888310909475;-16.50000210412872;0.0
545682;20.733301074972907;36.66855253517421;26.601016373656382;0.0
554595;25.956582261965888;-3.9807635808565953;16.8210645875426;0.0
560046;-3.862448359140049;42.50850867800787;25.84906176835763;0.0
560655;-0.7905716650343443;2.553690903503909;-6.159028823240835;0.0
562384;-10.459506763216455;4.707256943918935;-10.010123512430823;0.0
564472;-34.05655628544886;-24.664927191250566;-16.72469897077122;0.0
567711;27.21028619243728;32.124439970306874;-21.442761125297825;0.0
569220;-12.85665370571389;1.647404893317155;-21.25927395870554;0.0
570393;13.888925319348713;41.2276221291524;5.70853218127139;0.0
571056;-33.07875473357598;8.898156451033636;32.63897794471927;0.0
574271;24.768913585068915;9.586039025141261;7.1602576380960485;0.0
575779;-23.65967496850953;-4.403620492594132;-32.68917414173527;0.0
576337;-24.79331834111813;15.293343630860626;43.36884034686396;0.0
579059;-38.87453462903577;-5.337702160191025;31.85778315615875;0.0
579753;-26.49310952507109;19.289735120788194;31.76107760690758;0.0
580459;9.160816437919356;-34.37869547129874;-18.449177938256575;0.0
581986;30.598229991035076;7.404992551047357;-34.770504343006984;0.0
582912;17.637509026507644;-45.06371074610945;16.94780699000818;0.0
585913;-20.63752996566619;42.491631854011146;-1.0302908892213187;0.0
586439;-12.618697974859582;-42.73212135471483;-9.839413015079005;0.0
589169;29.494264071662247;41.78790573084537;-7.49909993795298;0.0
594049;-8.458780992153073;20.700772381906635;28.795770213185428;0.0
595510;-14.266454031905862;4.1065809027521665;-25.10085989783579;0.0
597874;7.613779978635626;-38.474603317810384;2.58713325870337;0.0
599690;-4.624704640701401;26.525940713119386;-31.516317236457784;0.0
599691;6.455043000018758;-5.1470988740217685;37.25574022026782;0.0
599694;-10.19126334791265;-1.394844233018562;-25.933454873340736;0.0
601500;0.19339882602260214;20.486924902119167;38.8421976159581;0.0
602417;26.611906193009016;-23.39460101176731;25.331064569150872;0.0
602831;5.7864774260128;-35.27274784315024;-29.62690662377708;0.0
603931;-5.406711448588648;8.060835365809641;36.366602643124146;0.0
603934;-12.143968040580729;0.11610024385993811;11.616112050710045;0.0
612344;-40.035603215014035;-18.19046985363593;5.127246517701926;0.0
613981;-40.12111345493073;-20.128158365946668;14.884855605143906;0.0
615296;-24.813155722438864;7.727491885625824;18.599586829315257;0.0
618050;2.6234837587299515;-8.975380275192931;-0.6626555970135372;0.0
619545;30.04943820365896;-39.43287747084411;-8.046454874164516;0.0
619754;17.03839375462309;-13.729952226299144;-10.210671695508887;0.0
621271;10.482146715620583;-44.645953195943775;-9.547581729927423;0.0
625800;-8.900008858423517;-33.433758052472186;-29.420751801032313;0.0
637744;42.192772801777345;-24.398003822118287;-0.8967394482542661;0.0
637754;-12.301053534992509;43.314469120096156;-9.391319111716724;0.0
646463;-7.30608043567736;38.682480265452774;32.483893858938515;0.0
646592;-33.492870363958154;29.703144344244997;6.3516353899160025;0.0
650249;9.837702870180667;-5.520634503066294;-19.80943198239391;0.0
657630;25.429255638313734;-16.954825772090935;14.831589533310401;0.0
659031;25.42184301375439;25.776927197645794;-27.981923936565934;0.0
662792;10.020924230538755;-9.407636619496703;33.51406897269796;0.0
663296;16.287637149253122;35.39806462570057;-27.24655264528136;0.0
667752;-11.972381505780987;14.849667352235734;17.91848044230481;0.0
670998;-16.864180604979495;40.465307819469494;-10.713266359381274;0.0
672321;-28.021772409197073;33.075651913760424;2.969853054701927;0.0
680697;24.189451502016045;-45.191645158504166;3.3826168170394686;0.0
681855;-34.111035332210264;-30.729629618223797;28.30675562725575;0.0
683198;-42.004836562949535;4.517580610194575;1.945666630273968;0.0
687885;-4.454711445806941;31.77751416593048;-30.349040015848608;0.0
689418;12.85209082348514;47.71406096355478;6.745119964024629;0.0
691309;36.64151367678158;-37.423571025290826;-6.042029903946038;0.0
691470;-21.93040999130869;18.9733088970987;43.27298537756223;0.0
696903;-22.1513975506717;18.105563106183357;-25.555821335789815;0.0
697914;-9.100375844012353;-1.0498858627439616;-7.304512553270565;0.0
699842;14.206070342995476;-16.567882277593462;-35.94915956793977;0.0
704351;-32.49686520316741;-26.939984463505834;-11.072068835551638;0.0
704722;47.2536636009239;6.913173147784415;-2.821983174742309;0.0
705697;-22.571600518192007;8.752588977187147;-11.709343400167745;0.0
705700;-28.19410469895248;12.813889600756077;-3.2237017521114506;0.0
706320;-43.723298575792576;-4.00000795221258;8.656876270376955;0.0
707062;-24.855487049922402;29.61657686939115;15.734520582134097;0.0
708784;43.086795223630624;-8.423508130499929;-13.495220612753172;0.0
710902;18.200320408050345;7.4522416682385515;-37.58142548590689;0.0
712241;3.8461503188589146;45.54889173226702;-0.1144352813417272;0.0
714417;-36.19514788831657;21.682109531069344;-11.978110191690437;0.0
715345;-25.10736653494899;-37.17072415532174;-5.0145776193997245;0.0
723803;2.017132005713085;7.836909711621291;-25.96073632671894;0.0
724813;25.488376934799167;34.731338730335246;25.60420555791353;0.0
725855;-24.734283899627535;-1.5103379777153358;44.95684915246202;0.0
726696;23.42789941978783;-38.78842538915469;-23.915644125792998;0.0
726979;-0.03906659049011868;48.18159241576156;11.583344506407968;0.0
727281;1.0075962780704393;-47.21454590824932;17.270308570836512;0.0
728296;29.75548496113352;-14.964058375435561;25.47536066557294;0.0
732818;-0.45999238249870394;-12.2150573563547;-6.623592604999034;0.0
738068;-27.76973418917992;29.058257987581385;9.824563057211787;0.0
739670;16.130739591080168;42.46213709576451;-7.3166640162982;0.0
743154;27.763115239573395;-17.474581036193182;-16.92206945903819;0.0
748357;10.095218196122222;15.188577039588658;-17.70932313223853;0.0
748689;31.958747595156744;36.444143188514616;-13.88791001440907;0.0
750412;41.24962040284468;-26.77186613849992;-18.864846476046438;0.0
750857;-27.107839228527418;37.24311929101809;17.687235008551596;0.0
751184;-41.44413066628167;-6.972093030531821;19.775452211913898;0.0
752580;-33.90964555418223;28.959276238465527;26.510489509037907;0.0
754147;10.248488809510784;46.62240149845037;11.158379489170752;0.0
762723;47.16295404131628;15.642973920076248;6.256166026841345;0.0
763199;-27.510247404605565;28.729239287140473;-8.15298477158166;0.0
763540;-29.175251665626494;-34.5435732064973;4.524254592922828;0.0
764063;-5.172712486874122;21.964870459260126;42.241612263873996;0.0
769221;-35.74162405027708;17.928067436734896;-14.595228639861284;0.0
769395;38.45896941873977;32.2062304204447;0.8220594084750007;0.0
772828;-2.073330931122242;-6.84846692538099;-18.227151113955344;0.0
777598;27.36808374805673;-21.194334875065955;-10.497275208471244;0.0
778214;-0.6270196852257258;37.674842525353554;-15.665840743716888;0.0
779186;-33.284388426351725;18.153277945846863;33.402903564306385;0.0
780305;-32.65042183903897;-20.45113165924696;-19.29992411018249;0.0
780801;-23.379426845169366;-3.1931321633037126;41.11437519588456;0.0
782180;-10.869057265120015;12.847990668728881;-5.4118231645347725;0.0
786269;17.769166223681054;-2.3072372350297754;37.592492010249025;0.0
791010;-20.001931103450467;-23.680970914743554;22.753349087387647;0.0
791011;-8.52688653935442;-24.911439636596207;33.42982561770596;0.0
791413;-24.54654233578816;34.092903603288136;-12.909003307601878;0.0
794704;2.558656426021225;-1.863557212655105;-8.893991903781204;0.0
801426;37.314612931768025;2.8202275432841755;-24.410963186347896;0.0
803161;-18.482212786292763;-44.40140846548116;-5.579443196445309;0.0
811174;-7.788737385734978;6.84526152682154;-11.23221821478128;0.0
811573;26.482740835687476;38.510839820656244;12.905849572789357;0.0
812756;-19.845124892772084;41.386186404726274;20.070950874347467;0.0
813739;11.94884679718005;-17.861283433204985;18.282623003157724;0.0
817213;-4.96084807134377;46.11550676358361;10.843436539143083;0.0
821304;-4.653993867085251;41.70388101084036;-19.522647271942326;0.0
826414;-6.0126751619410825;-46.47696430709614;21.736127347858158;0.0
826760;34.02442892235873;-19.91843799591386;23.116579670794774;0.0
828386;-17.548320926809584;40.77551193102887;25.567711485082985;0.0
837273;-4.403799818208471;-15.308200327477445;0.806680645951718;0.0
843469;-2.1869176096823844;-8.697041464239266;4.411786733983675;0.0
850561;-19.3060773373167;0.7576038769160468;-28.0818071806282;0.0
850707;25.87580112676806;3.724789182323438;-35.390232701166155;0.0
853675;-19.305255209865575;-45.61926524308355;4.631343806556724;0.0
860401;-26.320193210350403;15.656806326753955;-20.282691371760183;0.0
860723;-10.892377082483726;21.87481081461388;-32.78052463130478;0.0
861032;36.861945663677616;33.90260730460063;9.518896370382674;0.0
862752;6.106387208870207;34.588222663843034;-24.347517110119558;0.0
864686;-16.388538693254855;6.599670792671108;-21.01445069325948;0.0
864687;-19.11431648371626;-0.12835923440071237;-4.97358318496171;0.0
867527;35.8556317134997;1.026876870205521;-31.949016840735204;0.0
869830;36.38244020218266;8.495816411201439;-29.56838432725604;0.0
873830;-27.760668324718857;37.849226389987;20.235562054561868;0.0
874681;27.8701235882121;41.388453619591495;6.419714730868908;0.0
877136;5.030490427828759;-17.8189461157218;-32.109414056200116;0.0
883852;-9.516564014271324;42.854526997438214;17.37509462960732;0.0
883909;47.08830666575383;-9.237875537088444;5.369397868931818;0.0
891720;13.616368355551334;18.614287785941332;35.27783934284757;0.0
894781;-21.16219253697671;0.16365061591603616;-31.99262703314272;0.0
895408;-28.39061861727037;-0.21053529076561397;36.64538621155137;0.0
897770;44.99673955509067;7.027963254710518;13.87896095494106;0.0
898242;-6.484000904547305;14.649706189122773;-32.89427771954253;0.0
910145;-36.6681961301954;-21.640977701014496;7.164259706608139;0.0
911299;-35.987792070643195;-29.010403880426157;-5.9577008170841275;0.0
912615;23.40459233117336;-8.487776334179394;-12.508484976411387;0.0
913155;-36.62764982260574;11.473745482923272;-10.595763531366435;0.0
913444;-8.871542882615726;24.043159238212642;-9.481464862607854;0.0
930681;-33.2296877496035;-18.84288713735185;-23.348064704533744;0.0
932203;-35.025196132866384;-11.287130039016951;18.68930204898198;0.0
935678;15.085006950745562;5.631706317713437;-34.30729467554328;0.0
946782;40.499495742437134;-7.4232358437128525;-28.39225688217298;0.0
946895;2.7809451256193873;-30.761541341326748;-17.396480425836007;0.0
950350;2.823245192792286;47.15718866665902;4.51933418259033;0.0
952482;18.785171993282827;41.66459260317593;-18.949899978490283;0.0
955337;-36.749216865378976;-15.603818789903892;-2.9227800809377618;0.0
956323;-4.738734392047704;45.63197302732811;22.101610171131398;0.0
956585;6.047455346123514;-22.035904367537395;37.34042683523347;0.0
956888;1.2924607256674274;28.022892539130485;-2.9394914311943268;0.0
958321;13.073404837828743;-44.703864512501134;-15.008558082790199;0.0
959793;-17.617464990199196;17.417225292102792;30.22536149820089;0.0
961939;-42.27346708198033;-11.374973383794952;6.175394999767919;0.0
967053;-18.543743560134956;6.378423417073542;5.246027836265764;0.0
968154;24.358914581942017;-35.77795639311724;-25.48281222512997;0.0
975621;-11.640049586787036;45.3601887734848;18.440672138762217;0.0
978365;10.751287133371063;-18.204466985303842;-3.4623515741744972;0.0
979497;-39.56773033282755;8.927685651778221;33.5507667055164;0.0
984994;37.032268308552496;17.882856416922543;16.115920331961124;0.0
987642;-22.230679688458636;31.87210524530735;-21.834006937039536;0.0
989797;-21.008331908623223;-1.9431074029261057;-4.145317856074381;0.0
991179;-13.022718958341853;-42.22821562967038;1.92240409228185;0.0
995324;10.133344543855735;-41.92988968740489;-22.156132645390215;0.0
1000522;0.26391690407662627;-23.120622920554414;36.7111504176419;0.0
1002190;9.860481341326562;43.74746822435577;19.942914631958804;0.0
1002378;-5.285971774516227;28.13599571240687;-25.363835857202726;0.0
1005133;-18.240994003132432;40.74130304306248;3.6383774474603334;0.0
1007919;5.86395283015714;-1.1080111346011037;39.11304742985696;0.0
1010392;48.13397790859209;-6.186460775360095;-13.593555441907489;0.0
1014285;-1.6024372172403365;-15.866817211769494;-4.293437069769177;0.0
1014642;32.42460783746287;29.771990405152323;-13.213239882016007;0.0
1015063;-30.74748281216248;-8.566521618248244;-23.72737394448505;0.0
1015079;41.02901171095914;-13.051527861629259;-24.87228450642385;0.0
1016541;-42.93886020242488;12.188197449201434;18.14624568626491;0.0
1017480;-12.307286878371956;-46.40674953127018;-0.9245001016039858;0.0
1017808;-31.278277645608462;24.88541608314322;22.2270871861722;0.0
1019993;-9.53021597220976;-16.613247539896648;25.54578808638626;0.0
1023257;-17.966789789432976;10.886113789106059;-27.29898910216418;0.0
1023824;0.2693229957474393;-49.7694215213703;4.303262915435062;0.0
1026074;20.86217741481163;-7.169938975020525;-32.592306862493714;0.0
1027328;-37.16766027050388;-8.773577187189467;-18.301094664559642;0.0
1027545;-41.34483144718469;20.030039176779532;6.720699484226347;0.0
1030073;-13.189208003444623;36.386453501944075;-21.276914507656866;0.0
1030190;36.45048060813787;-13.306245108987149;23.97508738475929;0.0
1031578;-0.2604165682300223;26.932335233960558;41.13593919460265;0.0
1037221;21.221959255923775;11.959350261555652;-9.661578161900707;0.0
1037349;-27.356996258715846;-31.774354441118316;14.413054780690926;0.0
1042242;-41.9996342482588;6.916010161365764;13.339079292035265;0.0
1043266;28.42783748005783;39.29087853928549;-3.9075672827078765;0.0
1046277;-26.588656009391165;-21.259706736179808;-19.569210534174292;0.0
1046705;-0.008249447690749598;23.601744184453327;22.651728743428645;0.0
1048308;49.264835931366264;4.543585444898672;-11.989390109769882;0.0
1049104;11.21698864068663;-47.08278987608178;-1.3386841490133459;0.0
1049895;39.088620211309085;-0.983754956362728;-19.989238294205013;0.0
1054025;42.64429597993576;29.76766862040924;5.077284305047017;0.0
1055291;12.925150849141959;17.08704453173096;-33.584364613519114;0.0
1056288;-7.345485648334848;-48.60579820054391;2.9171238365865073;0.0
1060704;11.679772269425653;-14.752126198034237;20.41918998614579;0.0
1061478;44.627572882036425;21.61192320774169;-2.3459088599183735;0.0
1063712;17.1727105116384;-24.378515358276815;7.710617307878962;0.0
1064476;-32.47253981461348;29.318038282138296;-5.664274694527353;0.0
1067274;31.363131980564148;35.09736664357608;-19.923083240637716;0.0
1073288;-1.9578399942378013;48.40132057769944;3.7505330776680474;0.0
1073873;47.02411483456982;10.252703523010233;-10.971047491557028;0.0
1074779;-25.25870237845257;-30.88687908887583;29.733591512435012;0.0
1077719;-38.42676119065444;4.727843449570135;9.253686141148556;0.0
1077815;-16.52566925260289;17.14035852356162;37.21703284256885;0.0
1081035;-11.814974797638303;37.82859683121336;30.253975726499867;0.0
1081122;8.932440962745533;44.290872007052194;-14.76227774993076;0.0
1090974;-35.43674804340097;29.355137344932878;4.710131394998059;0.0
1092882;28.87113938370498;28.510256880158263;-28.273415289237725;0.0
1096091;16.839960041419328;-2.1911589038052535;-12.964641419294374;0.0
1104585;14.523672104115088;30.662889042191306;-31.845225121905283;0.0
1111698;-13.536279065312382;31.756618052172687;9.391040576733284;0.0
1112385;23.12751291764483;-38.063039427276514;-16.951224284805033;0.0
1116182;-11.423456440912792;39.00578151123357;-12.987692435424066;0.0
1118367;-16.652880372540604;32.404837843638134;-26.718956471645228;0.0
1123015;41.464436765074545;15.406084409158556;19.123076858195482;0.0
1125664;-14.760372930043996;-45.04980196693628;21.689367913137854;0.0
1126677;35.04487627669646;19.825814631420016;-26.62748917708266;0.0
1128252;27.195892223292955;36.78085304849831;15.218762145294253;0.0
1133113;23.56975309385509;42.28919981604507;9.247121101538825;0.0
1133726;-31.4621945946752;-1.9251257983700534;-26.148115495579862;0.0
1135030;-2.145021118735494;-9.082646193816322;-38.218572763030565;0.0
1138281;-14.242610838323262;-39.41308651202062;29.20732212372001;0.0
1140923;26.95123967283675;-31.93212803673919;25.34731244318499;0.0
1145129;26.634934746640045;4.809943882189532;-12.025699241361423;0.0
1145903;-3.728467042104801;32.79313657555504;9.993264658433027;0.0
1148218;-34.817247305228264;-33.97460410532065;2.1535501294784725;0.0
1157844;-10.856339747126029;-17.114595535093144;39.3733218993845;0.0
1158013;25.77779275259434;42.902551819583294;-4.651488549734185;0.0
1161601;46.75593656051215;-16.949440762411058;-3.9152502060011516;0.0
1161617;-26.220750231261963;9.415640756520883;43.610150477518864;0.0
1162443;13.71622015211547;-29.098975010160892;27.669548450135636;0.0
1163102;-33.124329645866695;33.06663097429669;10.067370687777665;0.0
1165872;-20.00153875847379;8.300560392808771;-1.2791663894264824;0.0
1169066;-39.27590653517552;14.451802590887496;-8.81717465084774;0.0
1169940;13.74423987294979;38.0333020740443;27.819810586203044;0.0
1174803;-1.0090182478296579;13.756440004724531;-32.12981898998711;0.0
1177350;38.07886500633573;-29.450680834253127;-2.3811255653248553;0.0
1179130;-22.704638410283337;-32.85414172692848;5.262529162159814;0.0
1180931;-39.007102306155055;20.347100340431282;-3.4605171367835488;0.0
1184014;-35.507070639220515;1.1277449076467454;-23.758616285127793;0.0
1185411;-14.940892051812723;16.955987832021854;-32.913194138418014;0.0
1186107;28.144962741873808;-41.40823559341552;-14.78425356112437;0.0
1189777;26.428279758925008;-16.985219030284156;-33.26276752263701;0.0
1195158;-18.816221156437052;-15.413014838746564;22.064343388346785;0.0
1195768;-20.63909185807334;25.864423122444446;39.0856491714857;0.0
1199328;-8.52127615593794;40.2822833803497;-8.81206368365157;0.0
1201954;34.802619726097824;-36.50786180972675;10.292349084403433;0.0
1204781;-10.737320700451322;-22.159043785217158;37.17295243518928;0.0
1207947;-1.8928513059136667;-14.622222573256584;-23.531801953611165;0.0
1209095;7.862951235073208;15.697906709310672;42.00578298289327;0.0
1212929;17.211058489358738;45.4859248560102;15.4267828529281;0.0
1215654;-12.660255094889148;-25.51831794801927;9.153862048332773;0.0
1216923;14.317665533861506;-47.3714060289245;-6.3666785252717375;0.0
1217303;49.69549294576511;0.25546969426628535;-7.162224604229119;0.0
1220392;-2.9678505229459713;-44.2595952239115;-8.322386454011284;0.0
1223574;-11.387747058035599;-43.87717268164526;24.782716041748404;0.0
1223817;-10.307522502251423;34.41523147412679;35.07464956992654;0.0
1226808;-38.34356009560047;18.191504626074412;7.73034761795606;0.0
1234390;36.64347839666478;-29.503383846120105;12.783619137555558;0.0
1234582;13.871868795362667;-23.252295092726936;-33.29813547553451;0.0
1234746;20.01456251519957;37.64324827223173;-14.642513697050342;0.0
1235501;12.513766658597408;-17.29631115929074;33.49470030884937;0.0
1236248;-21.32249840494705;39.151458302573566;-7.56885498130627;0.0
1237296;-5.084706663355782;-41.45952496536653;-21.449558277393756;0.0
1237421;-6.272653875236196;-24.98689416461068;38.68914713505645;0.0
1238612;-43.28104492208311;-10.307402702258544;-1.4609820653368837;0.0
1239113;-38.540364528901094;-28.586518560624757;2.8324894469302455;0.0
1245367;-5.982641678101475;-41.86836340606242;16.34037160861823;0.0
1247649;9.387549155690836;-49.91693125260133;1.9235657778377915;0.0
1249093;47.51343790548116;0.6762218698789415;10.298616121530879;0.0
1252651;-22.215203026878672;30.417841151758605;32.47847590426059;0.0
1254990;5.802815898791531;42.51486107263025;-19.60636500446558;0.0
1257189;-39.506599391461585;19.258489785145628;26.56537288077527;0.0
1259180;-25.99451093971115;-17.64697322594503;-29.03396254902567;0.0
1261655;-23.91996141803635;37.075944390956096;10.861593725563697;0.0
1264835;-6.128136897577259;-11.436212893904463;-38.389847817848825;0.0
1266343;-21.098024665791282;9.689446635244016;45.02613547834318;0.0
1284745;19.631990222942246;-40.73106912867085;23.27688104626538;0.0
1290301;34.85900359274599;33.667383013583944;-4.224886016344313;0.0
1292284;-3.3691894840876797;-16.961805619176005;-36.602189329119284;0.0
1304159;-33.370443756236014;-29.825328356981554;8.460209607068146;0.0
1304976;3.060527423061632;0.1642804784176554;-34.596276218364274;0.0
1306390;33.13729799509577;37.00409734022717;16.20245635931684;0.0
1312381;37.412567395944954;3.817592995556554;25.917356749297717;0.0
1312666;-37.79766746805201;-11.997569454283648;-14.055066944472134;0.0
1316141;-31.40218977324229;-34.04162321633658;15.438695464719935;0.0
1319229;20.530163714548763;11.615519789495252;-31.567504778414854;0.0
1335990;43.37163468169785;19.42910144750332;-9.657677923382563;0.0
1343278;27.440344108761085;-33.90357768454294;-16.34378890341508;0.0
1343320;45.192411878458586;-21.426174816283826;-4.45348012650514;0.0
1343999;35.212356666740305;15.427507642885015;-30.368851939670854;0.0
1350412;-19.222939137258997;-35.60559714836344;32.392201939389295;0.0
1351183;-9.066461963528422;-31.842975877038995;38.3880298529569;0.0
1354162;5.579133213963736;-46.63236586285802;4.922766274232609;0.0
1356406;18.19998197307046;-43.63351147613013;-14.086915772578825;0.0
1357971;46.770639014638135;-6.305271295172197;2.153267663557764;0.0
1366079;-17.952298482794436;15.737082804481782;2.013045328456024;0.0
1368252;3.489289725698112;0.7707564186341711;-23.89190875220399;0.0
1372310;21.770965185787162;43.39469917532674;19.662109438651754;0.0
1372621;20.987551102358573;-20.934365895520262;32.65224579393054;0.0
1379832;-22.678496554337386;33.13223345039684;36.526889043595645;0.0
1381621;17.10390787822849;47.24661037634319;7.59119094122847;0.0
1382541;-33.97629628022006;-5.357109010287351;3.8409884366657714;0.0
1382575;-33.675586318096286;8.054160259956456;40.5819870225333;0.0
1385585;-27.81920859123883;23.32262517604604;37.98492084692041;0.0
1392407;34.16621221393017;39.79266679945581;0.784775170457052;0.0
1410200;42.031614856357656;18.227564423930776;-22.683183729058747;0.0
1415441;3.2551125614941805;31.43804890611058;-25.23680293975442;0.0
1421131;18.881739772542186;18.9890910486605;-32.74277565354883;0.0
1424375;1.7819170740708448;43.05486253552892;7.277105309899836;0.0
1436022;-33.92465050329023;-36.16602451004786;-1.0209567850887007;0.0
1439093;4.404625689409376;-6.572831850516595;-10.177576198726307;0.0
1439289;-28.33563341553906;-11.6550081133978;20.066527259610435;0.0
1442696;19.831891486058765;-45.48357677614978;-3.7430148793649796;0.0
1448883;-43.88103024141594;-2.5120237172308872;20.292182526195965;0.0
1450731;-39.122888999271915;-21.28131416239532;1.7059943901467005;0.0
1451138;30.334142886734192;25.69170447771201;-29.001358980963847;0.0
1451407;41.941456376717284;-20.215595888248792;-11.616621200679777;0.0
1452658;12.298105706417747;36.992943960890194;32.708482905587424;0.0
1454574;-0.16114370747131368;-12.602174560841846;40.74017392812961;0.0
1459582;-22.62921233476717;2.4240381099613444;-25.54329325153457;0.0
1461557;20.798536663594867;-30.252517161586574;-26.93194288898388;0.0
1464387;36.89334524181102;-36.240683865609604;0.9419061982255001;0.0
1464650;-16.49806134424409;-35.91959891969706;-24.801860080610354;0.0
1468680;-26.11712323742225;35.63245930176657;-7.171759186162319;0.0
1469262;49.18035896638815;8.36001263677453;-6.581988313722273;0.0
1473182;-1.0378384759601393;1.5376360907800521;42.86514726680687;0.0
1474061;-22.809096516573643;-12.062409702929106;43.09406708319834;0.0
1474587;40.91193716791884;31.819995243405117;-6.049280798514997;0.0
1477690;46.97354426257608;-3.8655377014563976;-2.033235371005792;0.0
1477879;-28.833213700959536;8.683892666270918;-23.93411728469483;0.0
1478477;-14.691167469158035;33.63175150070212;-19.167003023084217;0.0
1482238;-30.85389815083644;-31.97429463923252;30.934394761051177;0.0
1482797;-7.944010156504519;-8.479066874697143;43.566489370114375;0.0
1489283;37.77515105939054;-20.02795166190363;16.32258879717536;0.0
1492515;31.58419591242262;14.613553546271929;-29.94560754983135;0.0
1493011;45.74852644039939;4.031453952843218;-17.96612340197259;0.0
1494875;-9.61937561940951;-22.055678853861863;-27.15279118085517;0.0
1495367;21.141832528187045;-47.31377923735022;-3.439823934263692;0.0
1496135;-2.4920663487297876;-38.086948510855194;34.05746976039456;0.0
1498651;-31.942957956095388;-22.687707676289815;-12.039990631761846;0.0
1499032;-20.67576413339329;-43.20973697132214;21.056934765733942;0.0
1500081;45.13902001663256;-19.967367308005173;6.528740211887699;0.0
1500574;23.38852565462847;41.51198538224793;-5.64068607592962;0.0
1501176;-30.995648497409842;-20.41037420416986;30.2116953140133;0.0
1501978;1.7685795911137145;-6.2102025133237255;-9.237126787132956;0.0
1510846;7.736999512560627;12.161697690776759;9.639619571956073;0.0
1524531;26.99685651512498;-11.894166336680625;-1.9712607756274796;0.0
1526695;14.545742257803088;-47.943442009918826;6.768551345131709;0.0
1531427;7.311686326594107;-26.934584478826846;11.493305078010518;0.0
1531762;9.835761361546083;35.442528393057344;-28.507836920302122;0.0
1534338;-32.15234438364805;12.920318416929232;-15.26892240231239;0.0
1534724;21.38655845613889;23.320368443680195;-31.909824273065077;0.0
1534789;3.782505449517394;6.765825895293729;-33.38647898528277;0.0
1537838;40.02765448548656;28.454400133478764;11.846873043242057;0.0
1538677;8.95425130019898;-4.6527048940368765;41.17695272216453;0.0
1543945;11.518675721502316;24.19663650658892;36.9358323092853;0.0
1548339;-17.577245137590136;32.933098907234736;-19.258317572655866;0.0
1561331;-17.082000952030786;-10.16980716918815;45.429561954360786;0.0
1563246;39.43191607590126;21.488210247596022;16.516950808121173;0.0
1569882;8.58482481091018;47.925313275996515;2.8940730076443035;0.0
1570272;-12.047759661300002;-37.217077767566174;31.282353840366145;0.0
1570962;18.772245574051258;-8.137548542499294;-38.19511292942518;0.0
1571091;2.1658367418730733;-18.019323583810014;-5.301532670466183;0.0
1572442;46.80010981288619;-4.128822520179974;-19.514285232439423;0.0
1575500;8.216424109060398;33.674271513174446;-0.26379326674022613;0.0
1580246;37.10733498409002;-37.53128918888733;-0.8721067914373472;0.0
1580331;22.429239191654922;35.01981711318615;-22.47755303128282;0.0
1582046;45.947786773554014;5.843711498235421;-12.015075976992941;0.0
1593232;-25.72788707056107;31.034167190120034;-17.663174677481905;0.0
1598965;-21.872482202252307;-18.35734824871555;40.99396721804242;0.0
1599349;19.54844320540884;34.65406773492876;-20.749316836520823;0.0
1603985;3.0189860267811324;9.120292592828367;42.31352819959883;0.0
1604448;2.00131372696593;-12.671811301702169;-8.748845976159656;0.0
1606276;-42.37370373602159;3.6238513239488643;-5.208643125363163;0.0
1606821;-8.7474810049908;-41.484353513890554;14.417484385427601;0.0
1607105;-21.338839123975646;22.52110631869372;-16.168190566353832;0.0
1608829;-37.34091202520463;23.150183568797132;-5.526549253339681;0.0
1610638;-6.782893650529107;34.79061576681142;-17.384400094054143;0.0
1613362;-37.21612236262297;-7.219104892097771;36.82263629101443;0.0
1613544;16.507164646202927;36.16594364505267;21.479472335615462;0.0
1613821;-36.113662928160586;-7.4433195637689415;32.43466205186518;0.0
1619798;-36.687846324027255;-21.678524516282458;-8.794709905933194;0.0
1625112;0.4405979335735156;38.696904184595326;-25.107941574914808;0.0
1626914;-6.341180594287507;-27.768880614230664;40.65384006326187;0.0
1634987;-41.012012091969716;-7.495424324421483;25.023827004915145;0.0
1636823;13.904060550948973;-28.10710294912445;13.278671643126302;0.0
1648190;-5.357286089651824;-27.03837919265659;-29.504087671078267;0.0
1650460;1.9525311698658936;-33.688545682325895;-24.264856612533457;0.0
1651740;12.107196181516695;47.946961134709625;11.909059722045262;0.0
1656380;-30.099862020661426;-29.853699990294956;34.08221744392339;0.0
1658728;-18.829893330624287;-43.87665155167625;11.92729103471147;0.0
1659103;20.36031877214549;24.043470718194126;-27.47176764689306;0.0
1662635;-7.684125036953842;18.42220796485985;-24.744427964024503;0.0
1668045;20.104569747348933;39.59274457134053;11.980580317793596;0.0
1669995;-29.54858138843326;-30.714229329139293;18.998401005607057;0.0
1670137;14.710771240492654;29.90952379197641;-25.517985503039032;0.0
1670490;-18.08980341712022;7.5810745805798545;3.185955769355326;0.0
1675814;39.047525818752014;-30.440938590385535;4.039960501087531;0.0
1677014;34.04850572592744;30.226119233155845;-8.808298220125414;0.0
1677548;-42.006166342870486;6.758815349460483;-7.725106368267635;0.0
1680607;-2.2096524661433716;47.48510820216527;-1.362225502770139;0.0
1681268;31.771113851310957;-34.90441677504632;12.3192144651629;0.0
1685458;36.28673797787184;-26.74329084519863;-28.00453319022189;0.0
1688976;-5.966493387811438;-43.68876023784577;25.48109908523181;0.0
1691772;44.31208858579093;-5.508523846911233;-20.94947267462221;0.0
1694829;2.057497677375977;18.653715461097487;-37.11298654875406;0.0
1695268;12.06840120007293;30.77643248044152;28.93127299013023;0.0
1703909;-19.816879049451206;19.98047791972579;-28.711347158204102;0.0
1710082;-28.15930280102134;34.32120345471645;23.70616485324586;0.0
1714267;-37.62030357859572;-17.686221201111863;-13.950216493205152;0.0
1715121;-14.4225040051292;-21.19997895223043;-32.5562680296361;0.0
1716032;-5.760290645069518;42.11767318124177;20.847537855681903;0.0
1717586;5.480775547935779;-35.453007897434375;33.71559951571763;0.0
1717866;28.0744005460685;30.995939012392572;23.92967719745878;0.0
1718044;44.87997649203185;3.120501171371388;-21.91567459218466;0.0
1719732;6.79573096851597;36.707799012841136;28.982640232076616;0.0
1727207;2.297236743436772;-48.15046538261196;-5.1755378948311614;0.0
1730702;48.60940118532972;9.23495990476177;-1.1181108355632094;0.0
1733277;-25.10885205486068;-8.187586753274685;42.9065082143481;0.0
1735948;19.389040329884825;42.63163611568835;-1.3924137906630438;0.0
1740842;11.268817112605594;-37.09197962000285;25.73172965533264;0.0
1743911;-21.240920599796585;-8.7799655218097;38.99063579713394;0.0
1745276;31.852922271447714;-35.08136435952737;17.3304331922623;0.0
1751038;-10.116459483609496;-6.277720666184992;-37.79850307300234;0.0
1755420;-12.903806982910783;-1.091990318990989;-36.438189128868565;0.0
1759297;4.415065884413741;36.86535996347465;-25.75462043897186;0.0
1760877;39.18019233086542;-10.222378401062961;15.388045525230908;0.0
1764720;-17.69757225043708;-33.039672980899255;-22.312624381087293;0.0
1766422;-38.76633427046793;-25.26000520337512;17.73639942812893;0.0
1773037;6.498438301189049;12.1663683929991;-7.756487976402101;0.0
1774526;-28.543854788160978;-7.194354962319074;-19.998597668648628;0.0
1774612;-40.713419594720065;2.392900968687346;15.255751890595333;0.0
1781518;-18.675676297291986;-12.8375995168466;42.541288951059194;0.0
1783757;17.18417237595703;-17.159089252448137;34.81261104550387;0.0
1786308;31.845473706890505;-13.351748141282142;-17.741236352841394;0.0
1788251;-1.5609720998615524;41.88332942017274;30.301716023661864;0.0
1790509;-42.57515041904624;-10.514576573692734;14.624667990611211;0.0
1791462;-4.144102634896622;-34.03261725187196;34.62001758195293;0.0
1791538;8.437353265926882;37.14849526664318;31.833397867608376;0.0
1792029;42.96412302592309;-7.536877368207235;9.998565059367936;0.0
1792996;-30.799859369048868;14.068842446153226;-21.3435248011971;0.0
1794679;22.20231254764497;-26.33541679444541;-30.707849979518524;0.0
1795478;-25.22012378574594;-41.639844919647096;19.50147112570118;0.0
1796168;30.89606175832995;1.0291803994435837;-32.24566857810023;0.0
1799789;-27.95972799288541;-37.18338401956916;-12.44937116742551;0.0
1800916;42.80235410053972;-24.78014034190152;-11.532513369429713;0.0
1804201;-38.539424098957;-25.179412753166076;10.094402058670738;0.0
1806287;11.60751939622085;-22.609058980965223;-35.528014672975466;0.0
1811584;-11.123016777522949;-40.11886421006444;-7.747488750687076;0.0
1817158;48.040542899146494;13.427276046792255;0.15053686880498063;0.0
1819176;-33.27183338709808;-17.598898986302885;21.684559440923703;0.0
1821505;24.481285782167447;20.574962921885597;-30.42977023604946;0.0
1821771;-7.918217966787781;1.178248560113218;-17.45051920762358;0.0
1823123;18.393828844046897;4.191519472077846;-37.047461942649285;0.0
1823227;-7.529528387394108;-35.54472078198234;-7.883191443869993;0.0
1831601;-32.89426274454342;17.885307824276815;-16.65987070212505;0.0
1833670;-4.291784578617412;42.42183937316008;-14.714907335246776;0.0
1834921;4.873428893415555;-8.607579322057498;-39.59717717107703;0.0
1837909;10.320471383981655;-27.319256265959364;-10.855605972169649;0.0
1838480;0.3333155424511037;27.531979123313683;35.59898418875656;0.0
1844669;-19.346205842431193;-35.2645026086404;8.001797929319224;0.0
1846586;-0.361747543729664;38.228779722423795;31.861964175910202;0.0
1847735;30.37833710410699;-2.619398766160291;-20.490664159396882;0.0
1849698;36.903549206204424;-4.265123464577328;-28.18476928450744;0.0
1858615;33.45030243148867;37.774806634411014;-2.8784486551356205;0.0
1862882;-40.652043063368694;-6.180317281975305;28.903763916765556;0.0
1866163;35.70838254725318;-21.366155019851806;-28.75211509578058;0.0
1870730;21.945015107940463;-6.613039723126368;-8.741872867824185;0.0
1881580;19.849389772518553;-10.504869779269772;-3.9301638076145866;0.0
1882326;-40.0733551877698;-10.83003466368978;28.854855569672996;0.0
1887278;-4.3046769297260035;48.61355225508296;10.077456349678105;0.0
1893943;-27.494682390530855;-30.170576961457652;-4.812126862684761;0.0
1895657;-8.281217186458662;-46.975401162465694;-4.2597541786465145;0.0
1897130;-7.304707228258992;38.73400324738991;26.899399220918497;0.0
1898045;18.792481290348313;-43.486666634859574;-16.841267358841613;0.0
1898527;18.498301925336314;-2.374474606657733;-39.21812999361015;0.0
1899773;35.236918660280175;33.63896046527357;2.5475324351200097;0.0
1920755;-39.86215379032504;21.582286187003515;15.140866692424883;0.0
1924855;21.281658587374842;27.950695073422388;30.25381100150966;0.0
1930405;2.445146307144031;-45.58004871541484;20.03656677889149;0.0
1930523;15.462035498332446;26.913113325103236;-29.617029114364268;0.0
1932487;-23.956805905846064;37.62389158838242;25.578685164430635;0.0
1934217;43.75122994413215;23.90115132165455;3.3111007137908675;0.0
1937712;21.49685381708219;21.191642370226013;-7.579380908180538;0.0
1937825;15.343015702907785;-46.4482871838009;1.8099553264665622;0.0
1943567;28.94705364419212;-26.82777380017639;-25.347057868200125;0.0
1947350;-15.760801705571769;-30.307148953338892;-23.313668629078478;0.0
1952241;-7.672349446403862;46.1839934245123;5.5733667161815355;0.0
1957824;-28.642620897289653;-36.74082787087767;20.471810635517663;0.0
1958786;-13.910559700562619;41.42140161263284;21.80768837610409;0.0
1964901;30.92604170654774;-28.724767752406294;17.90574570306185;0.0
1969006;-17.297429791724245;44.051817111263226;14.836483363019479;0.0
1969048;-13.487041268239407;-23.578074700860398;-29.094281845439884;0.0
1970258;9.64954125761626;-32.87222254085364;14.403488751259596;0.0
1970746;-27.825201585882567;14.705441638309482;39.06728083757764;0.0
1975337;10.003407225330085;27.811062191723106;0.8105865000945277;0.0
1978480;-40.528008140742166;17.048340149031812;1.0708212858744188;0.0
1978557;-1.6630200736388834;-46.04503441777296;-13.226295086239917;0.0
1979509;-35.1818705635526;28.191648799098473;-7.912907083353495;0.0
1979704;-8.512710456447142;-9.154255142059403;-12.219590288585232;0.0
1983780;-15.540302331179738;36.648527966364604;33.468356290415436;0.0
1985950;-14.743828551027505;32.68925800173029;38.69154313491402;0.0
1989389;33.24990699340153;31.737899303285456;-17.665058532369915;0.0
1990829;10.356644243081297;-38.384037518194226;-26.19560121775699;0.0
1999009;46.20172981345793;-11.591347894682192;11.81399094019679;0.0
2008885;-15.078721943619186;9.892321184433786;26.05920293586542;0.0
2013878;-19.858205554494482;-44.41306200978839;0.6073757153778707;0.0
2013964;-27.712937012556328;-40.57304994306458;0.003017235099871059;0.0
2025326;41.94321743661259;7.943562404031137;-19.76688501492319;0.0
2028361;17.030376140099712;-21.4263080937759;-36.18865772370239;0.0
2028683;27.175861664483705;16.103185592718166;28.473637017335196;0.0
2030781;-38.67174319109106;25.68658302801646;16.38570093092355;0.0
2031518;-1.6193297649861298;14.287345653163923;43.411108779351245;0.0
2032576;-4.880598174239365;3.2273066087721536;27.987497631234596;0.0
2038354;24.276827626821817;11.040308359939695;29.547275568510887;0.0
2045188;-15.339975778088498;-41.79046645569314;17.14440476832108;0.0
2045700;35.94308570830084;36.01876336380206;-9.987018586304336;0.0
2047173;-7.7049455269661316;-19.373737378294535;43.55096928103699;0.0
2047496;43.39000601060573;10.956457349924364;16.863184767538694;0.0
2050034;24.3101889298386;9.970668882276271;-35.87914246210206;0.0
2054141;-20.213732998359536;21.647015620655562;29.913219621756706;0.0
2054236;-7.367658380766752;42.32636476883574;-15.464716023173096;0.0
2056918;-11.242957535392863;21.961300419472355;21.327693232138234;0.0
2057928;19.104659106790358;-24.619686221439995;-31.377675699699573;0.0
2058272;20.529293667100482;13.784736763042382;-33.550964375504655;0.0
2058948;28.906606171596593;-8.643924393646902;24.695411796938355;0.0
2062381;29.736439757265693;-22.524132766013807;-32.50257067782824;0.0
2062762;37.08117066564541;13.083092164752864;19.44884149132984;0.0
2071264;19.533191168815527;24.287181341206324;34.85401991304225;0.0
2073100;12.119693567023766;-2.435220316171599;-33.27265102204947;0.0
2075221;-38.5726925569793;6.336131773337642;-10.130223754041255;0.0
2077291;47.88761221823772;6.961105873684971;5.499427283701994;0.0
2078270;-4.440246719791822;-35.24221681496521;-29.502323616183133;0.0
2081434;-6.374726838543292;-47.72127591812587;14.109216541253119;0.0
2084998;-1.3239412623897622;9.28273239817185;-12.978181813489442;0.0
2099943;-24.96805861073039;30.926772486504298;34.227040660314124;0.0
2101742;-30.15235837754069;27.88948626206105;-8.84420976549059;0.0
2102235;23.540521895592793;35.07755771475366;-27.15340216081885;0.0
2104134;25.793070246686142;13.689885118681003;33.75750555322645;0.0
2106653;4.049581563640591;29.067272937045477;-31.909512793083593;0.0
2113658;-14.440476999060765;-35.13784406616983;36.547126257392605;0.0
2114909;18.05855358897792;31.18193449133575;32.866103756217385;0.0
2116673;-31.556662879059367;-10.98884003674932;-25.108858044860327;0.0
2118974;-32.54513262029807;-31.113816215385157;4.481159540484688;0.0
2119767;-13.586279089840044;-40.70831911002327;-17.054728483652045;0.0
2127121;-25.18080542808329;39.85624765067614;22.119662532558245;0.0
2129996;48.392479338225016;-3.273463299778289;-15.84025905084829;0.0
2134914;26.673381559354507;-17.005826126559132;-23.643407626976572;0.0
2140924;-22.659656507957365;-37.32452338617888;-11.726438859151475;0.0
2146578;-5.150825402550238;14.994224013642311;-36.33337012509971;0.0
2147920;-21.56243083568385;28.172196275254862;-22.442718188353638;0.0
2151045;-9.128710039827977;36.28297326309564;-21.76216288131043;0.0
2151246;-24.23760660665338;20.79471803882187;12.590269436549567;0.0
2154454;-10.941793082046107;-0.021321893637268156;-30.884426184021645;0.0
2154645;9.52216691018825;0.10517859093497599;-37.785229233791426;0.0
2158905;19.996730286259638;-42.7575429132036;1.518037186320143;0.0
2168311;-41.700871036019294;-5.370939170715193;-5.395502287379996;0.0
2171271;29.611398514698987;-42.06440411440844;-4.982687235670504;0.0
2197060;-5.6436032057562056;43.525580667546265;14.414245293120155;0.0
2202946;8.625516375991198;30.621593984646164;34.46637109608671;0.0
2211479;-23.06591924880637;4.684305137158345;42.97131102549579;0.0
2212155;42.994953554090316;28.777443809274875;-9.193316678487323;0.0
2213393;-37.11581682358581;-0.265630114170094;31.28857145999653;0.0
2219222;-9.549313588574469;-0.5110528241508273;44.939472163495026;0.0
2235291;-10.880018964468377;44.31012386590773;-0.0854587224099922;0.0
2235721;-26.2663820485493;-2.870550466230142;21.504196059145716;0.0
2251615;-30.660822492314157;-22.190428388351446;37.248246730713284;0.0
2258436;-40.99281713811079;8.693285734462531;17.16579655454941;0.0
2259716;3.4547648652505023;22.010515754046665;-31.28517812519825;0.0
2264537;2.9190176124114284;-27.225920091507895;33.4935861689156;0.0
2266773;-33.698495071734435;6.413256013752858;-20.079438703842893;0.0
2270986;-20.800020686006647;-26.59858443380095;-23.83635749550633;0.0
2276802;23.74817721324836;-15.882186053355866;31.29360605469724;0.0
2277014;43.39826921511451;5.593302558121415;-24.92828052059507;0.0
2281853;-11.24871317630071;41.812467724385236;-5.2163492599050585;0.0
2301861;-38.63131668349428;3.7741651237631992;32.92362272779807;0.0
2317340;27.336531424932414;-38.402564587092854;12.916630074648491;0.0
2324917;-27.32497372061948;-24.312433682205153;36.07114291568826;0.0
2336628;-13.929613889429909;-18.22277691671538;-35.03196782746383;0.0
2350021;39.07342058721265;30.048261168728928;5.655675301288559;0.0
2350408;28.14885324664253;-41.304644539573665;-1.5624625802416983;0.0
2400119;-13.09947780877879;-46.363489753841826;4.693844960341234;0.0
2402266;34.59227489860214;-38.06574091711592;-12.2294955017464;0.0
2402484;0.5021869227247512;-9.377542861285677;-8.184334932217995;0.0
2411008;-13.213680146989834;-3.0871681336654286;44.09102165893264;0.0
2415962;-40.53785270515694;-2.2106658992081263;-1.1899262516065174;0.0
2424610;4.743131426161314;46.69698298401674;21.51395077356583;0.0
2433770;1.4637120076745975;43.409521429445604;-3.3558954286279676;0.0
2437958;-39.394604368119325;-24.091128652861016;-1.646551692742875;0.0
2438320;-7.78342874855056;8.97329875031667;45.358442688588596;0.0
2438701;4.98409039308709;0.13355936133767554;-39.514125826014165;0.0
2441053;-44.24213437494949;4.411619013993645;5.745086902848331;0.0
2442374;30.43153728594441;-26.34401843393407;-30.082140606714905;0.0
2445026;-10.999207977382978;-16.949873539885328;-32.33538379776695;0.0
2446907;20.894472497891794;-44.54154151215071;10.072495132473033;0.0
2448652;-23.758508465134202;-33.57433735411521;-7.192366282437295;0.0
2452458;34.27302289258063;-11.080001841330047;22.02132920090384;0.0
2452970;-32.96107220557182;24.688854244828182;-11.687855025195159;0.0
2453344;5.944270114757539;5.683352469018242;42.79663664587961;0.0
2455294;-0.9412191265475943;-33.59563180284932;-31.383857379332092;0.0
2460155;34.957281516903684;1.1486478537478835;23.606302574182344;0.0
2461009;-16.372084164233023;-13.872789757807919;-34.4779647403975;0.0
2466636;10.27208192060825;5.046970414349079;5.201825382643456;0.0
2467263;-34.5688360299955;14.85318048702689;28.07046511630245;0.0
2469770;-18.993393365904744;22.201429022697493;22.07856814000117;0.0
2486689;41.34874591195199;22.269521841149597;-16.712870218974402;0.0
2492965;-10.236418960228297;34.86671871228735;-27.283783488068106;0.0
2502948;11.280033386938824;21.321110222529573;-5.740252598760715;0.0
2502998;47.69389562975354;-16.516971773119927;-11.741973174478012;0.0
2510782;-40.041677074652966;-6.1760407966045285;-10.447526763928627;0.0
2514127;-15.619464668973794;28.839353450594547;39.62436577946076;0.0
2521800;-29.694923069733726;-9.012797556718596;41.0375863954494;0.0
2527121;-32.32510795337782;-30.787639769775282;-13.442824588367944;0.0
