4166;-13.149665975562042;47.974514997704176;20.581805769454057;0.0
6722;8.260345874443658;-36.688063428868944;-36.89920802863219;0.0
8211;-43.53431251262762;32.68474159096304;7.531467984463917;0.0
8722;12.166493316789461;-37.248182867654144;39.42719766551016;0.0
10779;32.27987869473089;-28.414886435206025;-31.649542062149262;0.0
11376;-45.5814638576993;-21.68615586577449;5.09005837876113;0.0
16554;-15.508223211449037;-39.96573174856443;21.601996681230332;0.0
16944;-44.52198001359468;-22.83075806799052;-14.140683473172558;0.0
17043;-6.002398360863399;37.29712758276465;-36.18847779735609;0.0
17228;-0.9953784189486122;9.301086329309449;-52.02025537801424;0.0
18350;7.10920327783742;-28.23796552756726;-45.28017590485946;0.0
18353;32.728841452437315;39.92809801268685;23.517526342143356;0.0
19112;-20.01107695450653;-44.93033828368311;17.206711014356667;0.0
20883;-8.939228224894068;-49.58633743933344;-1.2892062097466859;0.0
22165;-41.54777082380889;34.870152986183534;-15.78187685235458;0.0
22965;27.883260930135325;-38.58315336969562;5.226265370825509;0.0
23597;1.8167118707731185;-27.158931608711327;45.944123116972335;0.0
24250;20.08246348675398;40.19140774886219;32.81482891345151;0.0
24432;6.22161890182736;40.04516775387874;-37.6874527577139;0.0
24745;-29.641636243793045;-43.510521215710725;-11.71363381770438;0.0
29301;-13.34886752125396;-23.652799838680792;43.05827166884469;0.0
30802;-28.251940702244;-39.19232813668805;4.921855758377592;0.0
31284;-32.03104663272881;25.376388913607872;-38.316006939251274;0.0
32285;44.44996140650885;23.584665331476845;-23.18664306518314;0.0
32634;-46.56138528152192;25.44196509790345;16.17150200442031;0.0
33980;18.02371988914628;25.954331282648493;-44.2680155039049;0.0
35575;-13.409734748003551;-36.704538459531506;36.00406364250824;0.0
36966;10.04269341644076;-14.408838062984133;-49.794590296711064;0.0
38313;-29.376673631915324;-20.84882894530492;34.571494464671396;0.0
38978;12.383603122839983;50.406827466295475;-3.121167182280976;0.0
39109;-42.454128217565824;21.003728365574275;24.681553784330116;0.0
39179;5.8962998586788204;49.3488163565643;-2.6108185014107095;0.0
39616;-1.5965793643313972;-6.484197011377264;-52.53000793330256;0.0
40301;-35.677792931681154;-40.74078823614319;8.190698338095322;0.0
40369;-18.729850195786018;2.304012930278531;48.25860419419149;0.0
40657;-35.73257169754998;-7.6472451326113;34.91845614533308;0.0
41899;-27.26343254174188;-42.69502774034614;-17.170606899587987;0.0
42289;-30.093139942349787;39.51573554849724;24.985485390181505;0.0
42653;9.143445284428587;42.54057077246365;30.43795572893515;2.0
42871;-31.115167031531577;43.472482951936584;5.052641523562478;0.0
43539;26.87894141755095;43.60052551232287;-17.01149470052078;0.0
43594;-44.96473263601395;-26.54214666066472;-6.565710962722773;0.0
46198;22.49021194693846;29.362660532748283;-42.93661938507449;0.0
48599;-4.342987794745509;-10.686479021396174;-48.260519380951806;0.0
50086;-34.13931961467253;-9.752009309108422;41.360101483543346;0.0
50317;-32.09284775005212;4.959702819513121;36.69649846758722;0.0
53500;-11.528751137382578;40.65137176913075;37.07819266061829;0.0
54197;-40.84763100644997;-2.226222887348058;-29.311459310464727;0.0
54860;-20.879449810850588;-47.470770313754734;10.03377800084531;0.0
55079;-0.7927526572005801;-48.59416008439449;-19.868063701573043;0.0
55165;39.02357047558705;-22.11944474767601;-30.78566009753195;0.0
55574;-2.3424395250315064;50.365236941929595;-20.798849207646548;0.0
56257;18.711222950298744;36.41087332924263;-32.01246995322861;0.0
56737;35.91403406290256;-20.658059277957086;25.585085803559462;0.0
57145;7.517787514680574;6.311640185450786;-51.187689561264825;0.0
59476;37.895000851646714;-17.208318064633264;-32.21485399573181;0.0
60070;-50.05741649563503;8.054928662809752;16.26821419525484;0.0
60200;-48.891187852823585;0.989442347360915;-23.80088391200524;0.0
60705;12.921227018126979;-42.598535195517954;23.750109340237596;0.0
63893;-10.969454976074381;43.51809031190041;-32.00208180325972;0.0
63927;-15.56334803829188;-32.39418942925322;40.292934769778135;4.0
65087;43.93573060099056;-21.054817394574016;17.543338271410725;5.0
65388;48.178046256039046;11.088375906449192;5.266821662737075;0.0
68077;-23.10596819318559;-34.66643526577134;35.23979351204656;0.0
68395;47.10631280156648;16.202930345572018;-15.400933248194098;0.0
68716;-17.053966969286208;19.946875532984446;45.55254327346889;0.0
68735;43.4128277286896;27.324291867555992;12.774975961833855;0.0
70973;-36.16074867419604;-25.020051982905805;33.85445928688238;0.0
72529;8.472379329448382;-43.444415668738;-32.73401182461532;0.0
73236;11.70109266281723;-45.39204050975723;-28.043988080414614;0.0
74667;5.119596026052512;40.978543186602536;26.233667276351138;0.0
74794;-33.96752799434728;25.92020082156268;-30.76850874679231;0.0
74873;-27.918714007820462;36.78835158310165;20.8182665466818;0.0
77526;45.91833762394033;21.198688689100614;6.436228061798512;0.0
79667;-46.41035731963769;-10.800838741718474;-23.360781263345906;0.0
79796;-22.79459548629929;48.88027192036464;-8.119918597692722;0.0
81779;40.05182982267534;11.734000849184312;32.201245424461334;0.0
82335;-7.408489923720208;45.68245677537681;-3.6676810126465007;0.0
82919;-39.34825467856979;27.663213556273398;-21.198040812391266;0.0
83352;-45.847924486943995;11.022342257989333;-28.61690703467715;0.0
85332;31.776257265374934;36.0206966918804;31.325818612920877;0.0
86086;-10.04379480684665;-41.13667250929605;35.12013858476567;0.0
86811;-5.593991104974993;40.1787852143396;38.53041936592898;0.0
87684;44.320689460561894;-22.79200081908771;-11.53678480857848;5.0
87966;36.30185938186599;-15.333825862602529;-35.56130785971478;0.0
88398;2.374237432440283;49.78753634151466;18.1991317181084;0.0
88720;6.244850022418733;-49.05834004383508;12.111745364569007;0.0
88829;45.24130014192446;-29.787967889628064;0.8924373281051647;0.0
91097;42.49388888527457;24.660553097824703;18.911642820241653;0.0
91318;29.99120207278889;-24.12324998051819;-31.34960674946358;0.0
91695;27.403715231373535;27.59127711891655;37.5085060502181;0.0
91936;51.12025349675729;2.611475266672471;0.042495656768969034;0.0
92482;39.8825380583359;20.406725779782093;24.112353010304393;0.0
94154;25.313168788272385;45.19740570477266;-13.837096348108092;0.0
94321;-15.004514871802801;-48.201410902440024;8.679345124436338;3.0
94419;-52.154757743248844;-1.86999044651771;6.953750001990925;0.0
95594;-20.111891311042193;8.04883941183544;-49.42612543004744;0.0
95973;-46.085417126345405;28.567153263773502;-9.117914201519032;0.0
96953;-44.496516878730255;3.0527251311634753;27.46657191367695;0.0
97530;-29.82098115843703;11.755775037273203;-43.36842763166709;0.0
97816;-51.98085183258919;4.197368023197224;5.79176179125151;4.0
98877;9.384596056957166;18.44120215952683;49.25942833291958;0.0
101147;-3.4185862445397173;-20.330325313879136;45.09207043295544;0.0
101417;-23.078600932870522;-4.049611838695189;-47.69364306214425;0.0
102018;-37.983181612350116;36.32711393203375;23.502947535995954;0.0
102310;20.609549114297966;-11.283754189462414;-45.42646646582999;0.0
102371;-43.92718178880137;-26.350966144671936;6.275119691382321;0.0
102961;30.842233955941794;26.009549340529997;-30.735451232744662;0.0
103100;48.028095981754255;22.606469471963013;3.0964676728306744;0.0
103227;10.931931063199977;-11.060167986599067;-46.88400259978313;0.0
104812;-11.804041852119544;21.526255153346394;-48.98446629709858;0.0
105597;-31.335053226309714;-33.65693906026058;-34.200504459028416;0.0
105914;44.634119571047144;25.301725073323386;-4.471553002013787;0.0
107147;-51.57425073055147;2.8019103294027308;-0.5052721816819292;0.0
108860;-49.129391576418186;-5.173899155605452;-11.255225491631807;3.0
110313;7.712689371284362;14.962067886030908;-50.53100804941921;0.0
110835;-36.35532659244516;31.210989577031075;3.902778878503974;0.0
114568;38.5885702510606;15.932042032084418;-33.350727244429706;0.0
115203;-37.08426689981519;11.01481108628995;-40.85727330810957;0.0
115296;5.823421234766003;51.92849075297719;6.963852138095448;0.0
117374;-29.80573867370932;37.19775277667342;-8.264007167945016;0.0
117431;4.808361980583883;51.69164282991093;-10.285817052558656;0.0
119135;38.49665708843653;34.28049036945212;-23.03738807322058;0.0
120668;-35.74194220702907;-25.833175177626433;-36.952684720333934;0.0
124552;-37.070073659319206;15.291574820030537;-38.62112526561173;0.0
125079;-16.6308244687279;29.287873437870307;-44.37273766312889;0.0
126229;30.324450889831773;-19.682124666177586;-39.481341196166404;0.0
126471;18.679208359734435;13.986790632083332;46.09875390543538;0.0
127019;25.846344456884232;39.99771789576101;-21.886079556969264;0.0
127270;-36.588195604403765;24.803274016145437;29.992485184710816;0.0
128513;51.192559697894595;-6.1661274715782515;-11.8061948570378;0.0
128530;23.399973063700106;-11.48497837463717;45.98299887990734;0.0
128811;42.30198464359184;-6.075222073274632;28.568306800353557;0.0
129500;18.620938960570616;-34.4128847651007;37.46548387634328;0.0
130498;0.7265813349399857;46.806658762183886;-21.536806062586173;0.0
131856;32.395832823833025;-6.8361951433605785;-44.38714580906993;0.0
132494;37.05736263431924;-36.62656886784225;-14.852491392048105;0.0
134230;36.515990535240604;41.466267933773054;6.000471322699866;0.0
134612;18.44610231971143;-9.058443860162278;-44.175546115423046;0.0
135160;-25.76019581678625;22.942205503494947;36.96208683355494;0.0
137026;24.575889833596932;27.220027962589835;-40.70021219189292;0.0
137630;-0.4231711414494218;-51.03400056431098;5.6766064467263915;0.0
139214;-7.068119993529348;49.35134465591785;-16.009050870019323;0.0
139315;-37.38784612394417;-31.0296820700139;23.790977719100617;0.0
140557;8.61670097729733;-35.2819465830186;-40.34344070973946;0.0
141216;15.867205375349755;-41.572541836725286;29.418330524139233;0.0
141473;15.041431202738805;-38.165949212243966;-36.34317179330297;0.0
141911;50.68086983322662;-10.68211454463711;-10.810259817184635;0.0
142954;21.646222957672283;35.55815380627123;38.78470939416053;0.0
144099;23.506471353219965;-8.619101281496105;-46.78821165802555;0.0
145143;46.10914205540427;15.006907275066096;-9.170899455033934;0.0
148807;38.71961200655503;-36.68837946628814;-1.7345107355642508;0.0
150233;-42.67753190881959;-2.2091098561454987;-36.521009209457404;0.0
150980;-40.89080171791181;-32.64382738667424;12.044498922512993;0.0
151722;19.557972526421576;7.076526588879897;48.74614563965888;0.0
153836;-15.282395513190059;-17.768334791257224;45.757961275196344;0.0
154935;-20.953081788961406;38.11382832107056;-37.88374675914923;0.0
154957;35.907653267409046;-33.46760420279588;28.33340250741534;0.0
157450;0.8571017768352897;44.55906384436286;-34.4271917790676;0.0
158065;3.174414154283648;52.9614053312502;2.30292082347183;0.0
159413;20.34183381649907;43.889197251388495;-7.396994852690589;0.0
161585;8.834571643434561;8.621075725272519;49.823198003896465;6.0
161968;-39.76313912136457;-13.468437118431664;36.67006193747168;0.0
162479;48.47824704015685;-4.179321891514495;15.111030543380714;0.0
162936;-30.764416062213755;-40.04721883672931;-4.774193595007768;0.0
163630;-15.571901591042353;8.742089613455938;-49.67312763539238;0.0
163938;35.8039708712942;41.67300065116435;13.821128557503336;0.0
164081;1.5611280643567425;-21.161132382390743;45.26194054577199;0.0
165447;14.839345815596747;-30.67707280067122;40.90911608635408;0.0
168197;25.198224398724577;45.50779553528527;17.251381323372584;0.0
172036;9.568013903841006;-6.957562203359948;50.24695993779639;0.0
173287;27.80954836248261;-33.74935156200698;-36.56026421729544;0.0
173683;-11.407397508973524;25.222704657215314;46.931819061307124;0.0
175455;-48.7318323049436;12.870013944440204;-10.2386532083053;0.0
176690;40.51842114762438;26.70080692622248;27.47723501620054;0.0
177970;-12.323032181170886;-12.782931413768505;-45.49742318718734;0.0
180504;-41.249681169651296;28.458486957557977;24.864005346804774;0.0
180970;38.69358632508444;41.35586026137777;3.1409894442595725;0.0
182166;19.301803655732915;43.51622885150136;28.00087109531403;0.0
182575;-30.053638425324777;-3.8723539561582063;-43.023583401714;0.0
182585;46.91130191205308;10.553458081564042;-23.75572058461538;0.0
182587;33.49384162933734;27.453206691219254;-22.951005565432393;0.0
182667;-48.79354177141534;18.310060852245353;2.0379011273352683;0.0
187740;27.371488895738366;0.5667545950203191;43.5703376180415;0.0
188122;0.3505249284918284;5.770454548449478;50.25707945595897;0.0
195612;-8.960975549802328;-28.099089204451015;-46.14405470910259;0.0
197493;34.3075810970254;18.106600702329803;31.69580045919663;0.0
199027;-24.05158849571604;-25.288211313278666;-43.79727776801604;0.0
199945;-39.06628293279107;20.57664645858572;-20.27951597799538;0.0
200403;-9.880507753471894;49.8257326239984;-13.657787777767316;0.0
200614;0.21877166906701231;48.597225647360666;-12.910693490945256;0.0
202545;7.732804362922486;35.22593843158911;40.920215320516164;0.0
208064;-32.860347782937964;43.59633485614436;-0.2751042279692192;0.0
211086;-20.29256358284679;-1.7379357910947615;49.268700870798725;0.0
212013;-4.4101153277225515;-35.05535407420518;31.583417552931387;0.0
213319;-24.121088284570906;-38.7722986047088;-30.531584974745446;0.0
213335;-36.686660222727724;-28.290013730134252;-29.95215248927333;0.0
213574;18.209034750638832;-43.776662647162034;-16.929533556227113;0.0
213880;47.011147613898906;-2.7479352861955912;20.33499792712191;0.0
214409;-29.9231623768107;-22.326989681234636;-41.202572631946296;0.0
214767;-37.560288781352966;-17.813752528769534;-33.53449036219402;0.0
215307;-41.16526757498469;-34.64518807007896;-2.3368028001368017;0.0
217481;-47.17879282328435;-15.386085810240383;5.658488021484022;0.0
218038;13.660418789282105;-45.039279542453336;25.415356327394445;0.0
218656;6.643300124368671;-39.21196670191674;35.65001956328242;0.0
220447;35.62433520222456;-37.18311708379056;-19.29207444378304;0.0
221352;34.12521170427973;27.263467305857993;-30.696161460790513;0.0
223407;-47.959462135427984;-13.955694130221778;0.024484253709868332;0.0
227811;28.846173220056954;-36.13883147917497;-7.51444620906615;0.0
229372;21.962295140981993;-44.83953125202622;-20.027390806085304;0.0
230107;19.531828330918785;48.74914167439283;0.5305808532577265;0.0
231211;-1.51514620005117;-50.288082726781866;-4.98147187199395;0.0
233127;4.0301324773164175;-36.555637429478445;-34.07158647499096;0.0
233576;-13.176166503254974;-49.584482299682776;-13.061015109197594;0.0
234199;-32.15053406017753;-14.554373294522785;-40.09802817261306;0.0
234784;46.867435918269;10.595040704994439;18.80546688888937;0.0
234851;28.236391661219674;0.83718766648174;-45.09146996185897;0.0
239114;-0.5844952567850582;12.892016469564464;46.85352079070191;0.0
241383;-11.00475082514347;-45.432559667272045;-21.582536677143487;0.0
241819;-33.21676846355612;31.737833435949376;15.699857241138362;0.0
242509;-14.43619110161534;51.41005032903524;7.389364919297708;0.0
243363;-27.444607313042997;-36.61617755749917;-29.47856093548915;0.0
244178;-30.942778100484045;-32.1389449680157;-29.342358288939284;0.0
244995;-21.493659053930767;-27.364340129316204;40.49120400508343;0.0
245741;-51.44755448957095;3.897297209468061;-7.8425041114987755;0.0
245832;42.69344439287598;-32.76222132465254;-9.060157573067855;0.0
252178;40.42187171606074;29.93679307070052;24.291170142458324;0.0
256079;-30.77400463751209;-35.7931149859449;20.700885508632012;0.0
257121;50.81715148913129;5.021612179652503;7.352559201458421;0.0
257123;-25.9329292286207;30.020002562800002;-35.480705676323645;0.0
257269;-46.888041558000424;-8.713274901760961;3.137306423185645;0.0
258368;-28.785629931662037;-42.52933248183713;8.989836086923088;0.0
258482;-26.57726157831132;8.687955563922268;-43.97410702480324;0.0
260313;-6.95063229285058;4.3960062321894275;-51.938174139501285;0.0
260649;-15.725427828725316;-28.79242789654889;-43.61354625399365;0.0
260964;44.97100281841075;-12.124915433920352;27.585746464080664;0.0
263113;-33.41262949372716;22.31388676983487;32.22531799468131;0.0
263984;31.717486946901694;-10.383681989879692;-32.52531651485083;0.0
265649;-15.655537733657747;43.74307735062433;28.315208233192365;0.0
266302;39.59897664433864;-31.11912382001988;21.106612767205657;0.0
266312;35.93375795823444;-24.600344809094132;-35.289316575634196;0.0
267227;25.21365018515542;8.785119688266242;43.72922543054108;0.0
267594;-36.31253828626053;30.014525634325377;-27.72002760312183;0.0
268098;-33.35792025609056;-29.15915771778114;30.472865222259276;0.0
268416;37.91755012150618;10.923528418317167;-27.7481802164236;0.0
270779;38.62130540694067;-8.249840000536114;34.44990222801085;0.0
272296;-26.69552910132195;-36.31884955352183;-11.796133805797773;0.0
272338;-33.275918026932395;37.95737083632457;2.199092062527223;0.0
272584;-28.00564009996966;44.25818990054217;-11.723211331693042;0.0
273524;1.321796877269171;50.61988093207064;12.724778158356239;0.0
273930;-35.70081309729522;41.13908071443031;9.280718507735969;0.0
274912;-19.03364274517296;-36.96447923681824;31.692105981766257;0.0
277827;8.547135610677984;2.2605455386894175;50.19572395139673;0.0
278369;29.923431008617015;-38.505455570186875;-18.815706501271244;0.0
279553;-24.796393881529593;21.526752912281623;-44.28014502005355;0.0
279750;2.8755180121369506;29.203033192687787;43.308699719813696;0.0
279869;-16.237623353263995;34.378490412769864;-38.72731067808659;0.0
281533;34.880566419145964;-38.117655534216986;-10.313076860151199;0.0
281708;29.051907259203603;-36.221317245584494;-25.76415734583584;0.0
281781;28.709278451559054;34.88472863195674;22.158589142417327;0.0
284835;27.69543989190857;9.68432278494618;-40.590332301987694;0.0
285543;-15.319398754416342;-27.260246884556413;42.85032536776369;0.0
286392;23.01691832957941;-38.25839963848067;-11.353842598010525;0.0
286797;43.04282059942031;-31.043009367981295;6.8807548392797795;0.0
288250;-2.882944298917839;12.089756271035064;-51.96261963387591;0.0
288406;30.116419258647586;45.17625015993184;4.2499594150784565;0.0
288743;15.365380618721915;47.87148363867287;17.97577069190623;0.0
289193;-47.98903059636774;10.308924128462994;14.174785490890644;0.0
301619;-9.93704289729789;18.97995746877454;48.23334964402373;0.0
311549;41.070601726439435;-1.233332571743741;-35.45190834668672;0.0
337811;40.08381913024612;27.88887059432601;-28.784602810049655;0.0
343371;41.87452191151315;34.30070096240955;-0.8276257568406508;0.0
349206;6.918838928479704;-7.93198299590151;-51.552614808833475;0.0
352944;-13.808148900697054;25.27564566549153;-47.381919553722646;3.0
355543;-43.4082420257371;-15.273309437388244;12.589317409647931;0.0
360805;47.419088714594004;-14.287904764342606;-16.308613258550356;0.0
361651;33.04578905939819;-3.2951299796760916;-38.323269479144344;0.0
365648;-5.302620011302682;-39.34237638257279;-34.41571962075087;0.0
366607;-3.6947642343310703;-4.851621577569877;50.78202392998792;0.0
369441;-34.60931466262629;18.28795403477276;28.090189590726524;0.0
371272;-46.78852769544475;14.707191608386752;-25.74361017302697;0.0
380241;44.22845710014444;-29.952964705440657;-6.748160549963558;0.0
383514;-35.621019969697215;43.46015117183965;0.7397788600421232;0.0
386786;6.8852733842807;-46.30121379691918;23.307679075985902;0.0
387127;-27.413376495278285;40.21321433078655;-25.739484304519397;0.0
389010;-30.570903190067323;-43.98903347211175;-2.7447330370456124;0.0
389751;2.6022226786554175;-44.468168322228586;27.743129938464882;0.0
389966;-34.03456269133243;13.119308211167855;-28.703763598594126;0.0
390289;-14.568931558237937;6.4248127902172385;-48.66040784820585;0.0
390945;-27.586546038751223;29.604476564044262;38.5103857539263;0.0
392260;-24.29134080266469;-35.029388439844226;24.193878022959574;0.0
393623;-10.833238897934201;-45.92703813409073;-26.64830679014604;0.0
394306;17.95099335824145;16.21275436874765;-48.4456193369993;0.0
394814;-37.5632152878547;-28.110852117193403;20.82393941835633;0.0
397988;-41.67620527059498;-29.537391301072038;22.818540061364494;0.0
403478;-40.410715595163204;16.358190048499257;-29.503173929695947;0.0
403949;-45.02582266914408;-20.687665663387143;19.29575944009084;0.0
407146;38.60012141873213;34.97065604586129;-10.643532696501955;0.0
411169;19.587119077406705;-38.845587682219794;-26.224897237968513;0.0
411358;30.064696574622364;-37.44103838196865;-30.530763277455545;0.0
413112;-25.832380343517162;-42.77806973261345;-23.335679991326455;0.0
420138;5.441554011247927;-7.3573400575172725;49.99054613810786;0.0
421794;40.99475590620717;-16.91038958955946;-26.068743149144957;0.0
427010;-23.0565051767076;13.773084549037526;-41.95752597929015;0.0
429330;35.53383472686428;-25.35707586692095;15.816222218885445;0.0
432534;-9.310643300865864;-16.49554939200337;48.79048884994593;0.0
432783;23.084798426660907;-32.63330966136348;35.55678852462031;0.0
433412;-2.6776953772096532;44.303822543499535;29.34250050577792;0.0
434478;-9.258120252076532;-49.44227178179404;-16.92451330182322;0.0
437662;3.260221276445515;26.177643323050688;-42.302496624210924;0.0
438357;-29.903362632498222;24.445652393334345;41.026128940810516;0.0
438997;2.334115494456721;-43.43271596347945;-26.407712243475242;0.0
443158;-38.66024121698533;32.79403681164276;-27.932230928239374;0.0
444007;9.739781031266274;-45.66715424353945;10.174538697073494;0.0
445892;12.142082586530949;41.62108202393923;-30.475538898825654;0.0
447290;-40.82607409408678;-24.83298785429802;30.298636953432037;0.0
448222;48.129711493147575;11.85077114492151;11.927761020611262;0.0
450824;11.75120987675295;-29.280705709202998;42.63867510812973;0.0
457432;-33.23424217246333;-32.44579833980753;3.222054029899665;0.0
458513;-44.39314735966041;-25.977691188488187;18.369535934163395;0.0
459324;-47.35777113452206;10.390030391537744;-22.61155767441203;0.0
460971;-23.639238673023193;-36.92650734090213;-21.86817761735904;0.0
468949;33.00615480665712;-34.3509635535581;10.86246761864832;0.0
476948;-5.832929615569216;13.794955918632818;49.95092768723775;0.0
486750;18.185957698289315;-23.520670914464333;-45.7062480722937;0.0
487365;-24.162067276530642;8.987471336933972;-47.30457887649759;0.0
490616;-5.953051488136962;26.270812734416054;-40.232925584621654;0.0
492535;23.375788300196316;-32.0506472734672;-38.257309309384446;0.0
497747;33.85910819731872;0.08247120523234377;35.28320441194699;0.0
498304;-8.548203817154858;-28.679163245884098;41.065652580454866;0.0
500331;37.91695913153229;25.39459108876633;-24.741804738112283;0.0
508641;4.2857617141118025;-13.185838038375847;-50.204294886205254;0.0
510398;32.35605635425332;-25.51408799733762;37.663828960629175;0.0
516541;-8.844597140464929;-48.17024961290754;5.692697886971407;0.0
518904;36.899805339354465;23.28447560866871;30.774115250608805;0.0
522482;14.267934359823764;20.64936192818088;44.95779561466265;0.0
527342;-35.32341385279099;-1.1321545746526196;-37.24853998993783;0.0
534127;35.774057929567526;32.8805583758954;-32.698994878568676;0.0
534537;16.76829600551583;45.56325694197955;-25.125480485761692;0.0
544216;3.049831216020597;35.353589105575594;-43.114096518571046;0.0
550842;17.37225615509156;-15.651160615401917;46.880263877114075;0.0
556785;39.85595615100753;38.79054660529304;-3.707592588222912;0.0
558114;37.12535492468455;35.13641135147995;-16.8633442593383;0.0
558554;26.89566927814887;-45.36695978017003;8.661260673216532;0.0
561206;-24.970393023227913;-29.028593178789688;-39.81682755813717;0.0
563605;25.512800144854406;-22.24677622386911;36.00620005546199;0.0
566843;-49.73483394148994;-16.193302265596284;5.2504509244228466;0.0
568277;40.83010673155569;-22.5050483235825;17.849260913003032;0.0
570377;43.247830912877006;12.87034894410455;-27.37554365582662;0.0
570916;-36.99799500512372;27.367241352824404;-35.87967131431364;0.0
571607;32.14515194292866;3.344954661475671;42.98138924587746;0.0
574840;21.162527687596484;49.4028239911303;-12.16704243180531;0.0
578591;46.4232074011021;-14.897503021476753;-1.7421859018127543;0.0
580989;7.9802861550510595;32.255856690497986;43.920816795178816;0.0
581879;46.473264567928176;-11.918130570354885;-9.881361054503717;0.0
583741;22.388849265480495;-24.857904244427242;-41.45173969361272;0.0
589045;-27.32715832694808;-28.962522395933075;-30.309401187929772;0.0
590070;-20.974949998182506;-33.4597980785418;-40.66560293411703;0.0
590450;51.82864821150555;-3.0740539040146904;-9.268531314758317;0.0
590844;15.212829356477165;-22.708513214059337;45.68003276837159;0.0
590911;24.8395788146753;-45.282331280058365;-8.72591876880935;0.0
591389;31.10682996441325;44.912466367627715;-3.485844142952177;0.0
594529;7.947674253764473;-26.496220102907504;46.37209782967011;0.0
594777;-25.784010816509582;46.1773618927114;12.010419027414251;0.0
601905;12.448482444626237;1.6574744418785545;-48.063568021684546;0.0
617955;-36.65077733415249;-24.401255456686027;-30.570839982583482;0.0
619022;25.50237407039521;-11.891121222417052;-45.802136985651224;0.0
624241;35.85794374174408;28.627048675459072;33.76444550914766;0.0
627613;46.77241294744007;-25.78060551331777;-8.954869706863507;0.0
639880;26.104063491114033;21.93822099057492;-40.47960227142483;0.0
641340;35.27029112299874;-28.959143955921895;-26.144914487919;0.0
648897;5.9393433650794405;37.79229185078299;26.968961516034057;0.0
652032;-38.201835261193395;36.084779599370286;-17.835818261377632;0.0
652276;-31.173248388430977;31.25923584944517;35.642207118279956;0.0
652483;36.95386353990753;35.44610906004452;13.883824060722961;0.0
656725;2.5834599321246676;-50.186922309272184;-9.262171061697046;0.0
663177;-19.95550019415424;-31.789720459432584;32.8513976032264;0.0
663554;-0.7343914590426541;-45.903357450270555;-25.743420550575454;0.0
669880;12.330796430466926;-40.304650276907644;32.91922239375954;0.0
670802;-12.796866293674299;-1.609916143421367;43.779892549586194;0.0
678895;43.20281454288707;-14.532847985901508;21.88705611259457;0.0
679608;5.147633680743046;-22.824595338316243;45.74090473568247;0.0
682259;27.80810723185109;15.925876142035952;41.40985841482119;0.0
682656;34.354016475027514;19.184054434089767;36.04681086382837;0.0
683014;34.31375646819644;30.48508006851111;18.316111388635814;0.0
683140;21.66381676079879;-28.977496248854468;39.1964619061311;0.0
688201;28.906665942464798;-39.907982230955184;24.99798150973642;0.0
691456;-45.150540515880444;-12.524979301942047;23.35295459665958;0.0
692711;-34.330961545297335;29.53194597633933;30.337500074870274;0.0
695487;-1.1132228468642946;-50.4773606975111;-16.331431160216134;0.0
696751;8.139665405737487;51.818279023781805;11.19615967817162;0.0
696846;-43.92945409784537;21.625448237921592;8.304348554411531;0.0
703733;24.521232742134494;-39.91960292685893;24.674133225727452;0.0
704989;3.608294816252606;51.377650172819514;-14.53539524750021;0.0
709236;9.616948347735393;42.145353338265295;-34.61533201508774;0.0
714846;38.58122238106435;14.85241080250621;-37.214316297813355;0.0
715607;-20.033092121127556;18.905889359025235;-46.438917621210216;0.0
717643;10.99220176932084;-35.6406616953001;28.867884990755552;0.0
721785;-36.73081381056326;26.74063712216345;35.33071115680017;0.0
726204;41.30283550318547;20.380610027647027;-31.331576814698582;0.0
727144;18.354122789229322;-36.80006076948277;-38.76240347311385;0.0
727214;-25.79173635122177;1.3539918066858099;42.53325134583513;0.0
728489;31.52748209010831;-7.195012967803317;-37.43769154569939;0.0
729007;52.314720082973686;-5.178361208917691;-3.2539935615769178;0.0
730030;-40.050401333540584;28.677320747730196;19.937568230989196;0.0
737638;-27.186126628632937;-42.19433281749192;17.218467606350668;0.0
738732;12.137620928265482;-16.399361823284703;48.55815394122576;0.0
740431;-33.09691127232695;-2.9091364926036696;42.526753616496514;0.0
740674;-22.9254507797164;36.98317285016354;-21.36871208006548;0.0
742211;-18.615400404799246;50.80158348586181;-5.379524556889252;0.0
744203;40.272995969001215;-24.73951978757151;-25.210516674144113;0.0
748110;-50.768949461955884;14.911312276508417;-8.78836144209362;0.0
751959;30.48756096225178;-3.9289159631648323;44.35795027228482;0.0
752681;-31.92708928405927;35.42506096792623;26.121467671789027;0.0
753358;22.945090925132185;40.082507574956466;26.41722022923168;0.0
754329;9.608780360636336;-30.3057067104994;-44.54399518021571;0.0
766684;43.81130982942823;8.454758663141243;28.61504873465229;0.0
770260;-1.296351025701105;-37.26111827922173;-38.2734746233762;0.0
770488;20.91224343365321;-5.833224320462614;-45.7220404621308;0.0
770491;-0.9968299195579523;-50.23895470996822;10.295355061869918;0.0
770607;-28.884006059508618;39.02338401350973;-19.7920503815086;0.0
771781;-2.774663755877116;-42.420523958782965;-35.401358161486705;0.0
771975;-37.366627371619515;-1.2970102600052043;28.34822150200133;0.0
772142;-24.034949125595496;18.27532359931469;42.666511684012306;0.0
772627;21.790222247353654;-48.12643102473635;-0.4995472625949307;0.0
775544;-32.26896908302033;-18.10827096009024;41.58524654097687;0.0
779500;-48.791124085158515;1.5996297179967764;14.998674500296103;0.0
784498;16.920256277786685;6.59387266210034;-50.743894015362216;0.0
785908;-18.95960939953976;1.7043198784320734;-49.03139469347464;0.0
787396;-14.002590922855916;-41.12725459420408;-34.2342540950241;0.0
788945;-13.0158462511529;-48.27850507047811;6.709848123728266;0.0
791358;16.133124000420537;36.76858976327947;-34.481170970265865;0.0
800201;-34.83987344105059;-38.153927148817836;12.711901213711196;0.0
800838;13.13760440745852;-39.415213526574334;36.16022405208018;0.0
803709;-48.83783757608952;3.8616517440039893;20.461593036128292;0.0
807725;38.57510705700295;19.85567345455356;30.658208527119555;0.0
810368;-16.66210743266678;30.69529235788773;-41.95702031941945;0.0
811887;41.22775765388184;3.1891197704455;32.55773563331171;0.0
817606;-16.17995284500955;44.4196850217501;6.315039562940987;0.0
826257;17.626430829665107;-33.0906568918011;-40.64085720419418;0.0
830020;-25.81766406109241;-29.382845842712175;36.59383371196218;0.0
843663;-24.146320712119323;47.44927028812699;-14.025095947476691;0.0
847728;-39.673858550442375;31.285545964593037;15.047908389645178;0.0
856758;-8.529393269964455;9.095413917459544;46.33175249273586;0.0
857059;-20.760812524059503;40.5081467711264;34.906007431391046;0.0
859321;17.502699019676623;-40.482364438468586;23.753718487564786;0.0
859450;-38.2103777526342;-37.12742180940607;-16.987907247739265;0.0
864398;-4.763154407955335;47.52387092092764;21.11793322756117;0.0
877631;42.142281454550734;-11.206407191488973;-22.871428923466542;0.0
879900;-10.781896248905557;41.79654599907551;-37.0794030839338;0.0
881138;48.60988610637356;13.257235631932968;-6.558859271474655;0.0
882470;22.16784429823841;-2.4185045962233436;46.18441900828199;0.0
883132;46.12623651940845;-7.239826283751421;-23.259567119474966;0.0
887367;8.047962407997177;47.569294979188335;-23.719693899014406;0.0
889612;15.279176672075572;22.53154964136898;41.05390230920925;0.0
891505;-34.887487638626304;17.95253720103421;38.04684419007247;0.0
892627;-26.722888460701537;-19.40970673158109;43.61804662684296;0.0
892773;-36.77432268206365;38.507326511708506;1.0003915625105706;0.0
893960;-27.06425311866931;45.30860031034174;-2.688334184356645;0.0
894434;-0.16686551050569226;-37.902671079810546;26.99157715375155;0.0
902834;-29.193024287621927;-6.02477420518908;45.24809494643712;0.0
905534;-39.85186346642897;24.349392136009264;-20.086949637919435;0.0
907527;20.280364538465914;-27.4680035631859;42.89077499704627;0.0
908034;-4.87929894960253;-22.055892783050368;-48.04994048816892;0.0
908775;-47.93994998516697;2.263786897470022;-17.70313469149049;0.0
913217;42.03092250952368;-5.468320800466529;-29.19154207212591;0.0
917086;9.715064534804691;26.91641713471893;-43.41669918707472;0.0
928322;-29.698987554254106;-40.33912363859328;21.51364842069476;0.0
929776;15.531357150534008;-3.645063004648363;47.74078004321697;0.0
931041;30.111438508921097;9.175290004880083;41.75552118168999;0.0
933299;-33.340636169634855;-37.25870691371329;-18.95206558634361;0.0
934304;-40.63983324295599;1.9205678899451313;37.07282634524038;0.0
936573;-44.80337657127047;-30.990913759801423;-2.1731513161130382;0.0
940521;48.91569971505624;-17.12462029472113;2.875798495346485;0.0
943162;-35.1638244372208;-23.643086428601876;38.094524755506214;0.0
943508;31.996860865094643;-35.42579101436456;32.16654451583388;0.0
944720;13.420048629178934;49.459050208379026;-7.178266935053796;0.0
946689;-3.475907531445956;-0.45474155129722593;46.707046928028255;0.0
955338;-33.868731536733165;-40.938153604429594;-13.652916060950448;0.0
959630;23.857931826543876;-38.987908813205244;21.30946770546345;0.0
963460;40.98041096774997;-33.92451214122084;12.700669243833056;0.0
967890;-5.59532873335173;43.2622959455535;-31.136578566681944;0.0
973192;15.114617568088562;31.05772723059314;42.10921445938051;0.0
975870;40.5185317607211;2.360296429309493;24.96082499036183;0.0
980824;31.884607534171266;7.141294507475886;-44.14081992380205;0.0
982705;46.29987063788761;19.359930838058098;16.474455474459294;0.0
982964;-44.47928651863582;22.694484313021334;-9.723396071268182;0.0
983063;13.479220315174551;-46.76420545566361;16.143463164589456;0.0
983739;36.1566496688691;-29.35396002259788;34.134673864610384;0.0
984726;-11.200969767691747;43.82266821427405;27.441443778476867;0.0
990343;3.366566485340451;24.067796474759383;45.963546776755976;0.0
993613;-21.297894415172582;-26.297111788254252;34.42909748470533;0.0
994134;30.488667093218957;28.188884916366494;32.766298207360144;0.0
1002968;-6.288973981746221;33.24014891182806;-41.72635092789842;0.0
1003198;2.5496028434064573;-50.97849175200381;-13.670827481683245;0.0
1003402;-26.343223227901692;-13.465693913633064;38.37149994968748;0.0
1008678;-20.680701778855212;-6.025847152227242;-44.895210724539744;0.0
1009868;-13.988949167656424;-21.900599896194116;-46.72013087718287;0.0
1009977;14.784194125573272;40.829275553143205;21.68364810885319;0.0
1016234;-7.245232893900275;-9.72617562036999;48.973446072291296;0.0
1028454;-1.6195560748003197;-1.719688975650845;-52.87629013351298;0.0
1038414;-37.85643480538252;-21.116520540297376;-21.42473287299174;0.0
1038537;21.128651636633123;13.792484506014723;38.974730052824874;0.0
1042361;25.059065222118157;39.62056516044376;23.49720039552792;0.0
1042375;35.23202531228278;-37.394473428624664;-23.342343640310155;0.0
1043873;-44.85411005817362;12.845140219362573;30.410049624820356;0.0
1045230;-23.583911582232066;37.99791843720711;-34.64990334837332;0.0
1049397;40.24380675296449;-10.743598834447678;-35.457334709174276;0.0
1051944;-3.2637849933936964;-38.797420419160495;-30.93818291640897;0.0
1058878;-23.711431100689587;45.08356902637913;5.5401331931363424;0.0
1059987;-30.85083333411805;15.411349841530718;35.869833069454145;0.0
1062789;-25.62326154361095;-7.895660025220042;-45.165773519485576;0.0
1066738;-35.01867161095937;18.980676453903207;-35.637570849340385;0.0
1067179;0.26086659409200735;23.61005103717357;-47.10846501639119;0.0
1072140;4.007485630903779;-17.234756174935907;49.60914585987664;0.0
1076697;-3.6279590595216056;49.592844649794635;7.755540884952821;0.0
1078498;-39.78457277913427;10.787651290309073;37.48296074562468;0.0
1082855;5.283367801818956;35.09495988357852;39.57706893044014;0.0
1085440;-38.719400261484175;-30.9358189565134;12.574582955071579;0.0
1088693;-8.310553949137397;32.97431403667337;41.47847013852812;0.0
1090411;-19.369867054517545;-28.96457347878364;37.08238963754518;0.0
1090428;-28.23480199300113;42.91481280315014;-8.382397155455582;0.0
1094577;15.373442733285543;-47.5767945471458;11.819733109982506;0.0
1095457;-9.308194800960662;11.59709580947029;-48.72544202832751;0.0
1098835;21.621767982175083;42.6191692786171;-24.567688662568855;0.0
1102118;-37.90961758228442;-38.42208489900361;10.792034729313288;0.0
1104087;11.437311240793747;12.203104671615945;-46.92863656449585;0.0
1104454;-40.07926503103554;25.399306367060696;1.1602998795890664;0.0
1105832;43.68421538129952;-29.038194395584792;15.168340768977282;0.0
1106038;-18.38775075081862;-8.169369762767493;43.876255519072515;0.0
1106528;12.312824172530933;46.26667406737551;-29.141911555815746;0.0
1108071;-46.46511396288717;23.081864019223694;9.749918721580457;0.0
1109382;-19.962366107086222;-36.038274693135946;-36.75262039248762;0.0
1114780;40.53421985820987;-29.482555648467756;-17.259743673484447;3.0
1116843;-27.944771293032975;-11.418073252993885;-44.6021966313344;0.0
1121123;-1.0512994625644363;-43.17339461953434;30.12912396289917;0.0
1124225;-28.823140412946124;5.031904333255317;43.32681182430768;0.0
1124329;28.177055635766077;13.50216305162091;-37.32807396685209;0.0
1126556;-15.126690197501757;12.802516252635932;49.81183645867645;0.0
1126678;22.326679964563827;8.61864539751892;42.61002631607983;0.0
1129477;-5.719196044383694;-50.59755604877881;6.904712055841751;0.0
1129771;43.66539851336074;-25.96743735442245;17.706099122482524;0.0
1130018;-32.53055325488687;4.497740652661716;-42.38288074178282;0.0
1131694;-9.140533789704266;45.27960071675653;-20.03427410107534;0.0
1133208;12.889089172969182;26.89057791532566;44.524969727580256;0.0
1135304;-32.86770829443098;-9.30065098776451;-39.85753001735512;0.0
1137489;43.337506530573194;34.91785251386242;2.243896292399525;0.0
1140342;47.42533361399727;4.075423799861052;16.091770504119054;0.0
1141101;-38.62096092615376;21.977910549864347;-33.40324002200292;0.0
1142442;35.45329575095698;31.694375130436065;22.46929026978784;0.0
1142833;-48.08839908171059;-15.922191145728153;-19.075272774216234;0.0
1150257;-11.403518149652923;-35.5710196896066;39.42733988234879;0.0
1156269;6.38399892780903;-42.77022252349487;-20.395166711175087;0.0
1158134;-24.151274598665182;39.77734184298313;6.764253965442444;0.0
1161966;33.944950281120086;-1.052373693504614;43.16366698777156;0.0
1162896;28.670409009372435;-22.75572920448686;40.19716911101409;0.0
1164619;-42.29635601715599;31.98508531085549;-9.465500846177179;0.0
1169278;32.88974242329716;34.87401496344608;26.666937196007503;0.0
1176347;26.950008752005015;-16.61249903897596;-43.377870829752595;0.0
1181729;-11.363912340279581;-42.58022398744988;24.538715932164283;0.0
1196454;-15.23779157203217;50.43838064222776;11.322441910132998;0.0
1197138;28.271632993833954;-31.37281969790335;33.67686521954074;0.0
1197549;50.37208231242933;-0.23631707896370585;10.515782470728425;0.0
1198027;29.39775332777554;-41.360844171478455;2.6169162458906627;0.0
1199625;-15.107892291808122;-46.429603998466575;-13.615868574485479;0.0
1202948;-36.669350853278495;-35.02020755281666;-26.03109993214481;0.0
1205131;37.354368280128995;4.5417780967457;40.382976990880586;0.0
1205315;-18.217675213679584;-43.68215165695219;1.5593834390411003;0.0
1206018;-6.892234898531987;-47.933948434576486;15.857992884580263;0.0
1207868;-43.81894529347595;16.864878621008486;18.86549345610391;0.0
1208461;-31.272401968328776;-37.088846282019304;25.24662078891279;0.0
1211112;-3.6651783913332614;-36.137298697691875;41.40460903328838;0.0
1212241;-36.55313441311843;15.121818480684889;39.92609117507497;0.0
1213510;-28.095555906104433;-29.09120019153194;-36.4228353455591;0.0
1214615;-21.468628890330635;-42.21247652572782;21.82585230599354;0.0
1215377;-36.403222063323945;0.848666046785158;42.0898571674549;0.0
1215495;42.094875841671694;17.362447933786886;-23.295931965114477;0.0
1216294;39.63729618141587;18.899778775525125;-16.63528533689982;0.0
1217273;-38.58815624204146;37.991904245119855;-4.2821671835152495;0.0
1224017;-47.04490041026879;-13.496286335811005;-12.385316045652013;0.0
1227028;34.916724260275906;26.34690032327401;29.15863309566528;0.0
1228157;-52.67735089887899;-7.068510299742052;-0.7882095205379785;0.0
1232609;-47.684509580729554;-16.425270570910193;20.57935173889402;0.0
1233785;-42.93299759625054;3.348947399220408;-30.671368325254775;0.0
1234370;-39.77520226965518;-17.208302262762306;36.46925492169026;0.0
1239364;23.9265846351153;48.606352808026976;-1.1529052953117909;0.0
1244777;-50.77884775392503;8.921155625077482;-2.562070717117032;0.0
1247111;32.576046841379785;-41.47153627755101;0.3045185712862685;0.0
1248094;-42.51840706825561;-16.421283758867066;25.17040994546135;0.0
1249928;-16.563288852433324;-33.39168885433139;-28.711076704474266;0.0
1250807;-4.764628722515873;29.18583759670946;43.70105069461997;0.0
1253841;44.94369086464404;27.041918754254898;-13.869910513342964;0.0
1259836;27.29227411661749;-10.831892578528436;-40.203935472159024;0.0
1260788;25.283462851055283;-36.64576498068407;33.25366267187278;0.0
1260858;-14.988221562656275;27.939746298067796;36.28412020152665;0.0
1268654;47.098418186835026;17.582936179848588;11.800875947272774;0.0
1274137;-44.10018067206795;2.129468228985325;-31.896781295558604;0.0
1274999;38.230676836069;4.4585555681026765;30.386062384703564;0.0
1280897;-41.70322014918764;-32.391019573938706;16.564938567761516;0.0
1284409;-33.974856902098374;-29.651553498007342;-36.2074052783916;0.0
1290848;47.23778436795102;22.55590664526623;-11.522018750260207;0.0
1295077;-28.430963258720404;-15.280706293184469;38.75930630640575;0.0
1297814;15.08033382885444;-35.65667847170483;-35.26005783136525;0.0
1297965;-44.85053883533673;15.5062780011339;24.319250067153675;0.0
1304137;-19.875498481859573;-41.37357099834938;-31.81866000590814;0.0
1308693;45.19932089153298;-15.86434681689315;24.069469892894013;0.0
1321711;12.156828892510521;-16.905690113136053;-45.748815152284884;0.0
1326775;-43.87960867609016;11.350057259822135;27.122505135775075;0.0
1327341;9.892723389817276;1.8474690274558134;-51.97838358034528;0.0
1327709;44.030048808374694;27.295039444035435;-17.679926483612007;0.0
1328777;51.1627352466453;10.093190665373061;7.373911479592689;0.0
1329585;22.93293296561581;43.99655832306275;15.067159809035356;0.0
1332312;-36.218953285688926;-11.491858509253014;38.742531040194955;0.0
1335424;-46.87135162189281;-14.961701282624645;-8.075403937105756;0.0
1338899;-9.483881582477478;8.604466378706798;50.41899806730862;0.0
1342112;-28.56326600351742;-37.964981017378754;-24.932890442879305;0.0
1343698;45.17189832466955;16.813852799492587;-20.637978260341526;0.0
1363809;25.843253610924517;36.18992840911019;31.586043823884886;0.0
1366497;41.06527965630022;-21.448312424837773;25.91855426660868;0.0
1374919;-7.029144678807297;44.82030669581667;25.12111916937682;0.0
1375823;32.774221265459325;18.424504322483738;-36.59319531637541;0.0
1382122;1.746787011589439;42.547820670859956;36.087105634775554;0.0
1383371;-41.98002784353674;-24.414841905337163;-28.03758832267594;0.0
1386330;23.550710271158685;38.264530764413024;-28.48016080376627;0.0
1388232;0.828166724016786;45.620017262466725;24.490436475821173;0.0
1398496;12.261487844250674;44.78490102374441;3.710565315197202;0.0
1402950;-36.554894741543336;10.5149884267127;31.506870129628506;0.0
1405895;42.68278129035239;14.0084755396013;26.617793377322897;0.0
1406524;-30.88037335169008;-2.1065343810913806;-45.65498996327469;0.0
1407447;-23.811621283322342;16.240516675836712;46.32855735442781;0.0
1407834;-43.277917675184234;-5.5300314520785925;30.224516697508566;0.0
1410351;-41.68051918136697;7.285236910421801;28.53750895385314;0.0
1417250;13.237731382607436;-45.02114531534001;-17.45139350504473;0.0
1419418;24.473492129591108;5.919588261052422;-48.332620157766634;0.0
1421086;20.69906355291036;-45.14130590249161;20.122797762378564;0.0
1430985;-28.28042831521011;45.83873095841965;-10.109874280732292;0.0
1434818;-21.042104789386954;-43.27321503838664;-18.58355963481549;0.0
1436808;29.4444446960872;46.12891967709741;-10.44696453260547;0.0
1437135;-7.203681874211798;21.4676238913376;46.77844294139828;0.0
1441368;21.0559598698444;-33.28286768978046;-25.39103092723911;0.0
1447498;15.030382534563797;-49.85403061451299;9.641777037480791;0.0
1448427;-12.421536304172243;28.409535921699078;-44.31181829020513;0.0
1449088;16.38240483555787;-3.4908387193157577;43.54821183832375;0.0
1450942;-50.97762264910103;9.81284572220964;7.416974738332009;0.0
1453920;6.185602092395735;21.081456188637844;42.52710757840601;0.0
1461910;31.029328108104405;-21.77961445137842;35.93146668694528;0.0
1463762;0.6021502921615345;-35.818274724886905;-41.390412632418204;0.0
1464281;-23.341502980775097;38.18439631640229;25.479583031910064;0.0
1464302;48.40339673779504;5.440739029753182;-7.306947100933305;0.0
1468000;-47.70072546070838;-18.288319057991927;-4.415634921248768;0.0
1470480;-46.217887370974594;-24.00116946604499;9.584310373361724;0.0
1472021;14.727786186808503;42.91681015963944;33.6957674175827;0.0
1475301;27.85616704218786;-15.023284334128709;35.1354095128611;0.0
1476211;28.539977206097046;-42.16666690181571;-10.958501119125131;0.0
1476527;47.031089575050025;-13.838708138945979;10.319541405560804;0.0
1476592;6.635800556411207;-46.60046014803102;-16.607432959146287;0.0
1478743;-14.347157039880118;-36.279739922896624;-40.4346649107897;0.0
1483127;43.093753189897555;-26.520769889630465;2.2417938534683395;0.0
1486864;-18.14964499882397;47.48192011390388;-19.43468316881996;0.0
1492408;-6.816987969209087;40.56020761519016;34.08099806933455;0.0
1493040;-40.88397847003142;32.90844551776504;-2.4176139632713785;0.0
1496331;-1.676842992637221;-31.31539253846168;-43.79890536072488;0.0
1505318;47.10118983500136;2.1538331338180554;-10.171268499878387;0.0
1506251;21.350972899726145;30.039938203202738;-38.48484360970707;0.0
1512419;7.69156226981127;-41.563970901916754;29.204644983525675;0.0
1514920;12.154076206589345;40.29822523617543;-37.177343080141895;0.0
1516262;-45.94879098965382;-19.208901295986767;-20.812569972200837;0.0
1516425;-24.099700452226976;43.86690081146438;-21.42992536778909;0.0
1519336;-35.8247408504836;35.923398251633266;-6.20696701202677;0.0
1520940;24.006807573603403;-46.54886071859928;2.2333244456807253;0.0
1522417;-37.00243533086339;-31.836098950699242;29.45657105186166;0.0
1536938;-50.04206339781061;7.097038997572658;-8.437586769969359;0.0
1547163;-11.89135350992016;34.98490933346692;-42.318668258951064;0.0
1549609;12.955071465348421;51.63697151676463;3.4362811796403667;0.0
1550723;37.16503342266431;-39.37056059961647;-6.7903278426194635;0.0
1553025;-20.924594175995296;19.02990560269099;46.45740264985885;0.0
1556391;-30.121027084219428;17.84409686157341;-38.81518488249337;0.0
1560226;2.52818874045206;-1.8220977409663384;52.00343586656476;0.0
1560518;7.635454566594734;-16.228737961223366;-48.6095953519479;0.0
1560581;-40.08748516430876;-27.021426887994384;-22.079466014148018;0.0
1560716;49.36342676645362;9.555091923863728;1.378741190791328;0.0
1564797;-39.17762607594717;33.130227937058336;18.88679753853175;0.0
1571254;-48.705771859356894;20.802886585676745;4.668852002442158;0.0
1573993;-51.62591968821543;-4.621240175147094;1.4238574088533904;0.0
1577718;-27.580898450070233;39.50594470925062;28.68421036346862;0.0
1579450;43.67544850329109;-7.673183903791614;-16.873989979803838;0.0
1580538;12.288015235124236;8.455758131479444;-50.59608015403118;0.0
1585125;-1.4198337586985885;50.066736439127055;-5.555555029099442;0.0
1585176;-43.67393468405316;24.76206747724388;-23.7156596813584;0.0
1586911;-31.72897490708938;-38.14264461295263;-15.020744973465488;0.0
1587824;34.05560446270234;4.41838918735704;-38.044410701944685;0.0
1588831;30.737012457595476;33.058967819778566;32.30974739121888;0.0
1592386;-24.042728386668948;-2.7973967224864853;47.836665796200315;0.0
1598683;21.271261941857137;-39.99507898331075;-32.87571036188496;0.0
1599377;-5.20812719324444;51.71260559192604;3.902622044934699;0.0
1600475;-0.9191399222229928;-47.594312501291704;18.117472389550063;0.0
1600750;34.49339213726608;-12.694802009145727;35.68916079764955;0.0
1601337;47.10076002411125;-24.67189568079956;1.895071176104914;0.0
1601594;-29.158124275420377;40.67232188964909;11.52789625616366;0.0
1601684;13.93868025575949;47.098522479183366;-13.097921959011023;0.0
1603840;42.00115178463564;4.294532147541199;-33.148279994442674;0.0
1605618;20.062775935725316;43.968747030173716;-18.13996477267407;0.0
1607062;31.42009573544052;40.719395663237975;-19.00511878790364;0.0
1608105;41.74370138221215;-28.29050042775981;-23.16064266670608;0.0
1612750;-31.67716057221259;41.558130530410054;13.7345690687604;0.0
1614680;-48.31764946521943;-5.572860448080935;14.952849074513031;0.0
1617521;-38.03174076180921;32.511771151064195;24.717417710660207;0.0
1620822;-1.0093208047431117;52.69332659041923;-7.460848633051559;0.0
1624892;49.5552741214009;16.15261244787511;10.983483877112384;0.0
1626132;-35.06607406346422;40.34237566363678;-7.289064913661783;0.0
1627951;-30.796892067410088;-44.53609424473587;3.1511342454156868;0.0
1630096;-1.0871315876292194;22.025537388936822;47.014636667006805;0.0
1632525;-42.577376490302946;20.80630927092661;-27.72697410559571;0.0
1634176;38.67441233486197;35.88151065209335;2.4880557411588264;0.0
1636872;35.8639705753281;-32.41656803890631;-5.0521093955579115;0.0
1637861;47.400837553635576;-2.61591895030972;-16.30332121196596;0.0
1662528;-2.5305544780581113;48.19037171538759;-17.752164736704184;0.0
1663742;-36.765103870545765;19.466591886848843;33.27155355017333;0.0
1667619;-40.59159645166447;-19.3614983836573;-31.300153214108164;0.0
1669132;-24.122658990544295;-4.301031457066916;42.66485564793573;0.0
1669882;25.00698699599634;31.503997349488035;-27.970044805445887;0.0
1670209;26.24467169928746;-3.112072217926745;46.927328169580385;0.0
1670322;10.70800037954971;-45.89338963006919;19.448384971129098;0.0
1672587;-17.28939430415319;16.05877777774234;-48.13403804541633;0.0
1672922;-32.631037352319474;36.47350878535261;-24.426535289847322;0.0
1675266;41.40868907637017;-25.375801084008174;15.556164507753609;0.0
1676868;36.01998560768722;4.539512108450082;-33.118449222444994;0.0
1686641;-25.480565908283754;-45.461850015282906;-14.28851471656165;0.0
1686739;9.166344565729807;42.48802323077434;33.254607623756165;0.0
1687918;28.230886289377324;40.48054722330822;15.64529654108878;0.0
1689815;-24.209547158203193;44.85478005750231;16.47781811259951;0.0
1691281;5.3588312167740035;-50.06886969170661;-4.184050601399179;0.0
1691501;-8.469805994762599;50.27733745452928;6.227120718248746;0.0
1695363;-10.886917063490685;45.85814829745491;-30.024054162514066;0.0
1697895;-6.457320004108718;-47.07499981407278;22.64708028032939;0.0
1701265;37.97730647672731;-17.51894018264898;33.91565045198665;0.0
1704532;-20.97018415390107;43.83074929108283;23.26884597810249;0.0
1704973;20.473750995644668;-37.15869687240947;36.7713993359361;0.0
1709353;22.660767860954664;-19.623055692343208;41.55558958955974;0.0
1712115;-21.766998237604213;35.88077744528082;-35.8127093059349;0.0
1719942;21.15652929738019;5.373608336401948;-47.72244355215536;0.0
1727750;-24.12001533753274;-47.64396197984701;-2.4346944031150834;0.0
1729555;-34.092369095677135;14.008633558310898;-34.13070127425112;0.0
1734810;-19.210171766411925;22.88180443193867;-45.66801702569385;0.0
1738607;39.50355862673571;34.268224957213214;13.686943809875022;0.0
1740454;7.008125820150279;44.74648351506724;-29.06732988526025;0.0
1740796;-42.086731557379075;-20.043611426625414;27.333257849138516;0.0
1744853;-38.323389573363634;5.818267849599277;40.58157806547603;0.0
1754581;33.407866809819915;2.5737465220457523;-42.60900867559003;0.0
1755379;34.483114600393904;10.536027827801966;-39.51312191904051;0.0
1755498;-39.60234876360144;36.3580539953728;12.702694253596539;0.0
1758571;29.424799810110127;43.99467157967017;6.373873483944841;2.0
1758966;-3.7658465805625463;-14.767646406304296;-45.46195114725705;0.0
1764441;-12.768221452092138;46.544866005620676;13.401385039388456;0.0
1764734;49.14802514265384;-6.902637270184744;11.475916001641792;0.0
1766545;20.09732040583027;17.54735352682158;40.55266380199401;0.0
1777599;-28.73398309661742;2.025677392531021;-44.60970252004025;0.0
1778404;-29.322782931194432;0.4630013867712376;37.44593696196615;0.0
1779999;46.9997449838144;8.528863907287306;22.85594467011315;0.0
1782889;-2.322036939341916;15.898989258598055;-50.19164706868913;0.0
1784658;-44.3762583199787;-21.319686775413075;-2.1638244593024742;0.0
1786943;-43.43065223913212;-29.386107348878255;-16.704042437819577;0.0
1789196;50.78515270043794;-13.174983733213642;-1.1770550971760825;0.0
1789476;-43.22049367611676;13.037288599951635;-25.185856274324436;0.0
1796486;-26.176278041399772;2.411067840702944;-48.083070690822986;0.0
1800849;-41.03581864808299;-17.911330662132656;-35.58250764979429;0.0
1808529;-41.48734446925907;-12.622999887692037;30.72764510849058;0.0
1808952;5.137085141783912;6.092141531557934;-47.83525310893652;0.0
1818033;39.98402399438736;-5.6733429653264436;-36.94100713769473;0.0
1820500;12.356250084208778;-47.71295294845698;-13.802415981912883;0.0
1826403;-1.0753402315191063;51.462819096918;-0.6044042809113926;0.0
1831999;15.722343303513986;46.26062827154634;-27.49032528610354;0.0
1844466;-44.3706581369106;-13.477757061923684;-16.120624720491428;0.0
1845297;-9.29648877495373;48.343532929851385;19.33708607321169;0.0
1848414;11.990468375234109;-20.338550187713647;44.47746614310126;0.0
1851519;34.64202137513863;24.13934892665191;-39.114368026121376;0.0
1853885;10.075482298682097;-47.26909419507053;-21.555333756286398;0.0
1854371;-48.186689879453986;11.503856079779151;19.068158771910184;0.0
1858715;-50.384297158681164;-10.355497772836008;-3.1012582075354884;0.0
1859167;-16.162526541715213;-47.64995088894074;-8.14989316671614;0.0
1859346;21.3179138054914;-36.97794875162427;-35.07236004773198;0.0
1861106;-15.219491425273766;48.89318520931289;15.268248098119859;0.0
1865600;31.765692134451292;-29.118941956188756;20.59208804688752;0.0
1869037;-43.623533036440165;9.768820129528876;33.27099732431555;0.0
1872391;8.129319920820185;46.616201971881054;22.47563630116525;0.0
1875819;-31.688345136477853;33.22606944480299;-34.19400989006399;0.0
1879550;1.6974116954952754;-27.89030540420915;-47.08924362055584;0.0
1881670;-20.217868138820382;-42.9890942381574;-4.975992968285455;0.0
1882659;4.990755866229536;-43.47213531077547;-32.131995305167635;0.0
1883010;5.847594541913347;-25.33093641197945;40.97313578636013;0.0
1891181;13.292220974237699;45.87440842267242;20.35174633015208;0.0
1893406;-13.549238405396892;30.209485957851715;-37.74183647680873;0.0
1895358;-24.088454260664975;44.867690186076366;-4.541564771487744;0.0
1898958;24.459779265972298;32.33268222672976;35.71646959104207;0.0
1899013;48.65222247904873;-5.713395177554395;-17.463184861154847;0.0
1900256;17.998212509043167;-33.05052013956352;27.661206718661518;0.0
1903584;31.360405748077422;34.84910173369105;-17.369459223931695;0.0
1912521;-37.2324442041783;-5.937336527467561;-37.6916054894021;0.0
1917026;41.02473837616606;-11.938597153621863;-32.23331058101272;0.0
1917260;-49.91884040806703;14.625995274647533;12.956484942705766;0.0
1926363;-19.204952408433943;-47.581471900949865;-8.221630500498895;0.0
1930217;-36.460503845552786;28.211206639284136;18.371661285807473;0.0
1934299;-12.962285809535063;-21.26176817778456;47.61727261979612;0.0
1934687;-6.992651838013013;21.737848526244893;-46.8046930094365;0.0
1935511;-3.8592131202681363;-51.72307591162393;0.645616696133713;0.0
1944782;38.41819131799914;-7.017771282184068;-39.785422919791905;0.0
1955577;-45.671215324376085;-8.004111425990518;-29.381910371951363;0.0
1955875;-48.919963059841166;23.389235692383004;-2.4193780446406397;0.0
1957045;-19.622708051182094;40.465269974464405;-32.27393403087586;0.0
1958444;39.748127343952866;-12.884962514368063;34.940575604302445;0.0
1960768;5.3144789204111476;27.024347073747734;46.92988491230166;0.0
1964484;-17.849774473809223;50.01201455999368;-10.046756077464494;0.0
1969369;-31.70342328174758;-33.690777186733634;10.729978411773981;0.0
1969763;-49.81347985325626;8.240445788250586;5.871714912792976;0.0
1975013;27.185456629304245;44.09267794373629;-5.629434701537555;0.0
1991248;-28.02791757764862;-21.91625797012806;-37.913100314643934;0.0
1991980;-48.38344845589554;-11.87117768107884;-19.771582218054526;0.0
1992340;50.20602045051405;7.230787613562485;-14.458016645784848;0.0
2002648;10.46817854436884;-48.753585160506695;-5.217883663421721;0.0
2003820;39.10227643446303;1.818701128803555;-26.180802117055528;0.0
2004127;44.54146372048797;31.561364461820055;8.816615187369528;0.0
2005608;4.844555770970256;18.817259825186582;-46.7270173325471;0.0
2008863;-11.89312489965474;-50.53642493078419;-2.531552563732602;0.0
2009109;0.17833676762196668;-21.2852671400887;48.429659447330025;0.0
2018012;46.4614163250826;24.196507454287264;-0.04740637519586128;0.0
2026971;33.10134211694404;-32.968464184044095;26.77195010965715;0.0
2028879;-41.10076117735308;30.574730403213756;-17.413960452928347;0.0
2028918;31.218928437001217;39.15078185756086;-26.119879583757577;0.0
2029213;-5.716174726656203;53.02228045893527;-2.0283518591909466;0.0
2029631;47.636143214096165;12.454925657510046;-13.699280330533245;0.0
2031261;-27.382445913061808;-31.341010531661514;30.56949050280353;0.0
2031823;-46.26468935238297;6.949359452144778;-0.12390284055120042;0.0
2034769;1.759076126634782;32.677962588321336;43.975121504918846;0.0
2034975;-14.443357250095554;40.55060007764668;29.396391206498812;0.0
2037062;4.480117616073933;48.89339379400956;-23.54754831677965;0.0
2037923;-42.752116739749276;32.92767007397458;-4.342029016225031;0.0
2040097;26.96539345357136;33.23446655903096;-37.01358197063835;0.0
2041009;50.363293311801556;-4.958523209845981;1.5083266063534397;0.0
2041544;9.385106457389163;35.36296593580307;-42.76650276307097;0.0
2042515;-7.374034734186174;29.821771251985012;38.81558941038994;0.0
2045226;21.05724614214052;-42.46058486203995;-20.800239772291;0.0
2046844;-18.24672063269057;42.713474844504475;-23.53307538316768;0.0
2048351;-24.969991655705538;34.82680529376694;-38.67249082735327;0.0
2050195;45.1502055162161;15.186497118709955;26.96810189425385;0.0
2053683;-16.942547977149506;-46.107486019327695;21.63895409703083;0.0
2054093;34.08791928881489;23.412330126790575;-34.840265327450396;0.0
2060038;29.27130675635618;37.73891313068119;18.965408686181963;0.0
2060883;24.7566505958789;45.13901147082826;9.392645530024026;0.0
2061041;-38.245856113312875;0.5019108768245716;-39.58289982082427;0.0
2063597;-11.526250491303209;-6.937617871928188;-50.7888124137522;0.0
2065959;-14.945671864723145;-39.984039796258315;30.826681754543277;0.0
2072841;32.367759219886054;-29.984154438340873;35.705822290389435;0.0
2075177;-0.8624892272156055;-18.050044225978013;-49.35853134683031;0.0
2077903;-1.887020320374344;43.56885224217129;26.2591556942091;0.0
2078335;-41.36797081528127;-35.53498826344434;-7.357584196423599;0.0
2084702;-31.693588197262272;-32.379964585015315;-23.80822388106601;0.0
2086287;24.61352989022289;47.306038969374264;-8.043278733444728;0.0
2090007;48.429444541884976;-17.254797687874067;-2.8787917647530223;0.0
2100357;-25.447606365836055;10.5161443335734;46.51269023597258;0.0
2104493;17.028584423963675;-27.542319762309273;34.75672083568657;0.0
2106012;-40.22357087701352;36.41780086947135;2.215858637708991;0.0
2108858;-20.684991986820766;21.379476314563217;36.661623738379205;0.0
2111101;-47.02462028907913;17.493703014539275;-20.13390173710193;0.0
2111555;18.68466474577681;37.39494116400507;32.39308329828604;0.0
2112434;0.25208522280505613;4.351837237529704;-50.817941582679275;0.0
2113093;38.51830565165129;-31.67922113618573;-0.11716692269828627;0.0
2114263;-24.983478552569625;-42.9855672605592;13.524859278880298;0.0
2114791;-47.49068699191231;22.666214765874468;-13.269813921216873;0.0
2115655;-42.62564488533638;3.0228447807956558;-36.98331190662799;0.0
2118873;-24.20437520583809;17.189870960474934;-45.34487824569097;0.0
2121077;27.353184008418673;-43.530946714113206;-19.611439737000747;0.0
2122083;21.537800000269538;-17.208357569310664;-45.1826941629092;0.0
2122361;-18.523352926272015;-21.6037333068488;42.67276290416395;0.0
2126651;-20.89580316710676;26.5627681022671;41.380662878036084;0.0
2132376;-9.896360190418646;50.724189082275494;-9.382064597229425;0.0
2133366;37.58818540434519;-36.080367716998346;16.62619610072381;0.0
2137048;-8.017516943219162;-23.33505897779774;39.639233490795526;0.0
2138176;16.695201291017636;-44.39482867873052;-27.405592493643546;0.0
2140082;16.431466484513482;14.681627341548182;48.49240551653672;0.0
2141349;19.808618643209826;47.90009450623247;15.810231729604629;0.0
2142315;-21.61003509298752;-39.35473660603745;27.867787738091607;0.0
2142631;13.113226071035474;-49.41899562587043;-10.565845168209334;0.0
2145427;51.60814258338579;2.14675053773054;-6.4760227035298215;0.0
2145840;-8.907102231139492;-46.09951239524144;-15.538164596543437;0.0
2146377;-11.480933885765038;-45.00842796959166;25.381752068611586;0.0
2149309;-9.405005753488688;34.997326443667035;38.48861709649224;0.0
2150931;-45.51105072070296;22.11204947206688;-1.6746354712641538;0.0
2155294;38.983073440691584;-28.62639131762715;19.956663211856874;0.0
2159262;7.431049464795795;-22.77402145030979;-45.88525482689914;0.0
2159766;16.968591040678152;42.083583824683906;-22.50790056129072;0.0
2160833;20.390358201842055;-14.52956277692899;41.427486982063805;0.0
2175874;-29.817877670980547;41.98012897551088;-17.462554366503554;0.0
2186585;-12.84988710139886;-42.30580237561569;-31.853702234948326;0.0
2188630;-1.5222466720052086;-27.119142497634854;42.80255631185257;0.0
2196161;-51.44128746754834;-9.042768404170275;-12.301257202988447;0.0
2198030;-45.58413121351729;-29.72891945822593;-7.235188434624755;0.0
2198041;-10.457004251319702;-41.92539761525494;14.15952562410488;0.0
2198210;8.418530503685533;-51.581965203953985;-0.7758541857771452;0.0
2198492;49.68672988591448;1.3499631196846396;16.822913592300864;0.0
2201347;-25.26446742197465;32.678686314011294;31.706539410700827;0.0
2202692;0.017955323391859908;47.01653289152197;-29.43327909406709;0.0
2203516;-45.13601227572011;21.71773274451322;23.997226899240548;0.0
2203555;-34.0704329384109;-15.438647573613565;-41.618038583592394;0.0
2205489;-29.65241944053593;41.12015007302061;5.0109392009595615;0.0
2207245;-15.350778109768074;-8.96936555318837;-50.94611055803324;0.0
2208403;-19.19038624378331;10.62560152343046;48.67424712679234;0.0
2209447;25.066970898159287;-39.6387341516732;30.10952016178659;0.0
2209588;34.64371849607971;37.79426392427876;-5.328222992725103;0.0
2211861;-11.808804536026793;-16.13956958358499;-49.05738877120331;0.0
2215351;-39.33018681931449;-31.84050135194861;-0.6299066735489862;0.0
2225509;22.22006316101177;-1.4920619380980282;-48.40302697401458;0.0
2230534;37.24666588804201;36.3091440443784;21.765693003062943;0.0
2231766;40.72361160241002;2.872982206894696;37.58860573411272;0.0
2250704;-45.01663546136812;-11.16481429684245;-27.07921116971974;0.0
2266703;-36.953812973920456;-35.62578581397866;10.478886682224667;0.0
2266906;30.53808270408407;9.695599790156557;-41.58269611900398;0.0
2270769;43.99198210123283;21.94131657709592;-11.928172659349762;0.0
2270903;25.23707329847895;-37.039493878638034;-21.367786090427245;0.0
2278015;47.05537072996667;-21.55839457869129;-3.5168588701315144;0.0
2278942;33.7068603309964;17.442320070739683;-40.29648386999568;0.0
2282831;-30.5455949135383;-44.22096701330955;9.606231518850539;0.0
2296677;-6.047498480769421;-30.65295914558675;43.77975349312175;0.0
2297944;1.7217807483191327;-47.99666922078965;3.267864641428712;0.0
2309411;16.28040533870023;-45.729634841314024;-20.352397367235614;3.0
2310550;48.63124391516266;-4.000502389079922;7.2292477212374635;0.0
2382968;-5.98595927945727;-45.88812444666542;-27.411221120079386;0.0
2401319;-6.132819892922664;-24.847116307123066;-47.20957170753961;0.0
2406963;24.809804929413072;44.63689753996186;22.57010936688479;0.0
2418543;28.141036851100584;-18.38181714827326;42.914237615047206;0.0
2425951;-23.654794034795902;35.56262573575282;38.13162754851954;0.0
2427773;17.801602470188637;50.60635769090335;5.3926432701599785;0.0
2441448;-45.49569762287854;-7.447959837003297;16.652789069361855;0.0
2445412;-34.83684580257472;9.621600418545924;42.2568481793826;0.0
2445514;-30.211979493089153;24.595895002231885;38.347487426577146;0.0
2445659;35.247526947694226;43.00127748066731;0.07160512273819004;0.0
2445936;43.260788447063945;21.501130178520505;-27.362510272659076;0.0
2446456;-3.4480776713585417;34.74846909867142;-37.04422495880336;0.0
2446815;13.37747680862646;22.18304727828872;-44.865683348464486;0.0
2448864;8.404804208476408;48.9541235444818;2.3163701908923877;0.0
2452161;-40.650964080859985;-37.71439178732596;-10.177770969778296;0.0
2452688;45.9452324083137;-23.257825753295208;10.865769419585346;0.0
2452824;-31.766302086670336;-15.15271587897235;38.6882737360678;0.0
2452938;19.895791244545993;-47.29201006833626;-6.573509976134923;0.0
2453561;-50.787225905907846;-1.0880681447686609;15.551610408543029;0.0
2455142;-46.48384866109697;-21.791127694559645;-9.150082070231653;0.0
2455463;29.890942361923916;38.15138620796752;-32.64099885177246;0.0
2461312;42.45316114306309;-20.107548956902473;-14.8870200602821;0.0
2461552;16.923723208275238;36.12210045820286;38.99823059531611;0.0
2462022;7.699469526039493;-14.487178998640937;46.502931000467875;0.0
2467667;-45.73287422486076;9.922657664069744;-17.377467612134062;0.0
2472160;15.122243551013703;-30.7340638284744;-38.58177860692213;0.0
2474079;38.47543517573768;-37.22120907392597;2.3177641134344182;0.0
2478024;-24.19273554768919;-35.969602922319375;-36.3545270177746;0.0
2478242;-34.02774260382623;38.45897910732027;-17.81011651826171;0.0
2480484;50.7722330907413;10.056623555785267;-6.572109140274347;0.0
2484190;6.4705276029035925;2.1917443900543585;48.04906822489195;0.0
2499664;-22.15941558026852;-11.258841749800931;45.782343562087135;0.0
2499848;42.07484855041739;34.35795746164486;-7.729564979375751;0.0
2506033;48.84190813804873;-1.4266130576253717;0.4859632829861354;0.0
2507503;-35.98829021491629;8.52774513482336;-37.358947662333115;0.0
2511901;-18.860684946770878;41.70168736770456;-27.889531112532126;0.0
2516477;-33.16191384870669;-32.09824882954614;33.19510725884459;0.0
2521127;-1.9816551577478358;-9.083131913256134;48.52570637939715;0.0
2525181;40.342129154449815;-17.57448533925935;25.632720543567416;0.0
2525847;27.79265300205252;16.65587991532157;-41.61437254952975;0.0
21130;38.65258363031826;-6.443720518914044;-29.132117556194935;0.0
1191;-6.858964849319929;-43.65489658992094;-31.712465112310706;0.0
23591;11.30636113615088;-8.448771334234621;10.764288224095186;0.0
31176;7.4292109171096365;-8.302159995283615;16.248515582916504;2.0
33781;-34.19813101801027;-23.5446297112134;-29.49183134672109;0.0
38510;10.188909708617775;-17.643974066804542;9.309599587288977;3.0
39277;40.05701283635012;-29.944719289173896;3.838513459404504;0.0
48289;10.027794622406427;-4.685082894198393;13.10079631933859;0.0
61947;-30.559383626137716;-31.207418354194186;16.253265625326982;0.0
65303;6.010490498981851;-10.143319730712003;17.35221780252759;0.0
77396;-1.830947776320694;-25.949906758779782;-17.626557244632785;2.0
78064;16.60290098255505;-21.27598354089989;11.325261754005753;0.0
79836;7.593367073387174;-48.57595948942313;-6.921349845775198;0.0
83933;15.558569552513672;-42.65633527911427;18.604773646578863;0.0
99845;2.6288411278103854;21.09746822448129;-45.7463785037829;0.0
140705;-17.605025615263123;-1.8499208852585947;4.708742245492774;0.0
140837;13.289710056942207;0.2963413499688679;-40.86507627198946;0.0
144492;-7.976292232166001;-4.458243086104448;-44.98649181232543;0.0
148712;1.522080949883519;-4.589968272517888;17.17688498292027;0.0
163418;13.733524565089967;-22.525557571901068;32.4933493298994;0.0
176405;16.240802689701084;-1.9602003649757174;28.423324634298496;0.0
189112;-25.489674106704914;16.681246658773144;-37.23200491216562;0.0
194375;-8.987978576991777;-30.122373403625193;-5.9267492739245755;0.0
209983;22.11237815098284;-12.631293499665226;-4.992055965162744;0.0
222308;1.5884653998786822;30.392484265061576;-18.702076827387284;0.0
244302;-12.140626444122013;-42.8213953024107;21.392828895524147;0.0
259258;12.160946860082614;-20.02977530841312;-45.868628098275366;3.0
262116;11.203142524948703;-25.926657466036804;15.616750461200118;0.0
266540;40.33743915914898;-13.431432297018286;-29.200716638405098;0.0
269153;2.6463488107401623;-22.71255217227663;-11.246533672510436;0.0
310515;15.860922551456186;-13.107985380531696;-19.12909868726619;0.0
323164;5.639742657011328;-7.135980338272145;-31.239805868913148;0.0
361043;39.258951985028254;-5.065063769370656;-22.813546670141235;0.0
361484;-20.881530917255976;-6.506791316568962;-32.27467987918516;0.0
400009;-22.248767259610027;-30.174905143443553;28.19277849737096;0.0
524569;11.283852951155911;20.579468672739118;-36.77291631554824;0.0
676655;6.721690045825451;-14.661073847990927;32.316125026338206;0.0
681867;26.628548130698057;-46.10202173234984;5.54019837585405;0.0
691401;-45.13994062084069;-1.6978934550361586;-4.083384782450539;0.0
772138;-35.07813089100646;-28.97968954854367;8.798544957833586;0.0
795425;-8.025956722498726;2.4430373959350202;-15.466062239541515;3.0
1005806;-7.967152430002922;1.516407485638833;21.86877492808132;0.0
1078388;7.070205050402477;-1.3464708074408567;-16.93891354682878;0.0
1099549;7.505552125996494;-6.892106113283666;15.987211104165947;0.0
1124769;13.105336196865306;-11.919599354260587;4.570463233098807;0.0
1189933;-38.37421787149255;-19.816954130141056;15.776494735105713;0.0
1211598;-32.845642561822885;-29.696987037390613;-25.756577188336482;0.0
1224999;-7.352835734200216;23.789798899527025;-43.45594787416437;0.0
1263412;2.207028157169948;-38.686099398623746;27.463610643059106;0.0
1387300;-43.49217524352654;-18.49362486643557;10.136307650473643;0.0
1443703;18.950578630286305;-27.997141853767545;-29.434432630647148;0.0
1578443;-13.98292707463369;-26.60784135899249;-41.393787912055195;0.0
1591319;-5.553155514994214;-32.968107061760406;-36.73515932507718;0.0
1603425;-5.4427419168973215;-12.126004972923022;-6.110861613037093;0.0
1627101;-28.913874755996606;-38.61711159038798;24.226456740317147;0.0
1646685;-21.292684538317175;-46.76370295616709;2.0224480826770233;5.0
1660634;5.570211264414545;-14.743689189742325;6.48054203862429;0.0
1666840;-38.2942856874301;19.680566601700964;-26.426205173059355;0.0
1719899;20.54074776813952;15.628595543671494;-11.09294580753073;0.0
1732812;-29.59715713741574;-37.443042059206334;6.060911108839997;0.0
1873980;23.56503150680944;18.870783922501207;-39.15375893004966;0.0
1879544;-27.708315256366518;6.084626556776285;-3.3400138114733533;0.0
1939464;33.39193220314417;-37.568294009181145;0.08262160694632954;0.0
2027694;28.759411467365734;11.98626665774593;-24.46624223119481;0.0
2030891;-45.40897063430343;-3.6947630491907484;-24.76427815899114;0.0
2117006;-9.956037536284972;-0.10174292015053558;-16.403320191960102;0.0
2124248;27.925881736487774;-40.46892968777867;8.316139910521644;0.0
2141679;27.21066693423332;-24.988051614025355;-10.679294700764355;0.0
2476945;-6.1802713312274875;-37.728085688699615;-23.511087079727286;0.0
5330;12.57750551110557;8.879620407259964;8.67079236177941;0.0
1551;15.764689157311736;0.14275190480206756;6.0721774477874755;0.0
5906;21.8793637618114;1.521913746336427;13.712457510726521;0.0
11089;-9.244895666270375;31.126310510932342;-23.699533872044046;0.0
11370;16.27724654469539;5.001154287414553;2.9990681006093998;0.0
11373;-10.80555876057413;3.567911159781274;-4.9821296248726465;0.0
11374;12.810811444796217;-0.3041917688424836;18.56071170959489;0.0
16294;20.052700662801424;2.775610090424214;17.487260591749013;0.0
16303;16.036389686966665;0.8517495843795525;14.204363432952972;0.0
32243;19.705318652372206;-0.019347168852024286;20.102530282685677;0.0
48294;25.119619571822746;-0.9004733695817099;4.688158333333921;0.0
53990;2.6764442640764208;3.8388385828994993;24.997095024775582;0.0
55002;14.817983266246356;3.3416445645563924;17.008887391812433;0.0
60825;50.35345506694206;11.03424185691552;-0.882206999322481;0.0
70380;9.341364508292125;-2.350718717797444;23.29249821855494;0.0
84224;19.61876390419056;23.630790992808148;12.158038525732485;0.0
90537;7.568180471264541;4.2689098088268524;16.786741529487063;0.0
99960;7.643308096461695;-2.776189228994886;23.366676941400964;0.0
114461;5.008244981960936;-5.630528191007965;25.12118237686066;0.0
192340;9.590538680800481;-5.33391482664478;1.981446178004394;0.0
194696;9.392914951923888;-2.459591238428994;13.527992789891602;0.0
234152;3.280832841878547;40.5669739763351;-36.23276412090769;0.0
249395;3.238744953624214;11.224452928124927;-16.114809631978268;0.0
252934;-17.363549324192775;-31.19911605119197;-37.65589642140742;0.0
280127;1.0659521424585734;-16.60894045763584;10.964852681157375;0.0
418616;41.52623919443923;29.870715967095524;14.833750373089925;0.0
531809;1.1066287261128203;-12.96490101917889;0.5694026429272342;0.0
558418;-20.387249973824286;12.052764881212001;17.002407044531868;0.0
717833;-4.910740327297779;-2.917447289111526;27.684887402481696;0.0
727312;29.96757827570417;-13.536734384906497;41.27769472648862;0.0
756216;36.26292357182133;-26.527315024581963;-4.406688692004945;0.0
852536;6.483037154048823;41.308381959892316;32.26603625577021;0.0
876367;-48.696669981684124;-9.187312858399753;8.2531773556828;0.0
947503;3.4836385968129795;-33.70677816126741;18.73441061574498;0.0
1183070;17.172149162193655;37.73699162317249;33.45694742102068;0.0
1354267;45.65718642333808;-6.956673348118466;15.085641677309797;0.0
1414449;-10.573355007382922;8.33048879944658;5.862394969300957;0.0
1499543;14.554340110593769;-1.3774436596621513;4.98462671553105;0.0
1546604;10.46224573191703;15.770978301953688;8.87299468276657;0.0
1593692;11.41760472751993;13.356444518379126;5.878803632105488;0.0
1686836;-28.4355900465374;-39.92385995089547;-25.464277339698516;0.0
1738197;44.59246899957162;-20.436561292341064;-16.454522994430754;0.0
1832423;-42.360679113084466;-28.848935387100706;0.10057387181199393;0.0
1903721;16.434737471802137;-5.067065866421248;-9.50955883269341;0.0
2067219;0.2719840250961135;-37.32420250846697;-18.028872879266235;0.0
2095417;50.06136380300076;15.135551886735946;0.08378810599865778;0.0
2277482;-21.66190789478686;-17.71143067374432;22.086086998080123;0.0
1711;7.473666320680504;-1.5394040472081485;34.69351651222204;0.0
1633;12.697199943063858;-2.002577229945226;47.449826513984775;0.0
179532;19.992612468290144;3.3668398577080536;-25.474913579041477;0.0
200469;10.187867575227983;-44.31082909308306;1.2633016101123218;0.0
1707788;-35.93313852489281;16.916759323743307;-3.366624952263002;0.0
1818056;-7.452082545136677;42.3435404038416;-2.29093925234004;0.0
1712;14.220130539796541;3.4203039079130346;8.171477732353514;0.0
11368;21.15870837538553;0.9635662898559717;17.426996996470084;0.0
1879162;-2.1556262511252053;38.150099935671406;14.971485801122878;0.0
2645;-4.269033853513886;-39.40949008891274;25.285695655421886;0.0
66511;8.15433744292355;-6.498196283907218;29.315093740785453;0.0
167978;30.84532480190151;-23.297066539449382;-8.717128978088027;0.0
284038;27.528252936780966;-16.4889916155551;-10.540077057235385;0.0
606245;27.647414845687912;11.295470486685469;11.445362294047703;0.0
1383613;-29.614061978968405;-25.960666252716226;25.332845277991378;0.0
1782421;-9.445585748206694;4.05212157085036;-3.160124127328036;0.0
26161;48.58781405301708;-12.650434305958685;6.18706218527241;0.0
3840;29.83583807751332;-17.605115685927593;25.108016257977052;0.0
180476;-10.762194476193027;-24.545840995780004;21.426094994268464;0.0
621007;11.348714100790561;39.60411225240054;15.87532437664884;0.0
4585;12.030153984055795;-12.66718270898885;14.053507711462196;0.0
56415;8.340834284363883;-4.341905761631545;24.858714880407472;0.0
113210;-7.42431470739278;35.38540143219162;30.70743767590734;0.0
176188;-2.650626377208948;-37.53499630669491;-23.986219315930036;0.0
908105;11.211312092234857;-11.463063549896736;-1.3745946810898144;0.0
1663623;42.09686055666423;27.382063507784583;4.679887634073624;0.0
1826176;-23.70293285448747;14.805548773988184;13.76484071295786;0.0
1933512;29.56573353682532;19.236342825095345;37.99488131760866;0.0
15343;7.223290415885664;19.589854381269824;-27.40695777529446;0.0
4992;10.143348964173278;31.349262268676657;-40.66332746469884;0.0
19239;-24.517865363432986;43.129999521504864;20.859896575725077;0.0
69906;45.40534252473109;26.166051070514666;6.358562261078459;6.0
224001;16.491158052063675;48.84647487875608;7.521805930465621;0.0
324029;19.319326350440104;-45.61483740916614;-1.3296422099155718;0.0
474947;28.256716027648014;-24.95100728793458;-34.593193593873224;0.0
795049;-16.836583790868083;-23.0780210042063;-39.0067383226408;0.0
983031;6.111565191341573;23.450678107235525;10.536037308924541;0.0
1213771;-27.381109074778617;-39.961869771301885;20.008518631598157;0.0
1360419;-13.47785661371073;46.26152897819104;17.122689306089857;0.0
1465307;36.50554549853626;-24.512089779597222;25.130209985739924;0.0
1793029;-17.680127167373193;48.25347174650379;13.932288398956299;0.0
2040710;-14.892391116221297;-16.953814711143757;-43.79625696715204;0.0
2067130;27.862440384958852;-38.821350772541834;12.28476874073557;0.0
2113453;-24.98959387663102;18.5441687308872;40.827913431866484;0.0
2239922;30.645099294971402;30.989592723389194;-30.29713577569087;0.0
229262;-34.72172285188507;-5.313647741998668;-13.486986934751233;0.0
5818;-7.314599947039079;-48.375756105112366;-20.59512516648597;0.0
1743577;-35.45556489962679;2.783840889960337;-25.891556770074068;0.0
1991171;2.3093527775225806;-50.373365424351256;11.86432361955008;0.0
15310;-21.34065585817657;36.47138817426981;34.60187830215266;0.0
5989;-18.46119942722631;35.36426168922176;34.86153464576213;6.0
27663;23.128165081322653;42.64512859222967;-7.692474037765643;0.0
469618;-6.5210655416536145;-12.053309255666562;-2.8504011357699266;0.0
552104;38.54199897696823;0.4408536819575373;30.36526080177224;0.0
841331;17.909731512791534;28.950029436752352;44.0819769167224;0.0
1342074;-30.2897563019527;-27.46256771957577;9.81383333914462;0.0
1665696;-37.348976681757556;-24.29151620343234;7.307100379081614;0.0
1769622;31.277208897474708;27.111605005187087;-5.931090047877199;0.0
58703;22.67195874596831;-20.105368298710037;-43.10409709462776;0.0
8075;33.82422714736232;-1.3708123057522281;1.586815585788798;6.0
289375;-26.409038020448758;31.50451249048132;17.10336677828036;0.0
691286;10.123447297793108;12.10811488471602;47.34274039486522;0.0
1205566;21.495403580484716;19.51719263803593;31.576866097231502;0.0
1644341;37.81797937221504;-5.060583543906813;31.135225926527795;0.0
1133758;6.171680644080257;-25.012844749561093;10.693798448024697;0.0
8262;39.57259068021017;37.94256448323535;-6.565474724751925;0.0
1156149;27.851309547054854;26.145393284609078;-3.1009976741880405;0.0
8356;41.89296585529729;13.867813605066614;-2.0884704723038228;0.0
8305;19.914366343859097;11.363582081176524;-48.25120575820817;0.0
132068;5.816753635314566;23.702714788668228;-1.3782175562924015;0.0
453999;13.259522162660833;23.74656498058134;-27.76907977095487;0.0
2432530;6.085187128148579;37.64339398110412;10.268401020480445;0.0
23700;33.3700150081231;-12.13168811581367;-26.62879780025922;0.0
894002;28.180886009286702;12.01366473170937;-28.99301052576268;0.0
10435;32.51011195461343;-7.135087532562923;35.03145848493995;0.0
98455;24.80519552365413;-6.434107055668949;-17.337675340683397;0.0
10737;39.88664654478542;14.192665307881521;27.082143996969858;0.0
2064016;15.01359620704333;32.40025734770173;21.219196357232086;0.0
14984;15.424084569337126;-20.293538558285;8.1023311153146;0.0
962528;-31.79688186735151;9.555391369318412;-21.954062366212;0.0
11372;6.29121429200153;-2.9834289889206045;24.094332556661975;0.0
17026;12.311484173873552;-6.556424598206543;12.656315762329879;0.0
31177;14.27949342843077;-20.38483860831584;22.369046360793824;0.0
58480;20.614158520056904;1.2419518010203918;21.874651643891223;0.0
59542;11.657045737610671;4.508071915895155;32.43045472310568;0.0
86672;9.627083667768932;2.1116851984540754;11.616532110750695;0.0
105007;12.369132559508657;5.29503155782107;-21.300275757126204;0.0
164854;12.484163069253194;-4.284159009349717;27.566041530993942;0.0
175316;4.202641502583242;32.446904470774705;-35.6394860361007;0.0
188279;-1.2458377773744576;-29.526971547361224;43.96473967569834;0.0
216658;26.58054520709674;25.015760194753156;40.72618414700226;0.0
252242;-16.166116726797252;-11.81604021273923;-2.019495503088207;0.0
441885;-34.30943307630187;-35.96277019331641;0.7830974177591351;0.0
639930;-16.81154256595828;-43.831997638888645;-19.55867570967928;0.0
780323;5.638693412779605;18.235254795122227;24.01512883885077;0.0
811552;49.88576077140003;-2.667701681444591;-15.149120953329023;0.0
873126;6.309108330676271;-13.843891152620754;6.676424006274352;0.0
1055635;4.228341270465292;-22.218475072980322;0.8254360125724132;0.0
1210629;-4.947256870898503;14.984315340155042;-42.53544780589853;0.0
1260574;-23.637634783120788;16.088297252882118;-6.720853336758135;0.0
1260600;10.672266818655038;2.002315708980843;24.66237189317216;0.0
1342092;-48.52119968579945;-2.3934754202401454;-8.71427120972497;0.0
1599702;4.607368897771913;9.76473929635354;11.040843878602475;0.0
1818185;13.458510383094794;-4.05397908078167;-27.958243968213196;0.0
1843704;20.421562156426134;-42.861411960428995;3.525063596580554;0.0
1938652;-48.09295002054698;-7.340593234674204;-8.993333831060012;0.0
2098726;31.059876285043657;-42.454848782881584;-3.0742073796863862;0.0
2283188;-4.911256258384613;45.22108954896703;16.215766205352566;0.0
42472;9.147054431755778;27.685882920352157;43.13452517734772;0.0
13589;-22.328105293324388;5.765237955798914;45.39449296013017;0.0
13719;-15.807599137902747;-4.26705111375522;-19.094996669548106;0.0
71033;-44.40916097569095;0.253208908663253;23.052926052935234;0.0
105951;-11.764896667284678;1.3338840246513108;45.0093128743654;0.0
107703;-11.976835311063644;-0.7290453404310672;-19.023278298010503;0.0
107704;-10.286667193216285;-0.29835263185695465;-18.843268124599117;0.0
107706;-9.80240621616013;0.43510278854514883;-17.91380207475075;0.0
112698;-38.537637660583364;9.774828000867748;-13.172665598743857;0.0
118774;-5.856174167750905;20.234649725779562;-44.87749366681975;0.0
170584;10.491133132218419;-4.60123895697988;2.8903451051818054;0.0
188518;-13.657887329554363;1.2000250918498472;-26.343848981991698;0.0
249056;-20.52807624781695;-10.0289220858994;-44.24749203390247;0.0
258450;17.660210489215615;-5.988795715294533;10.732715295824198;0.0
264086;40.3645109244771;7.726817034015863;-34.84380494654536;4.0
273121;-11.048367939459926;0.05950472894391;-19.69455915843576;0.0
273122;-10.700953535195241;0.7639959680005338;-18.627343458870573;0.0
274201;11.152789073042134;-9.531629305862795;-12.182698925552161;0.0
274688;-8.671566653456434;1.9626067923994897;-16.684474981010204;0.0
396327;-20.76114910391094;-15.374717944271989;-48.549475553694705;0.0
493516;8.436174872799112;12.658158260483777;-12.554293352759348;0.0
949101;18.774673782950245;-34.38680851764304;-17.02491048896555;0.0
1132775;-18.788174901498195;-47.10745053627558;-5.96857208579356;0.0
1185884;18.783333208236147;-23.904013242636495;-26.497125550113495;0.0
1362068;-26.65387536947223;-8.221305772050673;12.920820910043316;0.0
1479366;-4.367120807121907;8.947397002086674;-4.499472932765671;0.0
1490219;-26.736462267855902;6.655009310749794;-31.079021831898405;0.0
1653889;1.2204776509563477;11.426556487418589;-7.586247540426291;0.0
1673771;-10.231769913315262;12.520723067999057;-29.995139899032043;0.0
1691669;-22.15762364810169;-2.293663692416876;-33.690985771430306;0.0
2085570;-1.057430786020179;12.009636834801748;20.66879664927419;0.0
2483440;-3.650391000489193;2.0212060556195923;-52.32520304416834;0.0
56189;6.567329864402591;3.7459338528727053;21.38427850314786;0.0
80328;10.122095447732509;-16.211637176470802;6.575453606262963;0.0
169192;4.116653251475501;-15.295212410725455;-0.934483341401455;0.0
1998078;21.355634451659252;-45.580774896125455;10.766374071061863;0.0
846201;-16.816047679368886;23.825278840392794;23.49801577206944;0.0
58143;38.8796027896476;-2.6126222849807568;22.14121024473587;0.0
220992;-30.545291517615873;20.779299132895233;-10.099106095766818;0.0
246062;21.085435099745492;-3.614070400088369;46.5000202958371;0.0
1076553;-3.602514886902329;-34.69919254427076;-42.00247282104787;0.0
1677957;40.52937184419944;-1.8799031576941043;31.056466241290558;0.0
1781210;-16.62774468407786;-15.819199291374249;-46.81393394357372;0.0
1792950;43.13984408711275;5.3251906136879406;32.91510442618745;0.0
2045960;-31.140987288679693;14.178838670791801;32.28962844911302;0.0
18064;-17.85811154092755;30.478819367236884;41.81239527564807;0.0
41543;30.515470226740767;34.05101559937565;-3.3643648896689937;0.0
221009;-19.623417555188183;43.75861375015189;-21.67361550098089;0.0
771522;22.38298835154155;37.63218413384532;20.612711068676997;0.0
1836734;39.801212149254816;-1.7266980930383982;6.278974162756161;0.0
116679;-48.068905893694726;5.5851677352778815;-14.950742685114106;0.0
1167463;-17.04924379005636;24.66384936810689;44.65335044800508;0.0
22403;-29.264717376165994;-9.318297727158733;43.766239733077036;0.0
83429;-16.409953817388974;-5.849103620589997;13.060482586146254;0.0
200721;8.101243946592573;-32.37601411727539;42.136283064334435;0.0
246225;-8.03922555354357;-4.205993474460565;-47.222424949378215;0.0
683657;-4.641125249562755;16.776859039388878;45.56642363691987;0.0
817927;24.949092101174266;4.364174153234701;45.57430244978037;0.0
23618;26.076373872631386;21.539968016965204;-43.5088082928987;0.0
219751;-35.585971419908645;-10.072618999664202;-8.633050383085763;0.0
12714;1.8440153310341882;11.358624244162925;39.44724391900961;0.0
23639;35.202485294710755;39.40872843873248;-15.293501068100522;0.0
36588;27.41286451465919;-12.987621739338266;-38.048601358123186;0.0
499315;-27.28453752059563;1.8116369023910304;-17.209294620258575;0.0
281521;27.97233607673504;-40.4145586101806;19.342460289525075;0.0
24237;2.430885954690414;-47.32940361577524;-1.31027662200771;0.0
451032;-10.89882930391364;19.95142015107245;-10.729769036983765;0.0
2246605;-14.398378804595922;-41.01899597625931;4.3567543847255825;0.0
36738;22.592614391505567;21.759542914885436;26.522909462958406;0.0
29718;10.203762677226326;43.881087731211984;29.978984066162866;0.0
72742;-5.437226273838845;20.533004851369277;45.36952600401388;0.0
292243;-4.592362651015053;9.443391658423943;-36.843184075331735;0.0
660630;27.486431705099076;24.616197246040883;-40.26233602685181;0.0
31566;4.125972009827198;-4.09863753839437;-51.05484323210679;0.0
516351;32.40488729589292;-8.262468065713543;-41.749089820209406;0.0
34933;6.849299634947441;22.97663778031609;-48.53514325673427;0.0
71595;3.1452334317525685;4.261131732893724;-48.9328447450475;0.0
37182;-46.37514127001695;7.262099810962638;-21.44476332462023;0.0
193430;-21.72143196250488;9.881283625336014;-5.453971516494818;0.0
480667;-33.29263324603354;36.44129825158839;-10.397848367195046;0.0
38488;-13.356861687772462;-37.667501315440205;-38.5212384789014;0.0
196052;27.708966293450057;-14.721076712399023;-34.909793559672984;0.0
38534;15.928701516563542;-43.80930299181635;13.150947507296873;0.0
208995;-10.465790091573284;14.104821127029565;38.93403707472951;0.0
1990095;-4.945788482039575;-39.21091429731082;-24.409388679668975;0.0
2099218;37.96378323556001;-21.374084716191774;-27.367212909456676;0.0
48015;-51.83614777946301;-1.163883546399335;0.1805504616008776;0.0
52061;39.52499228450542;-30.792622401876784;-12.651017394997098;4.0
990441;20.878797193579953;19.95163979707879;17.77098950557845;0.0
52170;-4.633011778918508;-15.715535857504555;49.30285819506517;0.0
54142;-35.24695491996548;40.09431157256334;14.634460336920634;3.0
55908;1.299222423177866;-51.752638051815296;-0.6315646354785839;0.0
418272;6.77403769384713;-39.960387555805866;21.18408459995968;0.0
56886;48.731152824492334;5.011559029347954;20.025865925537694;0.0
279311;-36.14854330906679;13.752058579538575;-25.717981118517464;0.0
57134;8.372953957370077;50.07560760948382;15.363299512316525;0.0
890938;-47.08065372350216;-1.4544606948176155;15.27070844942828;0.0
57476;-12.547808264917496;38.16161949960101;34.12346717772578;0.0
662658;31.272920269696254;-4.15804111684632;-15.519756997062506;0.0
12344;-46.11272908011212;-3.040121361362648;-18.007333348961094;0.0
62657;1.0442790863438245;24.65178780000337;-11.827721745846173;0.0
93710;-6.457753370419788;12.990752880068927;-23.382486713296124;0.0
64749;25.701939059119198;-46.450392939901135;-5.242630183438127;0.0
1159065;7.668910287790569;-20.321232917328935;-2.148328947116025;0.0
1291390;-19.726191343722846;-18.953242825730108;23.180304934741212;0.0
2066573;20.831431085378313;-15.648221467403415;40.374993885671756;0.0
2051359;37.967474552616196;38.690833639163266;9.882275982832283;0.0
107925;6.436668538951513;28.29211853934608;0.5125572392411156;0.0
73047;4.753492353957039;46.01447304648483;-14.26086934331769;0.0
1664815;19.02696645469249;35.97707404690911;-35.482712513935525;0.0
208083;28.65809303114646;1.4456272514277675;42.71645507736747;0.0
73429;-10.731088493208897;-7.876118641497754;49.644769597768146;0.0
145493;-15.41281151459449;-15.372578370944048;14.921117337438899;0.0
75419;-15.845330845380271;-35.723058971232255;23.588560492668407;0.0
661832;7.059616216672397;-49.23064996552782;-2.872005256222614;0.0
81827;-36.16658904570274;34.12258543332623;31.709311058867154;0.0
82521;-18.293028015537914;42.43435059587269;-19.631242641687418;0.0
875877;2.4625771994702124;18.805925143147203;48.711994636140815;0.0
470887;-7.469059285202209;44.237208176281904;-23.47622973257733;0.0
87871;38.60949192821122;-39.12800188038538;7.474292074770507;4.0
91656;39.468118190547344;1.3791327809060476;-27.89551054050327;0.0
90761;40.51804506309554;-2.21572392675906;-23.67441837834073;0.0
928311;-9.272158634237112;-32.06383551497015;-32.27097276025802;0.0
94853;-10.356731898957959;-36.27334648590634;-36.561534687720595;0.0
95264;-10.615566545277515;25.267953314708357;44.93149498063736;0.0
98461;-40.57352859240917;-8.875357062475043;-35.83747715847711;0.0
2432275;-50.936986557741115;9.52215055356763;-2.000216825470624;0.0
99536;-29.58829544818155;-18.31299367949547;-43.40699683830548;0.0
845234;29.040090620099953;29.255052951887052;-16.013322115739722;0.0
126214;-23.889170545244067;32.11549183113734;38.19399121244901;0.0
1587019;-13.528449463962337;-34.262997698299756;-40.44980626354326;0.0
602256;3.4546279419181034;-25.08152916187444;-38.24648818815126;0.0
146833;4.0411041113704975;-47.12730084657513;24.762958702766003;0.0
158980;-18.473934155032712;-48.799489595644566;6.073028773585428;0.0
712992;-11.212174874389255;51.308643402338596;-4.405931387339202;0.0
2225136;-33.411298976192356;12.017337876613947;-3.678789727931156;0.0
120023;25.53962066043427;-10.181483619360273;21.035891493725607;0.0
235074;-40.82462664270687;11.597314665383081;13.458001562849892;0.0
593642;33.34805672823752;-17.236164121638414;-32.89284275037945;0.0
255030;23.67311788436075;38.73328378530935;-33.49030201024237;0.0
264503;-9.129493022464738;-14.389025677174887;47.84786616233653;0.0
369456;-42.69827660501545;-23.51177130073984;22.92199333035042;0.0
94058;-52.27198866352452;1.5140479700194722;-3.4074230128002516;0.0
2170073;-12.661038151466178;-21.14381511200603;-14.82700771475143;0.0
703494;-38.88765542308865;7.186191573340076;34.32880617009844;0.0
238468;3.7952510970910924;-32.24953278173992;-14.407035069507634;0.0
484174;-44.20781353592271;-17.307433720040763;-5.369348151991218;0.0
780990;-6.906601959608528;-32.39527659797524;-22.9604882681953;0.0
1007159;-28.162138669580138;24.99709186440139;-24.649700372849594;0.0
1360003;2.6541972049990616;-17.446243675298973;46.71660705995886;0.0
1510582;25.236126766408468;-16.97513775581675;-3.8733451285141522;0.0
74129;-1.9626925175494458;-27.506398949243728;36.35630630844466;0.0
824890;31.96460608609174;16.552420325587256;38.16929288813903;0.0
264497;0.5988567872067633;-31.37056951147869;36.121932958370685;0.0
859158;-24.336336630222377;26.65585060334219;-35.520349410187286;0.0
424006;-17.53235439090665;47.166988825677464;-15.119757916711746;0.0
962003;37.094566559306706;38.74755919553432;19.830385720456782;0.0
1012404;14.839243103435509;8.28307212525787;48.00883034068022;0.0
44114;-45.190926937679194;-4.753014347360509;9.034007846910228;0.0
1344247;-26.343384406985482;-12.365718565287818;-38.463387829318016;0.0
1384634;3.556025782538951;42.99200178241398;-30.89858342778401;0.0
1551700;25.528180105859462;1.0328587779161833;34.89761031716307;0.0
1047843;-2.1053581293218198;-5.0269579525981625;-41.277381849443614;0.0
