906;878;2
985;878;1
1107;878;23
1255;878;1
1472;878;1
1591;878;4
1601;878;46
1610;878;11
1693;878;1
1845;878;1
1872;878;3
2238;878;1
2603;878;7
2843;878;1
2986;878;1
3298;878;3
3545;878;1
4329;878;2
4361;878;19
4363;878;1
4406;878;22
4672;878;16
4876;878;1
5524;878;1
6030;878;1
6156;878;1
6617;878;5
6637;878;4
6778;878;2
6957;878;49
7038;878;1
7367;878;1
7531;878;1
7972;878;1
8162;878;1
8671;878;13
8680;878;7
8735;878;1
9079;878;1
9128;878;1
9344;878;2
9505;878;16
9516;878;1
9595;878;1
9735;878;1
9746;878;2
9817;878;1
9970;878;1
9980;878;377
10138;878;1
10148;878;2
10182;878;1
10214;878;1
10348;878;1
10471;878;1
10517;878;2
10550;878;1
10576;878;1
10629;878;2
10802;878;1
10988;878;1
11007;878;1
11033;878;1
11288;878;1
11360;878;3
11361;878;1
11430;878;1
11590;878;1
11780;878;3
12392;878;1
12394;878;2
12460;878;1
12628;878;1
12932;878;1
13576;878;1
13772;878;1
13798;878;36
13851;878;3
14068;878;1
14115;878;1
14123;878;1
14317;878;53
14332;878;40
14532;878;4
14606;878;1
14836;878;1
14890;878;1
14978;878;1
14996;878;1
15183;878;1
15185;878;2
15238;878;1
15326;878;1
15559;878;1
15591;878;1
15608;878;1
15639;878;1
15683;878;1
15755;878;1
15834;878;3
15944;878;1
16142;878;8
16274;878;3
16452;878;2
16473;878;4
16560;878;1
16610;878;1
16714;878;1
17054;878;1
17060;878;1
17076;878;1
17144;878;1
17209;878;1
17251;878;1
17380;878;1
17395;878;1
17729;878;3
17846;878;1
17887;878;1
18253;878;1
18340;878;1
18474;878;1
18554;878;105
18683;878;1
18831;878;3
18862;878;1
18900;878;1
19149;878;1
19194;878;1
19195;878;1
19199;878;111
19203;878;1
19213;878;1
19221;878;1
19242;878;1
19272;878;1
19301;878;9
19422;878;10
19469;878;1
19811;878;1
19814;878;1
19908;878;1
19934;878;1
19964;878;2
20034;878;1
20292;878;1
20791;878;1
21776;878;1
22051;878;1
22114;878;1
22482;878;32
22491;878;3
22648;878;1
22718;878;3
22979;878;1
22994;878;1
23130;878;2
23177;878;1
23374;878;1
23415;878;1
23554;878;1
24000;878;2
24072;878;3
24603;878;1
24676;878;3
24923;878;129
24973;878;1
24984;878;1
25147;878;1
25292;878;1
25408;878;2
25628;878;1
25868;878;2
26140;878;1
26536;878;1
26942;878;3
27092;878;3
27210;878;2
27374;878;1
27450;878;1
27720;878;1
27888;878;2
28086;878;1
28157;878;1
28298;878;2
28311;878;2
28315;878;1
28455;878;2
29684;878;1
29721;878;3
29758;878;1
29786;878;2
29914;878;1
29983;878;1
30090;878;1
30169;878;1
30191;878;3
30422;878;1
30650;878;3
30652;878;2
30663;878;8
30678;878;1
30859;878;3
31058;878;1
31082;878;1
31186;878;1
31250;878;1
31300;878;1
31350;878;8
31380;878;1
31442;878;1
31564;878;1
31712;878;1
32329;878;1
32709;878;1
32714;878;3
32792;878;14
32951;878;172
32970;878;1
33001;878;1
33028;878;9
33041;878;1
33046;878;31
33055;878;1
33094;878;1
33099;878;3
33192;878;1
33497;878;1
33578;878;1
33896;878;5
34099;878;1
34139;878;21
34203;878;3
34218;878;1
34360;878;1
34590;878;1
34696;878;1
34718;878;1
34928;878;3
34966;878;4
35006;878;1
35361;878;1
35593;878;1
35615;878;1
35833;878;1
35846;878;1
36564;878;1
36665;878;1
36672;878;1
36869;878;1
37083;878;1
37085;878;1
37119;878;1
37219;878;1
37229;878;2
37324;878;2
37451;878;1
37588;878;1
37897;878;1
38026;878;2
38067;878;1
38107;878;1
38200;878;1
38212;878;1
38247;878;1
38258;878;1
38272;878;2
38398;878;2
38543;878;1
38563;878;1
38613;878;1
39000;878;1
39055;878;1
39056;878;1
39063;878;1
39163;878;1
39724;878;1
40141;878;3
40150;878;5
40204;878;2
40312;878;1
40664;878;1
40711;878;1
40759;878;1
40848;878;1
40959;878;1
41169;878;1
41220;878;1
41289;878;1
41509;878;1
41517;878;1
41520;878;3
41901;878;7
41935;878;1
41971;878;14
42010;878;1
42077;878;1
42346;878;1
42365;878;1
42899;878;1
43056;878;2
43096;878;1
43121;878;1
43215;878;1
43352;878;1
43475;878;1
43692;878;1
43844;878;1
43861;878;1
44115;878;1
44422;878;1
44562;878;5
44599;878;3
44738;878;4
44975;878;1
45129;878;2
45131;878;2
45196;878;2
45214;878;16
45776;878;1
45903;878;1
45997;878;70
46002;878;6
46005;878;2
46039;878;1
46090;878;2
46211;878;1
46260;878;4
46709;878;2
46731;878;2
46744;878;1
46825;878;1
46903;878;1
46904;878;2
47540;878;1
47559;878;1
47942;878;30
48151;878;1
48203;878;23
48319;878;1
48365;878;2
48376;878;1
48792;878;1
48808;878;1
48995;878;1
49056;878;1
49164;878;1
49509;878;1
49529;878;1
50107;878;2
50249;878;3
50378;878;2
50406;878;2
50532;878;1
50597;878;530
50604;878;7
50605;878;1
50678;878;1
50759;878;1
50777;878;1
50946;878;8
51067;878;1
51370;878;1
51429;878;1
51462;878;1
51787;878;1
52140;878;1
52328;878;4
52404;878;10
52412;878;1
52456;878;1
52762;878;3
52828;878;1
52999;878;1
53038;878;1
53053;878;1
53501;878;1
53965;878;1
54000;878;16
54080;878;1
54086;878;1
54179;878;1
54202;878;1
54219;878;1
54529;878;1
54550;878;1
54739;878;1
54786;878;1
54813;878;1
54880;878;1
54956;878;1
54962;878;3
55226;878;1
55270;878;1
55284;878;1
55632;878;1
55838;878;7
55852;878;1
56012;878;1
56169;878;1
56200;878;1
56202;878;2
56295;878;1
56310;878;1
56319;878;1
56323;878;1
56358;878;2
56409;878;1
56512;878;1
56686;878;1
56723;878;1
56903;878;1
57005;878;1
57171;878;1
57224;878;1
57275;878;1
58098;878;1
58173;878;55
58301;878;1
58428;878;1
58476;878;1
58514;878;1
58540;878;1
58551;878;1
59043;878;1
59477;878;2
59491;878;1
59953;878;1
60022;878;2
60065;878;2
60096;878;1
60235;878;1
61183;878;2
61201;878;2
62035;878;1
62090;878;1
62105;878;2
62344;878;1
62468;878;1
62593;878;1
62598;878;1
62621;878;1
63055;878;1
63056;878;1
63147;878;1
63508;878;1
63583;878;1
63661;878;1
63840;878;1
64171;878;1
64322;878;1
64923;878;1
65124;878;2
65169;878;9
65564;878;1
65619;878;2
65828;878;1
66021;878;2
66290;878;1
66313;878;1
66454;878;1
66466;878;2
66486;878;1
66582;878;1
66635;878;1
66827;878;7
66924;878;1
67024;878;5
67194;878;1
67232;878;1
67416;878;1
67453;878;1
67628;878;1
67669;878;1
68095;878;1
68114;878;1
68225;878;1
68240;878;1
68310;878;1
68398;878;1
68415;878;1
68520;878;1
68522;878;1
68727;878;1
68996;878;1
69408;878;2
69429;878;1
69475;878;1
69533;878;1
69639;878;2
69655;878;1
69676;878;1
69753;878;1
69958;878;1
70203;878;1
70263;878;1
70312;878;2
70338;878;1
70362;878;7
70372;878;1
70388;878;1
70391;878;1
70793;878;2
70804;878;2
70805;878;5
70813;878;1
70818;878;1
70961;878;1
70979;878;1
71027;878;1
71205;878;1
71311;878;1
71354;878;1
71358;878;1
71455;878;3
71509;878;1
71637;878;1
71645;878;1
71780;878;2
71931;878;2
72092;878;1
72122;878;1
72138;878;3
72197;878;1
72250;878;2
72337;878;2
72357;878;1
72569;878;1
72579;878;1
72741;878;2
72843;878;1
73024;878;1
73080;878;1
73198;878;1
73653;878;1
74052;878;1
74096;878;1
74136;878;1
74153;878;1
74324;878;1
74408;878;1
74585;878;6
74597;878;1
74599;878;1
74734;878;1
74769;878;1
74791;878;1
74817;878;1
74930;878;1
74938;878;1
75016;878;3
75043;878;1
75146;878;1
75224;878;14
75227;878;1
75236;878;1
75241;878;1
75330;878;1
75486;878;1
75656;878;1
75820;878;2
76100;878;1
76139;878;1
76308;878;1
76581;878;1
76608;878;1
76907;878;1
76987;878;1
77064;878;1
77090;878;2
77237;878;2
77246;878;1
77257;878;4
77323;878;1
77487;878;3
77566;878;4
77696;878;7
77876;878;1
77998;878;1
78172;878;11
78392;878;4
78413;878;1
78516;878;2
78567;878;1
78571;878;1
78773;878;1
79223;878;3
79239;878;1
79337;878;1
79355;878;1
79389;878;1
79472;878;2
79507;878;1
79517;878;1
79618;878;1
79694;878;1
79949;878;1
80039;878;1
80225;878;1
80345;878;1
80460;878;1
80475;878;1
80477;878;1
80575;878;1
80578;878;1
80633;878;1
80634;878;6
81040;878;1
81248;878;1
81274;878;1
81526;878;1
81540;878;1
81611;878;3
81670;878;279
81699;878;1
81795;878;1
81812;878;1
81853;878;3
81857;878;1
81861;878;5
81978;878;1
81996;878;1
82121;878;1
82186;878;1
82365;878;1
82485;878;1
82656;878;1
82657;878;3
82729;878;1
82740;878;41
82811;878;1
82887;878;3
82931;878;1
83007;878;1
83021;878;1
83024;878;1
83063;878;1
83270;878;1
83332;878;2
83342;878;1
83408;878;1
83548;878;1
83561;878;1
83719;878;1
83927;878;1
84046;878;2
84167;878;1
84220;878;1
84325;878;3
84349;878;2
84467;878;1
84578;878;1
84581;878;1
84628;878;1
85053;878;1
85057;878;1
85384;878;1
85390;878;1
85517;878;1
85661;878;1
85722;878;11
85723;878;3
85724;878;2
85757;878;1
85813;878;2
85855;878;2
86001;878;1
86217;878;1
86481;878;1
86597;878;1
86665;878;1
86729;878;1
86756;878;1
86895;878;1
86948;878;1
86956;878;1
86999;878;1
87103;878;1
87434;878;1
87675;878;1
87808;878;1
87922;878;1
87961;878;1
87970;878;1
88312;878;1
88405;878;2
88823;878;1
88827;878;1
88956;878;1
89003;878;1
89053;878;9
89068;878;1
89246;878;1
89249;878;1
89518;878;1
89650;878;1
89959;878;1
90021;878;1
90292;878;1
90347;878;1
90378;878;1
90456;878;16
90507;878;1
90547;878;1
90572;878;1
90702;878;1
90713;878;1
90862;878;1
90933;878;1
90935;878;1
90949;878;9
91192;878;1
91380;878;1
91624;878;2
91651;878;1
91712;878;1
91738;878;3
92018;878;1
92030;878;1
92074;878;1
92076;878;1
92106;878;1
92180;878;1
92183;878;1
92225;878;3
92278;878;1
93355;878;1
93439;878;1
93576;878;1
93625;878;1
93712;878;3
93726;878;1
94021;878;2
94150;878;1
94351;878;1
94360;878;1
94471;878;1
94488;878;5
94555;878;1
94978;878;1
95995;878;1
96370;878;2
96513;878;1
97276;878;1
98134;878;2
98338;878;1
98711;878;2
98943;878;1
99647;878;3
99650;878;1
99927;878;1
100480;878;1
100743;878;1
100872;878;1
101232;878;3
101652;878;1
101779;878;1
102209;878;1
102283;878;1
102464;878;1
102820;878;6
103146;878;1
103710;878;1
103857;878;1
104347;878;1
104500;878;1
104550;878;1
104808;878;1
105293;878;1
105732;878;1
105937;878;3
105952;878;1
106188;878;1
106716;878;1
106740;878;1
106948;878;1
107674;878;1
107731;878;3
108196;878;3
108339;878;1
108746;878;1
108813;878;1
109262;878;1
109670;878;2
109755;878;1
110063;878;3
110121;878;1
110171;878;1
110226;878;1
110327;878;1
110442;878;1
110551;878;1
110575;878;2
111497;878;1
111608;878;15
112226;878;1
112243;878;1
112360;878;3
113070;878;1
113695;878;1
113886;878;1
114025;878;1
115263;878;1
115316;878;1
115876;878;1
115885;878;1
116468;878;1
116667;878;1
117211;878;1
117397;878;1
117505;878;1
117665;878;1
117722;878;1
117791;878;1
117895;878;1
118867;878;1
118878;878;1
119158;878;3
119266;878;1
119474;878;1
119496;878;2
119831;878;2
119839;878;1
119972;878;1
120216;878;1
120229;878;2
120248;878;1
120314;878;37
120339;878;1
120432;878;1
120948;878;2
121032;878;1
121176;878;1
121490;878;1
121546;878;2
121774;878;1
121921;878;1
122200;878;2
122526;878;4
122642;878;1
122690;878;1
122835;878;1
123247;878;1
123428;878;1
123707;878;1
123847;878;1
123889;878;1
123972;878;1
124000;878;1
124126;878;1
124444;878;1
124455;878;1
124473;878;1
124574;878;1
125043;878;1
125159;878;1
126029;878;1
126294;878;1
126319;878;1
127054;878;1
127215;878;1
127344;878;1
127397;878;1
127398;878;1
127399;878;1
127401;878;1
127402;878;1
127635;878;1
127723;878;1
128656;878;1
128657;878;1
128836;878;1
129307;878;1
129330;878;1
129404;878;1
129453;878;2
129467;878;1
129603;878;1
129995;878;1
130189;878;1
130345;878;1
130435;878;1
130589;878;3
130709;878;1
130896;878;1
131565;878;1
131792;878;1
132563;878;1
132673;878;1
132987;878;1
133293;878;1
133401;878;2
133445;878;1
133583;878;1
133585;878;1
133831;878;1
134406;878;1
134632;878;1
134683;878;1
134722;878;2
134823;878;1
134932;878;1
134977;878;1
135022;878;3
135226;878;1
135288;878;1
135527;878;1
136399;878;3
136530;878;1
137034;878;1
137039;878;1
137063;878;2
137187;878;1
137274;878;7
137308;878;2
137608;878;1
137730;878;1
137755;878;4
137962;878;1
138437;878;1
138788;878;1
139258;878;1
139897;878;1
139975;878;2
140121;878;1
140399;878;1
140575;878;1
140789;878;4
141186;878;1
141208;878;1
141226;878;1
141417;878;2
141433;878;1
141443;878;1
141550;878;1
142054;878;1
142099;878;4
142363;878;3
142564;878;2
142627;878;1
142628;878;1
142953;878;1
143070;878;1
143307;878;1
143987;878;1
144059;878;3
144337;878;1
144850;878;1
144926;878;1
145410;878;1
145764;878;1
146529;878;1
146613;878;1
147000;878;1
147163;878;2
147977;878;3
148076;878;1
148102;878;1
148871;878;1
149084;878;3
149455;878;1
149457;878;1
149564;878;1
149570;878;1
149811;878;1
149938;878;1
150055;878;1
150098;878;2
150574;878;1
150576;878;1
150964;878;1
151030;878;1
151238;878;3
151492;878;1
152089;878;1
152149;878;1
152354;878;1
152510;878;1
152582;878;1
153179;878;1
153768;878;1
154325;878;1
154607;878;1
154989;878;1
155064;878;2
155206;878;1
155917;878;1
155968;878;1
156187;878;1
156752;878;1
156980;878;1
156986;878;1
157379;878;1
157428;878;1
157459;878;1
157651;878;1
157807;878;1
157900;878;1
157953;878;1
158117;878;1
158156;878;15
158545;878;1
158895;878;1
158977;878;1
159273;878;1
159581;878;2
160101;878;1
160176;878;4
160208;878;1
160778;878;1
160983;878;1
161108;878;1
161159;878;1
161166;878;1
161261;878;1
161322;878;1
161396;878;1
161437;878;1
161503;878;1
161764;878;1
161823;878;1
162058;878;1
162544;878;1
162648;878;4
163156;878;1
163508;878;1
163517;878;2
163520;878;3
163712;878;1
164007;878;1
164018;878;1
164067;878;1
164698;878;1
164936;878;1
165041;878;1
165489;878;1
165798;878;1
165867;878;4
166164;878;1
166287;878;1
166439;878;1
166666;878;1
167179;878;1
167349;878;1
167379;878;4
167386;878;1
167389;878;1
167593;878;1
167605;878;1
167637;878;1
168112;878;2
168126;878;1
168537;878;1
168590;878;1
168737;878;1
168755;878;2
168925;878;1
169250;878;1
169289;878;1
169643;878;1
170051;878;1
170235;878;1
170367;878;1
170490;878;1
170628;878;1
170663;878;1
170732;878;2
171228;878;1
171288;878;1
171302;878;1
171597;878;1
172017;878;1
172053;878;2
172100;878;1
172114;878;9
172926;878;1
174065;878;1
174098;878;1
174399;878;1
174711;878;1
175009;878;1
175255;878;1
175311;878;1
175340;878;1
175519;878;1
175698;878;1
175722;878;1
175883;878;1
175964;878;1
175967;878;1
176948;878;1
177866;878;1
177900;878;1
178132;878;1
179035;878;1
179058;878;1
179214;878;1
179224;878;1
179234;878;1
179549;878;1
179651;878;1
179768;878;1
179788;878;1
179895;878;1
179976;878;2
180382;878;1
180682;878;1
180865;878;1
181472;878;1
181660;878;1
182023;878;1
182178;878;1
182188;878;1
182414;878;1
182730;878;3
183111;878;3
184100;878;1
184118;878;4
184451;878;1
184993;878;1
185846;878;1
185851;878;1
186010;878;1
186594;878;1
186840;878;1
187203;878;1
187581;878;1
187973;878;1
188075;878;2
188241;878;1
188487;878;1
188584;878;1
188597;878;1
188732;878;1
188859;878;1
189011;878;1
189338;878;1
189396;878;2
189458;878;1
189632;878;1
189751;878;1
189876;878;1
190354;878;1
190414;878;1
190661;878;1
190959;878;1
191139;878;1
192254;878;1
192637;878;1
192846;878;1
193158;878;1
193230;878;1
193709;878;1
193764;878;1
193848;878;1
194293;878;3
194461;878;1
194533;878;1
194610;878;1
194666;878;1
194915;878;2
195180;878;1
195554;878;1
195571;878;3
195702;878;1
195918;878;1
195959;878;1
196132;878;1
196228;878;1
196507;878;1
197259;878;1
197445;878;1
197476;878;1
198118;878;1
199018;878;1
199081;878;6
199158;878;3
199781;878;2
199882;878;1
199914;878;7
200515;878;1
200680;878;1
200866;878;1
201271;878;3
201485;878;1
201676;878;1
201679;878;1
202088;878;1
202103;878;1
202608;878;1
202815;878;1
202943;878;1
203211;878;1
203332;878;1
203470;878;1
203485;878;1
204009;878;1
204089;878;2
204375;878;2
204385;878;30
204566;878;1
204728;878;1
204896;878;1
204924;878;1
205006;878;1
205149;878;1
205403;878;1
205470;878;1
205854;878;1
206064;878;1
206092;878;1
206643;878;1
206781;878;1
207481;878;1
208394;878;1
208914;878;1
209281;878;1
209485;878;1
209778;878;1
210333;878;1
210448;878;4
210612;878;1
210860;878;2
210966;878;1
211041;878;1
211217;878;1
211715;878;1
211746;878;1
212149;878;1
212491;878;1
213045;878;1
213349;878;1
214042;878;1
214592;878;1
214828;878;1
214971;878;1
215053;878;1
215188;878;1
215207;878;1
215272;878;1
215320;878;1
215666;878;1
215670;878;2
215844;878;1
216137;878;1
216489;878;1
216501;878;2
216646;878;1
217205;878;1
217423;878;1
217717;878;1
217753;878;1
218041;878;1
218709;878;1
219091;878;2
219122;878;1
219308;878;1
219556;878;2
220383;878;1
220500;878;1
220859;878;1
220993;878;1
221077;878;1
221092;878;1
221636;878;1
221653;878;1
221895;878;1
221929;878;1
222141;878;1
222166;878;1
222694;878;1
222736;878;1
223250;878;1
223309;878;2
223521;878;1
223635;878;1
223636;878;1
223745;878;1
224452;878;1
224508;878;1
224796;878;759
225113;878;1
225128;878;1
225336;878;1
225618;878;1
225898;878;1
226106;878;1
226325;878;1
226457;878;1
226814;878;1
227320;878;1
227439;878;6
227827;878;1
228047;878;1
228162;878;1
228167;878;1
228868;878;1
228877;878;1
229810;878;1
230604;878;1
231170;878;294
231607;878;1
231689;878;1
231744;878;1
231788;878;1
231979;878;1
232106;878;1
232109;878;1
232172;878;3
232801;878;3
232804;878;1
232888;878;1
232912;878;1
233578;878;1
233681;878;3
234092;878;1
234295;878;1
234430;878;1
234720;878;1
234729;878;1
234944;878;2
235094;878;1
235113;878;2
236051;878;2
236598;878;1
236888;878;1
236916;878;1
237016;878;1
237222;878;2
237378;878;1
238465;878;1
238550;878;1
239014;878;2
239104;878;1
239563;878;1
239886;878;1
239889;878;1
239912;878;31
239948;878;1
240620;878;1
240989;878;1
241454;878;1
242245;878;1
242302;878;7
242318;878;1
242607;878;1
242664;878;12
243017;878;2
243288;878;1
243504;878;1
243827;878;1
244409;878;1
244529;878;1
244776;878;1
244925;878;2
245027;878;1
245076;878;1
245191;878;1
245752;878;6
245787;878;1
245887;878;1
246239;878;1
246881;878;1
246889;878;1
247062;878;1
247515;878;1
247713;878;9
247916;878;1
248017;878;6
248361;878;1
248510;878;1
248875;878;1
249737;878;1
249836;878;1
250539;878;1
250768;878;1
251589;878;1
251698;878;1
251952;878;1
251961;878;1
252286;878;1
252593;878;1
252661;878;1
252674;878;1
252707;878;1
252966;878;1
253745;878;1
253778;878;1
254057;878;1
254580;878;1
254656;878;1
254670;878;1
255093;878;1
255484;878;1
255731;878;1
256087;878;1
256329;878;1
256525;878;1
256562;878;1
256581;878;1
256606;878;1
256669;878;1
256985;878;1
257336;878;3
257800;878;1
257986;878;12
258397;878;1
258575;878;1
258694;878;4
258887;878;1
259351;878;1
259444;878;1
259661;878;1
259964;878;1
260096;878;1
260486;878;1
260804;878;3
261171;878;1
261402;878;1
261403;878;1
261420;878;1
261793;878;47
261838;878;1
262032;878;1
262193;878;1
262226;878;1
262294;878;3
262473;878;1
262493;878;1
262976;878;2
263087;878;1
263787;878;1
264133;878;1
264639;878;1
264744;878;3
264873;878;8
265329;878;1
265351;878;1
265971;878;1
266324;878;1
266359;878;1
267138;878;1
267424;878;1
267458;878;1
267619;878;1
267702;878;1
267871;878;1
268255;878;1
268329;878;1
268535;878;1
268573;878;1
268629;878;1
268915;878;1
269271;878;1
269273;878;1
269930;878;1
270077;878;1
270547;878;1
270595;878;5
270817;878;1
270974;878;1
271531;878;2
272330;878;3
272354;878;1
272449;878;1
272488;878;1
272686;878;1
273977;878;2
274016;878;1
274309;878;1
274347;878;1
274680;878;1
274817;878;2
274918;878;1
274988;878;1
275253;878;1
275925;878;30
278900;878;1
279295;878;1
279498;878;1
279570;878;1
279757;878;1
279784;878;3
280970;878;1
281385;878;1
281470;878;1
281522;878;1
281874;878;1
283146;878;1
283201;878;1
283568;878;1
283578;878;1
283639;878;1
283805;878;1
284114;878;1
284483;878;1
284656;878;1
284713;878;1
284763;878;1
284904;878;1
284952;878;1
285457;878;1
285516;878;2
285535;878;1
285885;878;1
285907;878;9
285927;878;1
285988;878;2
286376;878;1
286531;878;1
286860;878;1
287495;878;1
287507;878;1
287619;878;1
287728;878;1
287905;878;1
287937;878;1
288172;878;1
288594;878;1
288886;878;1
289022;878;1
289283;878;1
289455;878;1
289486;878;1
289588;878;1
289821;878;1
292238;878;1
292836;878;2
293000;878;1
297321;878;1
297501;878;1
298209;878;1
298466;878;1
298766;878;1
298825;878;1
299676;878;1
299765;878;1
300024;878;1
300032;878;1
301059;878;1
306539;878;1
307781;878;1
311185;878;1
312143;878;1
313090;878;1
313393;878;1
315295;878;1
318662;878;1
319521;878;1
319769;878;1
320519;878;1
328863;878;1
329228;878;2
329902;878;1
330383;878;1
330819;878;2
331543;878;1
332852;878;1
332865;878;1
333692;878;6
333932;878;1
334365;878;1
335547;878;1
335628;878;1
336308;878;1
336589;878;1
338275;878;1
338914;878;2
339455;878;1
339521;878;1
339658;878;1
340802;878;1
340904;878;1
341570;878;1
341572;878;1
342486;878;1
342498;878;1
343562;878;1
344370;878;1
345659;878;1
348973;878;1
349217;878;1
349767;878;1
350586;878;1
351232;878;1
353094;878;1
353828;878;1
353829;878;1
353923;878;1
354167;878;1
354703;878;2
354915;878;1
355061;878;1
355080;878;1
355995;878;1
358572;878;1
361575;878;1
364552;878;2
365627;878;1
366698;878;1
366758;878;1
366830;878;1
366841;878;4
368655;878;1
369946;878;1
369949;878;1
370554;878;3
370757;878;2
372074;878;1
373180;878;1
373651;878;1
374427;878;1
374437;878;1
374443;878;1
374447;878;75
374687;878;1
376899;878;1
377366;878;1
378680;878;1
378761;878;1
379736;878;1
379807;878;1
379884;878;1
380279;878;1
380825;878;1
380923;878;1
380994;878;1
383821;878;1
384021;878;1
385113;878;2
386216;878;1
386362;878;1
387139;878;1
387447;878;1
391234;878;1
392316;878;1
392442;878;1
394261;878;1
394652;878;1
395136;878;2
395858;878;1
396452;878;1
396483;878;1
396734;878;1
397157;878;1
397774;878;1
398188;878;2
398286;878;1
398426;878;1
398623;878;1
398988;878;1
399222;878;1
399335;878;1
399354;878;1
400156;878;1
401767;878;1
403080;878;1
405067;878;1
405346;878;1
405481;878;1
406551;878;1
407236;878;1
408954;878;1
411058;878;1
412530;878;1
412794;878;1
413289;878;1
414934;878;1
416938;878;1
417667;878;1
417991;878;1
418314;878;2
419060;878;1
419832;878;1
420586;878;1
422942;878;1
423582;878;1
428483;878;1
428612;878;1
428648;878;1
428803;878;7
429436;878;1
433248;878;1
434452;878;1
435056;878;1
436119;878;1
437188;878;1
437837;878;1
438613;878;1
438707;878;1
439341;878;1
440293;878;2
440923;878;1
441099;878;2
441423;878;1
441481;878;1
442377;878;1
443497;878;1
444910;878;1
445271;878;1
446433;878;1
446702;878;1
448602;878;1
449080;878;1
449154;878;2
450190;878;1
451345;878;1
453300;878;6
455251;878;1
456152;878;1
459242;878;1
460549;878;1
460788;878;1
461066;878;2
461695;878;1
461804;878;1
462126;878;1
463599;878;1
463895;878;1
464580;878;1
464582;878;1
464872;878;9
465422;878;1
465823;878;1
466044;878;1
466978;878;1
466980;878;1
467174;878;1
467764;878;1
468719;878;1
469203;878;2
470695;878;1
470734;878;1
470928;878;31
474115;878;1
474598;878;1
475645;878;1
475772;878;2
475833;878;1
476279;878;1
476399;878;1
476964;878;1
478451;878;1
478658;878;1
478789;878;1
479230;878;1
479953;878;1
480686;878;1
480720;878;2
480937;878;2
485848;878;1
486815;878;1
487071;878;1
488727;878;1
488985;878;1
489151;878;1
489586;878;1
490129;878;1
490379;878;1
490678;878;1
494680;878;1
497729;878;1
498684;878;1
498911;878;2
499194;878;1
499994;878;1
500279;878;1
501558;878;3
503308;878;1
504933;878;1
506747;878;1
508021;878;1
510088;878;1
513028;878;1
513792;878;1
513965;878;1
515062;878;1
515203;878;1
515468;878;25
515512;878;4
516630;878;1
517670;878;2
519238;878;1
519522;878;1
520530;878;1
520976;878;1
521015;878;1
521459;878;2
521848;878;1
521877;878;10
522693;878;1
523335;878;1
523387;878;1
523688;878;4
523841;878;1
523971;878;1
524582;878;1
524898;878;1
525637;878;1
526608;878;1
527206;878;1
528668;878;1
529422;878;1
529838;878;1
530650;878;1
531073;878;3
531117;878;1
531889;878;3
532072;878;1
532327;878;1
533339;878;1
534356;878;1
534829;878;1
534906;878;1
534962;878;1
536178;878;2
536284;878;1
536980;878;1
537388;878;1
539267;878;2
541322;878;12
541593;878;1
545157;878;1
545902;878;1
546802;878;2
547363;878;2
547538;878;1
548148;878;1
552557;878;1
552560;878;3
553144;878;1
553258;878;1
555311;878;9
555363;878;1
555603;878;1
557143;878;1
557673;878;1
557857;878;2
559095;878;1
560213;878;1
560325;878;2
560646;878;1
560800;878;1
563105;878;1
563120;878;1
563919;878;1
564787;878;1
565132;878;1
565983;878;1
567323;878;1
568228;878;1
568267;878;1
568278;878;1
569279;878;1
572093;878;1
573100;878;3
573247;878;1
574234;878;1
574743;878;2
575746;878;2
576565;878;1
579959;878;1
581532;878;1
583498;878;1
583652;878;2
584890;878;1
585574;878;1
587266;878;1
587388;878;1
587697;878;1
587732;878;1
592023;878;1
592834;878;2
595111;878;1
595379;878;1
595771;878;1
597459;878;1
599309;878;2
599659;878;1
600199;878;2
605671;878;1
606265;878;1
607444;878;1
607526;878;1
608473;878;1
608499;878;1
608624;878;1
608992;878;1
609133;878;1
610071;878;1
611179;878;1
611660;878;1
617838;878;1
617854;878;1
617927;878;1
620263;878;1
621585;878;1
621753;878;1
623154;878;1
623871;878;6
624265;878;1
624291;878;1
624777;878;1
625365;878;1
625375;878;1
626530;878;1
627352;878;1
627837;878;1
627839;878;1
628040;878;1
628581;878;1
629271;878;1
630499;878;1
632817;878;1
633969;878;1
634439;878;1
634572;878;8
635055;878;1
635106;878;1
635134;878;1
635182;878;1
636148;878;1
637071;878;1
637745;878;1
637750;878;1
639464;878;2
640184;878;1
642223;878;1
643746;878;1
643965;878;1
646364;878;3
646964;878;1
648348;878;2
648655;878;1
649604;878;1
651601;878;1
652126;878;2
654360;878;1
654480;878;1
657610;878;1
658447;878;1
659871;878;2
660224;878;2
661655;878;1
662039;878;5
662982;878;1
664628;878;1
665109;878;1
666187;878;1
667134;878;1
667591;878;1
669756;878;1
669998;878;1
670277;878;1
671064;878;1
671084;878;3
671155;878;1
672015;878;1
673706;878;1
673789;878;2
673858;878;1
674844;878;1
676214;878;1
676711;878;1
677313;878;1
677689;878;2
678417;878;1
678888;878;1
679587;878;4
680292;878;1
680947;878;1
681106;878;1
681246;878;1
681301;878;1
683022;878;1
683353;878;3
683354;878;1
684425;878;1
686262;878;1
686286;878;3
686535;878;1
688070;878;1
688081;878;1
688670;878;1
688864;878;1
691335;878;1
692599;878;1
694237;878;1
694756;878;1
695386;878;1
695683;878;1
697211;878;1
697481;878;1
697509;878;1
697652;878;1
700176;878;1
701292;878;1
701870;878;1
702737;878;1
702859;878;2
703068;878;1
704654;878;1
705086;878;1
705142;878;3
705143;878;1
705250;878;1
705789;878;1
706712;878;1
707332;878;1
707575;878;2
707588;878;1
707987;878;1
710162;878;1
713758;878;1
714529;878;1
715756;878;1
717335;878;1
717667;878;1
718986;878;1
719243;878;3
719501;878;1
719722;878;16
720508;878;1
721188;878;1
721364;878;1
721851;878;1
721985;878;1
723638;878;13
725665;878;3
726667;878;1
728029;878;1
730465;878;1
730896;878;1
731644;878;2
732367;878;4
732853;878;1
734436;878;1
735370;878;1
735865;878;1
736719;878;1
737607;878;2
738341;878;4
738586;878;1
738892;878;1
739342;878;1
740947;878;1
741334;878;1
742171;878;1
742240;878;1
743172;878;1
743701;878;9
744259;878;2
745235;878;1
745448;878;1
745500;878;1
747809;878;1
748902;878;1
750057;878;1
750176;878;1
750469;878;1
751393;878;1
752638;878;1
753280;878;1
753347;878;1
753520;878;1
755603;878;1
755674;878;1
755676;878;1
755863;878;1
756008;878;1
756451;878;1
757053;878;1
757497;878;1
757737;878;1
758138;878;1
759038;878;1
760611;878;1
761686;878;2
763141;878;1
764390;878;1
765175;878;1
765336;878;1
766737;878;1
766824;878;1
767290;878;1
767632;878;1
767695;878;1
768819;878;1
768877;878;2
769718;878;1
769890;878;1
770730;878;2
770731;878;1
771528;878;1
773119;878;1
773242;878;2
776763;878;1
778141;878;3
778693;878;1
779592;878;1
781424;878;1
782949;878;1
783049;878;1
783267;878;1
783470;878;1
783805;878;1
784093;878;1
784571;878;1
784625;878;1
785695;878;2
787685;878;1
788756;878;1
788915;878;1
789863;878;1
790848;878;1
791382;878;1
791570;878;1
793122;878;1
793292;878;1
793384;878;1
793702;878;1
793937;878;1
794692;878;1
795327;878;1
795628;878;1
796179;878;1
796238;878;6
796620;878;3
797875;878;2
797935;878;1
797953;878;1
799066;878;1
799824;878;1
800010;878;1
803532;878;1
803788;878;1
804311;878;1
804921;878;1
804959;878;1
808827;878;1
809221;878;1
810544;878;1
810546;878;1
810794;878;1
810826;878;2
811473;878;4
813275;878;2
816826;878;1
818620;878;1
818698;878;1
819466;878;1
820140;878;1
822347;878;1
823746;878;1
824275;878;2
825027;878;1
826779;878;1
827994;878;1
828705;878;1
830259;878;3
834401;878;1
836050;878;1
836239;878;1
837312;878;1
837850;878;1
838829;878;1
839721;878;3
839726;878;2
840384;878;1
840730;878;2
841429;878;1
843213;878;6
843561;878;1
843978;878;1
844135;878;1
844571;878;3
844812;878;1
846630;878;1
847152;878;6
847335;878;1
847561;878;1
847850;878;1
848679;878;1
849869;878;1
850459;878;1
850734;878;1
852281;878;3
852311;878;2
853406;878;3
854477;878;1
854615;878;1
855754;878;1
857336;878;2
858530;878;1
859498;878;1
860204;878;1
860814;878;1
862467;878;1
862737;878;1
863189;878;1
863267;878;1
866143;878;1
866298;878;3
866531;878;1
867687;878;1
867745;878;1
868561;878;1
868643;878;1
869326;878;1
869602;878;1
871092;878;1
871473;878;1
871820;878;2
872461;878;1
874180;878;1
876209;878;1
877786;878;1
878877;878;1
881097;878;1
882296;878;1
882525;878;1
882630;878;7
883969;878;1
884139;878;1
884453;878;1
887882;878;2
888225;878;1
889975;878;3
890633;878;1
892871;878;2
893360;878;1
893598;878;1
893702;878;1
894886;878;1
895257;878;2
897076;878;1
897320;878;1
898067;878;2
899783;878;1
901066;878;1
901646;878;1
901747;878;4
901960;878;1
902424;878;1
904204;878;1
905331;878;1
906228;878;1
906752;878;5
907213;878;1
908566;878;1
908741;878;2
908849;878;1
909886;878;1
910532;878;1
911582;878;2
913510;878;1
913974;878;1
914102;878;1
915507;878;1
916701;878;2
917461;878;1
918447;878;1
918696;878;1
919095;878;1
919254;878;1
919344;878;1
920850;878;1
922097;878;1
922335;878;1
922737;878;1
923169;878;1
924079;878;3
924081;878;1
924167;878;1
924975;878;1
925759;878;1
927623;878;1
930650;878;1
931792;878;1
932276;878;1
932377;878;1
932585;878;1
932658;878;1
932868;878;1
933439;878;1
933967;878;1
934778;878;1
934813;878;1
935144;878;1
935266;878;1
935777;878;1
935854;878;1
936845;878;1
937112;878;4
939431;878;1
940235;878;1
940346;878;1
940457;878;1
941132;878;1
941585;878;1
942938;878;1
943037;878;1
943229;878;1
944415;878;1
944536;878;1
945551;878;1
945778;878;1
947053;878;2
947111;878;1
948026;878;1
948619;878;1
948720;878;1
950720;878;1
950850;878;1
951025;878;1
952119;878;1
952201;878;3
952551;878;1
952825;878;1
953363;878;1
953630;878;1
953784;878;1
955637;878;2
955684;878;1
957096;878;1
957793;878;1
959051;878;1
959438;878;1
963131;878;2
963320;878;1
963650;878;1
965247;878;1
965509;878;1
966278;878;1
966688;878;1
966798;878;1
969206;878;1
969676;878;1
969719;878;1
969920;878;1
970073;878;1
970145;878;3
970358;878;1
970641;878;1
970721;878;2
970851;878;1
972813;878;1
972897;878;1
973582;878;1
974111;878;2
976377;878;1
976917;878;1
977135;878;1
977159;878;1
977692;878;1
977779;878;1
978367;878;1
978698;878;2
979235;878;1
980023;878;2
980310;878;1
981583;878;1
982140;878;1
983491;878;3
983920;878;1
985676;878;1
985976;878;1
986517;878;1
987644;878;1
988142;878;1
988497;878;1
988654;878;1
989194;878;11
990470;878;1
990826;878;1
991304;878;1
991370;878;1
993533;878;1
993794;878;1
994491;878;1
994538;878;1
994710;878;1
995508;878;1
995930;878;1
996938;878;1
997094;878;3
997299;878;1
998280;878;1
998884;878;1
999831;878;1
1000201;878;1
1000833;878;1
1001014;878;2
1001579;878;1
1002913;878;1
1005202;878;1
1005673;878;1
1005883;878;1
1008690;878;1
1009078;878;1
1010653;878;1
1010833;878;1
1011997;878;1
1012106;878;1
1013426;878;1
1014892;878;1
1015152;878;1
1015674;878;1
1017283;878;1
1017705;878;1
1019573;878;2
1021278;878;1
1021292;878;1
1021319;878;1
1022807;878;1
1022992;878;3
1023190;878;1
1023652;878;3
1025305;878;1
1027377;878;1
1027620;878;2
1028542;878;1
1030035;878;1
1030349;878;1
1030524;878;1
1031625;878;1
1032198;878;1
1033110;878;1
1033738;878;1
1035717;878;1
1035758;878;1
1036770;878;1
1040283;878;4
1041045;878;1
1041170;878;1
1041215;878;1
1043256;878;1
1044028;878;1
1044272;878;1
1044846;878;3
1046739;878;1
1047552;878;1
1047769;878;1
1047816;878;2
1048870;878;4
1049085;878;1
1050055;878;1
1050642;878;1
1050821;878;2
1051297;878;1
1051823;878;1
1055040;878;1
1055555;878;1
1056241;878;1
1056519;878;1
1056834;878;1
1057411;878;1
1058393;878;1
1058483;878;1
1058680;878;1
1061257;878;15
1062930;878;1
1063037;878;1
1064459;878;1
1065383;878;1
1065731;878;1
1067364;878;1
1068120;878;1
1068210;878;1
1069335;878;1
1069528;878;1
1069995;878;1
1070420;878;1
1071320;878;1
1072539;878;1
1073524;878;2
1074409;878;1
1077544;878;1
1079288;878;1
1080219;878;1
1081871;878;1
1082405;878;1
1082438;878;1
1082922;878;1
1083000;878;1
1083183;878;1
1084178;878;1
1085200;878;1
1086014;878;1
1086029;878;4
1086623;878;1
1086714;878;1
1087216;878;1
1087455;878;1
1087477;878;1
1087819;878;1
1088684;878;1
1088870;878;1
1089529;878;3
1091814;878;1
1092351;878;1
1093684;878;1
1095060;878;1
1095304;878;1
1095837;878;1
1099407;878;1
1099852;878;1
1100366;878;1
1101541;878;1
1101603;878;1
1103029;878;1
1103859;878;1
1104691;878;1
1106250;878;1
1108647;878;1
1109271;878;1
1109919;878;1
1110215;878;1
1110403;878;1
1110619;878;1
1110761;878;2
1113963;878;1
1114373;878;1
1114448;878;1
1115640;878;1
1116963;878;2
1117409;878;1
1117824;878;1
1118194;878;1
1118236;878;1
1119544;878;2
1120164;878;1
1121410;878;1
1121411;878;1
1122313;878;1
1124384;878;1
1126102;878;1
1126158;878;3
1127073;878;1
1127581;878;1
1127740;878;1
1128704;878;1
1129595;878;1
1130469;878;1
1131156;878;1
1131534;878;2
1131848;878;6
1132025;878;4
1132644;878;1
1132753;878;1
1134172;878;1
1134395;878;1
1134744;878;1
1136021;878;1
1136263;878;1
1136941;878;1
1137276;878;1
1139146;878;1
1139573;878;1
1141348;878;1
1142310;878;1
1142423;878;1
1142459;878;2
1142734;878;1
1143153;878;1
1144083;878;1
1144089;878;1
1145001;878;1
1145661;878;1
1147630;878;1
1147738;878;7
1148379;878;2
1151301;878;1
1151702;878;1
1151943;878;1
1154520;878;1
1156416;878;1
1156853;878;1
1158391;878;1
1158853;878;1
1161710;878;1
1162288;878;1
1162651;878;1
1163739;878;1
1164993;878;2
1165006;878;1
1165143;878;1
1165594;878;1
1167777;878;1
1167837;878;1
1168312;878;1
1168935;878;4
1169439;878;1
1171091;878;1
1171512;878;4
1172832;878;1
1176082;878;1
1176944;878;1
1177329;878;1
1178344;878;1
1178703;878;1
1178768;878;1
1182796;878;1
1183136;878;1
1183690;878;1
1183900;878;1
1184316;878;1
1190364;878;1
1190774;878;1
1191353;878;1
1192494;878;1
1192790;878;1
1193658;878;1
1194411;878;1
1195203;878;1
1196303;878;1
1196380;878;1
1196836;878;1
1197553;878;2
1198346;878;1
1198830;878;1
1199001;878;1
1199315;878;1
1199820;878;1
1200504;878;1
1201421;878;1
1202042;878;1
1203001;878;2
1203187;878;1
1203956;878;1
1205542;878;1
1206014;878;1
1206349;878;1
1206767;878;1
1206769;878;1
1206778;878;1
1207060;878;1
1207778;878;4
1209301;878;1
1209396;878;1
1209452;878;1
1210688;878;1
1210816;878;1
1211078;878;1
1211294;878;1
1213016;878;1
1214466;878;1
1214790;878;1
1217349;878;2
1217461;878;1
1218556;878;1
1219365;878;1
1220149;878;1
1220547;878;1
1221310;878;1
1221336;878;1
1223168;878;1
1223279;878;1
1223588;878;1
1225990;878;9
1227271;878;1
1227640;878;1
1228047;878;1
1229762;878;2
1230405;878;3
1231912;878;1
1233347;878;1
1234569;878;1
1234672;878;1
1235418;878;1
1235420;878;1
1235784;878;1
1236281;878;4
1236822;878;3
1236889;878;1
1237854;878;1
1240544;878;1
1243365;878;1
1243622;878;1
1245223;878;2
1245316;878;1
1246181;878;1
1246632;878;1
1249063;878;1
1251790;878;1
1252767;878;1
1253871;878;1
1254462;878;1
1255358;878;1
1255842;878;1
1257039;878;1
1257261;878;1
1258510;878;1
1258965;878;1
1259160;878;1
1260123;878;1
1262674;878;1
1264142;878;1
1264813;878;1
1264943;878;1
1265257;878;3
1266904;878;1
1267116;878;1
1267323;878;1
1268025;878;2
1268242;878;1
1268454;878;1
1269989;878;1
1270630;878;1
1272238;878;1
1272747;878;2
1272810;878;2
1273326;878;1
1273938;878;1
1274088;878;1
1276537;878;1
1276923;878;1
1278214;878;1
1281114;878;1
1281553;878;1
1282578;878;5
1283607;878;1
1283699;878;1
1286485;878;1
1286590;878;1
1286766;878;1
1286895;878;1
1288360;878;1
1289342;878;1
1289587;878;4
1290446;878;1
1292563;878;1
1292926;878;1
1294194;878;1
1295276;878;1
1295556;878;1
1296108;878;1
1296775;878;3
1297420;878;1
1299419;878;1
1299683;878;1
1300246;878;1
1302726;878;1
1305036;878;2
1305316;878;1
1306358;878;1
1306545;878;1
1308298;878;1
1310581;878;19
1311564;878;1
1312404;878;1
1313572;878;1
1315222;878;1
1315476;878;1
1315630;878;2
1315923;878;2
1316105;878;1
1317622;878;1
1317742;878;1
1317873;878;1
1319179;878;1
1319422;878;2
1320028;878;1
1320088;878;1
1320194;878;2
1321037;878;1
1321059;878;1
1321301;878;1
1322213;878;1
1322361;878;1
1322461;878;1
1323233;878;2
1323766;878;1
1324630;878;6
1325058;878;1
1329101;878;1
1329198;878;1
1334303;878;1
1336500;878;1
1337816;878;1
1337960;878;1
1338918;878;1
1339171;878;1
1339212;878;1
1339994;878;1
1340272;878;1
1340697;878;1
1341891;878;1
1341902;878;1
1341931;878;1
1346117;878;1
1346390;878;1
1349005;878;1
1349813;878;1
1351307;878;1
1351985;878;1
1352165;878;1
1353346;878;1
1353561;878;1
1355126;878;1
1355308;878;1
1356528;878;1
1357772;878;1
1357981;878;1
1358652;878;1
1361473;878;1
1362731;878;1
1363166;878;1
1363492;878;2
1364673;878;1
1366747;878;1
1367128;878;1
1367329;878;3
1367974;878;1
1368559;878;1
1368686;878;1
1369159;878;1
1369255;878;2
1371829;878;1
1372171;878;1
1373328;878;1
1377323;878;1
1378003;878;1
1378601;878;1
1379512;878;1
1379789;878;1
1383570;878;1
1385412;878;1
1385564;878;1
1387404;878;1
1393792;878;1
1393942;878;1
1394910;878;1
1395971;878;1
1398140;878;1
1399317;878;1
1400272;878;1
1405646;878;1
1406999;878;1
1407945;878;1
1409514;878;1
1409688;878;1
1409698;878;2
1409908;878;1
1410694;878;1
1410832;878;1
1411251;878;1
1412538;878;1
1412708;878;1
1413308;878;1
1416134;878;1
1417445;878;1
1419062;878;1
1419157;878;1
1419541;878;1
1420237;878;1
1421996;878;1
1422777;878;1
1422879;878;1
1425581;878;5
1426257;878;1
1426786;878;2
1427472;878;1
1427996;878;1
1428731;878;1
1429243;878;2
1429784;878;1
1429829;878;1
1430030;878;2
1430502;878;1
1430732;878;2
1432005;878;1
1432643;878;1
1433445;878;1
1433920;878;1
1435083;878;1
1436014;878;1
1436364;878;1
1436923;878;1
1436971;878;2
1437386;878;1
1437480;878;1
1437488;878;1
1437711;878;1
1438172;878;1
1438987;878;1
1439115;878;1
1440604;878;1
1441127;878;1
1441374;878;1
1441939;878;1
1442585;878;6
1443318;878;1
1443816;878;1
1444428;878;1
1446735;878;1
1446806;878;1
1447841;878;1
1449165;878;1
1449522;878;1
1449682;878;1
1451155;878;1
1451297;878;1
1451488;878;2
1452337;878;1
1454036;878;1
1454150;878;2
1454653;878;1
1454694;878;1
1454786;878;1
1455156;878;1
1456595;878;1
1456928;878;2
1459624;878;1
1459844;878;1
1459963;878;1
1460841;878;1
1462684;878;1
1462977;878;1
1463669;878;1
1463789;878;1
1465690;878;1
1466625;878;2
1467563;878;1
1467901;878;1
1468754;878;1
1471055;878;1
1471686;878;1
1472184;878;1
1473339;878;1
1473817;878;5
1473867;878;1
1475072;878;1
1475754;878;1
1476437;878;1
1476776;878;1
1477988;878;1
1479215;878;1
1481563;878;1
1483384;878;1
1483439;878;1
1483477;878;1
1484336;878;1
1487262;878;1
1489674;878;1
1490002;878;1
1490189;878;1
1490238;878;5
1490444;878;1
1493677;878;1
1493864;878;1
1494647;878;1
1494753;878;1
1496379;878;1
1496678;878;1
1497494;878;2
1498891;878;1
1499814;878;1
1502903;878;1
1503816;878;1
1505460;878;1
1505698;878;1
1506540;878;1
1506635;878;1
1506660;878;2
1506685;878;1
1506963;878;1
1508874;878;1
1509547;878;1
1511403;878;6
1513398;878;2
1515208;878;1
1517708;878;1
1519176;878;1
1521243;878;1
1521416;878;1
1524267;878;1
1524421;878;1
1525256;878;1
1525426;878;1
1526273;878;3
1526364;878;3
1528417;878;1
1528589;878;1
1530267;878;1
1530278;878;34
1531098;878;1
1532266;878;1
1532517;878;1
1533498;878;1
1534169;878;1
1535105;878;1
1535215;878;1
1535802;878;2
1536497;878;1
1539950;878;1
1539985;878;1
1540804;878;1
1543337;878;1
1544338;878;1
1544663;878;1
1545341;878;1
1546097;878;2
1546346;878;1
1546575;878;1
1546993;878;1
1547425;878;1
1547434;878;1
1547522;878;1
1548073;878;3
1550194;878;1
1550214;878;1
1553093;878;1
1555146;878;1
1555757;878;1
1555837;878;1
1555839;878;1
1555963;878;1
1556608;878;1
1559109;878;2
1562280;878;1
1562984;878;3
1564628;878;1
1564658;878;1
1565202;878;1
1565655;878;1
1566062;878;1
1566579;878;1
1566899;878;1
1566972;878;1
1567583;878;1
1567751;878;1
1567977;878;2
1570703;878;1
1571950;878;1
1573406;878;1
1573489;878;1
1574804;878;1
1575044;878;2
1575084;878;1
1576049;878;1
1577508;878;1
1577619;878;1
1577670;878;1
1578540;878;1
1579213;878;3
1579504;878;1
1582300;878;1
1585467;878;1
1586576;878;1
1586713;878;1
1587031;878;1
1587515;878;2
1587546;878;1
1587988;878;1
1588341;878;1
1589479;878;1
1589923;878;1
1590463;878;1
1590579;878;1
1592718;878;1
1592761;878;1
1593287;878;1
1594552;878;2
1596571;878;1
1600334;878;1
1602182;878;1
1602725;878;1
1603998;878;1
1604358;878;2
1604949;878;1
1606539;878;1
1606602;878;1
1608089;878;1
1608325;878;1
1609701;878;44
1611194;878;1
1611981;878;1
1612562;878;1
1612978;878;1
1616343;878;1
1616805;878;1
1618204;878;1
1618945;878;1
1619584;878;1
1619637;878;1
1620271;878;2
1623018;878;1
1623906;878;1
1624359;878;3
1625427;878;1
1625892;878;1
1627721;878;1
1628962;878;1
1629375;878;1
1629885;878;1
1630256;878;1
1631185;878;1
1635435;878;1
1636796;878;1
1639011;878;1
1639243;878;1
1639513;878;1
1639964;878;1
1640611;878;1
1641447;878;1
1641809;878;1
1643676;878;1
1647469;878;1
1649034;878;1
1651096;878;1
1651650;878;1
1652258;878;1
1655253;878;1
1655705;878;1
1657147;878;1
1657238;878;1
1657484;878;2
1657908;878;1
1658033;878;1
1658766;878;1
1659172;878;1
1660996;878;1
1661137;878;1
1661662;878;1
1663098;878;1
1664558;878;1
1665744;878;1
1667044;878;1
1668030;878;1
1668298;878;2
1669536;878;1
1670721;878;2
1671033;878;1
1671243;878;1
1672385;878;1
1672583;878;1
1672919;878;1
1673976;878;1
1674571;878;1
1674671;878;1
1674894;878;1
1675184;878;1
1677583;878;1
1678992;878;1
1680707;878;2
1684667;878;1
1684838;878;1
1686977;878;1
1687408;878;11
1687557;878;1
1688115;878;1
1689638;878;1
1691495;878;1
1692094;878;1
1693047;878;1
1694476;878;1
1695417;878;1
1695502;878;2
1698124;878;1
1698227;878;1
1698424;878;1
1698737;878;1
1699167;878;1
1699673;878;1
1700286;878;2
1700738;878;1
1700830;878;1
1700955;878;1
1701438;878;1
1702665;878;1
1702705;878;1
1704580;878;1
1705219;878;1
1706138;878;1
1706492;878;1
1708838;878;1
1711009;878;1
1712292;878;1
1713421;878;1
1713777;878;1
1713809;878;1
1714283;878;1
1716241;878;1
1716864;878;1
1716913;878;1
1717249;878;1
1718558;878;1
1720182;878;1
1720406;878;1
1720500;878;1
1720526;878;1
1721940;878;1
1722286;878;1
1722876;878;1
1723090;878;1
1723986;878;1
1724478;878;1
1724610;878;1
1725225;878;35
1725771;878;1
1726199;878;1
1727044;878;3
1727402;878;1
1728664;878;2
1731096;878;1
1733861;878;1
1734702;878;1
1734783;878;1
1735487;878;2
1735490;878;1
1735892;878;2
1736678;878;1
1736863;878;1
1738163;878;1
1738498;878;1
1739524;878;1
1740028;878;1
1741097;878;3
1741277;878;1
1741437;878;1
1741830;878;1
1743534;878;1
1743562;878;1
1745129;878;1
1745678;878;1
1747350;878;1
1747409;878;1
1748117;878;1
1748287;878;1
1748510;878;1
1748634;878;1
1749050;878;1
1749257;878;1
1749382;878;1
1750947;878;1
1753210;878;1
1753973;878;2
1754067;878;1
1754336;878;1
1755052;878;2
1756319;878;1
1756355;878;1
1756965;878;3
1757264;878;1
1757927;878;1
1758121;878;1
1758870;878;1
1759789;878;2
1760506;878;1
1764013;878;1
1764039;878;259
1764360;878;1
1765047;878;1
1766007;878;2
1767157;878;1
1767179;878;2
1768256;878;1
1768715;878;1
1769362;878;1
1769639;878;1
1770035;878;2
1770984;878;1
1771637;878;1
1771821;878;1
1771982;878;1
1773339;878;1
1776754;878;2
1777298;878;1
1779672;878;1
1779960;878;1
1781550;878;1
1785012;878;1
1785253;878;1
1785900;878;1
1786558;878;1
1786680;878;1
1786711;878;1
1786726;878;1
1786964;878;1
1787612;878;1
1788383;878;1
1788656;878;1
1789477;878;1
1789495;878;1
1789506;878;1
1791251;878;4
1792054;878;1
1792257;878;1
1792778;878;1
1793984;878;1
1794151;878;1
1794290;878;1
1795688;878;1
1796094;878;1
1796513;878;1
1797253;878;1
1800317;878;3
1803821;878;1
1804357;878;1
1806344;878;1
1807006;878;1
1807462;878;1
1808514;878;1
1809508;878;2
1809688;878;1
1809829;878;1
1810887;878;1
1812075;878;1
1813655;878;8
1816471;878;1
1816507;878;1
1816681;878;1
1817066;878;1
1817171;878;1
1817651;878;1
1817980;878;1
1818330;878;1
1818557;878;1
1818665;878;1
1818746;878;1
1819240;878;1
1819738;878;1
1820401;878;1
1820978;878;1
1821391;878;1
1821995;878;1
1823121;878;1
1823824;878;1
1825065;878;1
1827946;878;1
1828170;878;1
1829445;878;1
1832998;878;1
1833337;878;2
1834781;878;1
1835239;878;1
1835542;878;1
1835649;878;1
1836035;878;1
1841166;878;2
1843464;878;1
1844982;878;1
1845488;878;4
1845716;878;1
1848895;878;1
1849397;878;1
1850861;878;1
1851436;878;1
1851982;878;1
1852290;878;1
1852936;878;1
1853422;878;1
1855499;878;1
1855538;878;1
1856613;878;1
1856738;878;1
1857014;878;1
1857384;878;1
1858862;878;1
1859191;878;1
1863322;878;1
1863338;878;1
1863419;878;2
1863507;878;1
1864308;878;1
1865110;878;1
1866880;878;1
1870707;878;1
1871284;878;1
1871543;878;1
1872180;878;1
1873297;878;1
1874328;878;1
1877616;878;1
1878034;878;1
1878336;878;1
1878541;878;3
1879611;878;1
1879949;878;1
1880270;878;1
1880932;878;1
1881245;878;1
1881256;878;1
1883245;878;1
1883951;878;1
1884104;878;5
1884119;878;1
1884650;878;1
1885579;878;1
1885678;878;3
1886217;878;1
1887662;878;1
1888116;878;1
1888133;878;1
1888591;878;1
1889962;878;1
1890873;878;1
1891241;878;1
1892307;878;1
1892402;878;1
1892452;878;1
1896038;878;1
1896409;878;1
1896706;878;1
1897948;878;1
1898294;878;1
1898434;878;1
1899181;878;1
1900107;878;1
1900198;878;1
1900456;878;1
1902494;878;1
1902570;878;1
1903014;878;1
1906004;878;1
1906148;878;1
1908120;878;1
1908585;878;1
1908690;878;1
1908941;878;1
1910717;878;1
1911559;878;1
1911664;878;1
1911795;878;1
1912212;878;1
1912228;878;1
1913173;878;1
1913344;878;1
1913849;878;1
1914186;878;1
1914827;878;3
1914991;878;2
1915121;878;1
1916104;878;1
1916282;878;1
1919552;878;1
1921384;878;1
1922200;878;1
1922747;878;1
1923208;878;1
1923358;878;1
1923611;878;2
1923712;878;1
1924252;878;1
1924254;878;1
1924260;878;1
1924716;878;1
1925290;878;1
1925470;878;1
1926314;878;1
1926668;878;1
1927218;878;3
1928199;878;1
1928707;878;1
1928897;878;1
1928946;878;1
1930488;878;1
1932856;878;1
1933412;878;1
1934108;878;1
1936319;878;1
1937505;878;1
1937725;878;1
1939609;878;1
1940757;878;1
1942662;878;1
1944029;878;1
1944843;878;2
1946156;878;1
1947686;878;1
1948233;878;1
1949021;878;2
1951141;878;1
1951735;878;1
1951854;878;1
1952994;878;1
1953772;878;1
1954826;878;1
1954897;878;1
1955658;878;1
1957576;878;1
1958037;878;1
1959803;878;1
1960351;878;1
1961214;878;1
1961348;878;1
1963668;878;1
1965201;878;2
1965835;878;1
1968151;878;1
1968680;878;1
1969947;878;2
1970459;878;1
1972330;878;1
1972395;878;1
1973624;878;1
1973961;878;1
1974121;878;1
1975468;878;1
1976017;878;1
1976712;878;1
1976832;878;1
1977244;878;1
1977316;878;1
1977387;878;1
1979003;878;1
1979136;878;1
1979956;878;1
1979998;878;1
1981416;878;1
1981458;878;1
1982017;878;1
1982239;878;1
1984782;878;1
1986340;878;18
1986553;878;1
1988471;878;1
1989255;878;1
1992462;878;1
1992696;878;1
1995052;878;1
1995061;878;1
1995435;878;1
1996327;878;1
1996806;878;1
1997169;878;1
1997714;878;1
1999577;878;1
2000931;878;1
2000994;878;1
2001792;878;3
2002213;878;1
2007365;878;1
2008278;878;1
2008947;878;1
2009605;878;1
2010079;878;1
2011293;878;1
2013149;878;3
2014132;878;1
2014479;878;1
2014584;878;1
2014599;878;2
2015185;878;1
2015216;878;1
2015217;878;1
2015298;878;1
2015376;878;2
2015491;878;1
2015612;878;1
2016580;878;1
2018182;878;1
2018663;878;4
2019648;878;1
2019833;878;1
2020102;878;4
2020880;878;1
2021107;878;1
2021782;878;1
2023471;878;1
2026151;878;1
2027718;878;1
2027908;878;1
2028676;878;1
2029058;878;2
2029377;878;1
2029516;878;9
2034321;878;2
2035973;878;1
2036008;878;1
2037456;878;1
2038110;878;1
2038188;878;1
2038208;878;1
2038881;878;1
2045783;878;1
2046027;878;1
2046779;878;1
2047334;878;1
2048081;878;1
2050039;878;1
2050861;878;1
2051270;878;1
2051290;878;1
2051807;878;1
2053501;878;3
2053984;878;1
2054092;878;1
2054535;878;1
2054655;878;1
2056218;878;1
2056461;878;1
2056839;878;1
2058002;878;1
2058434;878;4
2058641;878;1
2059421;878;1
2060080;878;1
2060836;878;1
2060973;878;1
2061161;878;1
2061297;878;1
2062446;878;1
2062599;878;3
2064792;878;1
2065016;878;1
2065024;878;1
2065439;878;1
2065561;878;1
2065670;878;1
2065907;878;1
2066091;878;2
2066661;878;2
2067216;878;1
2067989;878;1
2068395;878;3
2068628;878;1
2070390;878;1
2070638;878;1
2070648;878;1
2070742;878;1
2071741;878;1
2075884;878;1
2075887;878;1
2077804;878;1
2079102;878;1
2082628;878;1
2082741;878;1
2083133;878;3
2083846;878;1
2084175;878;1
2085317;878;3
2085334;878;1
2086971;878;1
2088031;878;1
2088413;878;2
2093094;878;1
2093731;878;2
2094158;878;1
2095442;878;1
2095487;878;1
2100569;878;1
2100728;878;2
2102690;878;1
2103279;878;2
2103496;878;2
2105550;878;1
2110833;878;1
2111788;878;1
2111817;878;1
2113318;878;1
2115308;878;1
2116635;878;1
2120700;878;1
2120912;878;1
2121049;878;1
2121257;878;3
2124263;878;1
2125960;878;1
2127577;878;1
2127779;878;2
2127903;878;1
2128778;878;1
2133659;878;1
2134615;878;1
2134797;878;1
2137753;878;1
2138795;878;1
2138823;878;1
2138903;878;1
2139130;878;1
2139258;878;2
2141264;878;2
2142632;878;1
2145009;878;1
2145195;878;1
2146582;878;1
2146729;878;1
2146850;878;1
2148074;878;1
2148139;878;1
2148159;878;3
2148397;878;3
2149403;878;1
2149789;878;1
2150412;878;1
2150678;878;1
2151124;878;1
2151229;878;1
2153499;878;1
2155042;878;1
2155718;878;1
2157164;878;1
2161406;878;1
2161605;878;1
2163191;878;2
2163733;878;1
2163821;878;2
2164470;878;1
2164712;878;3
2164872;878;3
2165014;878;1
2167354;878;1
2170312;878;1
2170687;878;3
2171876;878;1
2176549;878;1
2177053;878;1
2177683;878;1
2178353;878;1
2179371;878;1
2180806;878;1
2182844;878;1
2182864;878;1
2183417;878;1
2184938;878;1
2186342;878;1
2189554;878;1
2193894;878;1
2194084;878;1
2195828;878;1
2198916;878;1
2200821;878;1
2203283;878;1
2209542;878;3
2210041;878;1
2214927;878;1
2215516;878;1
2215815;878;1
2215873;878;1
2216445;878;1
2223342;878;1
2226666;878;1
2227060;878;1
2227742;878;1
2234650;878;1
2234886;878;1
2240018;878;1
2245066;878;1
2246607;878;1
2247732;878;1
2252490;878;1
2253702;878;5
2256128;878;1
2259687;878;1
2261896;878;1
2267179;878;1
2268104;878;1
2270501;878;1
2273771;878;1
2274092;878;1
2280790;878;1
2287647;878;1
2290078;878;2
2292367;878;1
2299561;878;1
2303413;878;2
2304982;878;1
2305307;878;2
2306395;878;1
2308065;878;6
2310383;878;1
2312062;878;1
2312503;878;1
2323750;878;1
2335286;878;2
2339798;878;1
2343538;878;1
2345107;878;1
2346681;878;1
2347056;878;11
2347810;878;1
2348297;878;2
2348639;878;2
2375414;878;1
2404209;878;1
2409204;878;1
2410052;878;1
2410617;878;1
2411910;878;1
2417899;878;1
2422437;878;1
2422634;878;1
2424424;878;6
2424947;878;1
2430092;878;1
2430225;878;1
2430882;878;1
2435840;878;1
2439662;878;1
2442915;878;1
2445202;878;1
2445271;878;1
2446661;878;1
2449428;878;1
2449867;878;1
2450812;878;7
2450829;878;1
2451484;878;1
2451884;878;1
2453013;878;1
2455031;878;1
2455181;878;1
2456422;878;1
2457323;878;1
2457724;878;1
2458066;878;1
2458171;878;1
2458322;878;1
2458373;878;1
2458966;878;2
2459523;878;1
2459530;878;1
2460516;878;1
2461945;878;1
2462450;878;1
2462803;878;1
2462952;878;1
2466631;878;1
2466894;878;1
2467731;878;1
2468692;878;1
2471313;878;1
2473381;878;5
2475520;878;14
2479505;878;3
2480981;878;1
2484285;878;1
2485337;878;1
2485442;878;1
2486033;878;1
2486631;878;1
2486850;878;1
2492625;878;1
2495309;878;1
2495400;878;1
2495638;878;1
2500359;878;1
2501007;878;1
2504323;878;1
2505952;878;1
2512949;878;1
2515861;878;1
2516175;878;1
2516798;878;1
2517974;878;1
2521528;878;1
2523287;878;1
2525471;878;1
19908;906;1
1316105;906;1
1625427;906;1
2075887;906;1
2214927;906;1
7531;985;1
13576;985;1
15755;985;1
19199;985;146
19272;985;3
27092;985;3
30678;985;1
34203;985;1
36564;985;1
41935;985;1
43215;985;1
49509;985;3
52140;985;1
56358;985;5
64322;985;567
71455;985;1
71931;985;2
81670;985;3
90456;985;2
94021;985;1
97276;985;1
137274;985;1
139897;985;58
140789;985;1
149938;985;1
157807;985;1
160176;985;1
199081;985;3
234729;985;1
236916;985;1
267702;985;1
395858;985;1
400156;985;2
408954;985;1
438707;985;1
455251;985;1
475772;985;5
480937;985;1
497729;985;1
499994;985;1
508021;985;1
513028;985;1
585574;985;2
595379;985;1
595771;985;6
623154;985;1
681106;985;1
753520;985;4
799824;985;8
804959;985;1
852281;985;2
857336;985;1
878877;985;3
919344;985;1
927623;985;1
932658;985;3
936845;985;1
947053;985;1
1014892;985;1
1048870;985;2
1051823;985;1
1103859;985;1
1128704;985;1
1132025;985;1
1139573;985;1
1141348;985;1
1142459;985;2
1147738;985;5
1219365;985;1
1315630;985;1
1320028;985;7
1324630;985;1
1410832;985;327
1419157;985;1
1427472;985;1
1427996;985;1
1438172;985;1
1438987;985;5
1443816;985;2
1477988;985;1
1483384;985;4
1513398;985;2
1525256;985;2
1534169;985;1
1592718;985;3
1658766;985;2
1668298;985;1
1708838;985;2
1749257;985;1
1759789;985;5
1764039;985;3
1767157;985;2
1788383;985;1
1806344;985;1
1834781;985;86
1863507;985;1
1926668;985;1
1937505;985;5
1977387;985;1
2083133;985;1
2308065;985;1
2515861;985;10
878;1107;1
1872;1107;1
4672;1107;2
4876;1107;1
9128;1107;1
27720;1107;1
35006;1107;1
45214;1107;1
74136;1107;1
74938;1107;1
82740;1107;2
112360;1107;1
149938;1107;1
187973;1107;1
214042;1107;1
231170;1107;1
252674;1107;1
252707;1107;1
374447;1107;1
387447;1107;1
449154;1107;1
630499;1107;1
634572;1107;1
635134;1107;1
694237;1107;1
745500;1107;1
796620;1107;2
953363;1107;1
1134395;1107;2
1165143;1107;1
1268242;1107;1
1319422;1107;1
1556608;1107;2
1906004;1107;1
1924260;1107;1
1949021;1107;1
2164872;1107;1
2603;1472;1
19469;1472;1
22482;1472;2
37451;1472;2
59491;1472;1
72843;1472;2
74052;1472;1
97276;1472;1
101779;1472;1
124473;1472;2
172100;1472;2
188732;1472;1
196507;1472;1
211041;1472;4
214042;1472;1
225336;1472;1
252286;1472;1
252674;1472;1
255731;1472;2
267138;1472;1
279498;1472;1
283146;1472;2
284713;1472;1
287937;1472;4
298466;1472;1
339521;1472;1
350586;1472;1
370757;1472;1
395858;1472;1
455251;1472;1
497729;1472;1
565132;1472;1
634572;1472;2
635134;1472;1
670277;1472;1
694756;1472;2
706712;1472;4
745500;1472;1
844812;1472;1
898067;1472;1
932276;1472;1
1012106;1472;1
1035758;1472;1
1044028;1472;1
1088684;1472;1
1137276;1472;1
1158853;1472;1
1191353;1472;1
1217349;1472;3
1316105;1472;1
1325058;1472;1
1355126;1472;1
1447841;1472;1
1459624;1472;1
1460841;1472;1
1467901;1472;1
1477988;1472;1
1535105;1472;1
1553093;1472;1
1556608;1472;1
1660996;1472;1
1720406;1472;2
1726199;1472;1
1748287;1472;1
1773339;1472;5
1816471;1472;1
1851436;1472;1
1903014;1472;1
1906004;1472;1
1913849;1472;3
1944843;1472;1
1951141;1472;3
2001792;1472;1
2018182;1472;1
2027908;1472;1
2047334;1472;1
2070390;1472;1
2070742;1472;1
2075887;1472;2
1107;1591;1
4876;1591;1
43861;1591;1
46904;1591;1
54219;1591;26
128836;1591;3
451345;1591;20
637750;1591;1
787685;1591;1
1103859;1591;1
1968680;1591;1
878;1601;2
1610;1601;1
1872;1601;1
9505;1601;1
9980;1601;4
22482;1601;2
30191;1601;7
45997;1601;1
50597;1601;2
52404;1601;1
82740;1601;1
113695;1601;1
206781;1601;1
267138;1601;1
287937;1601;1
959051;1601;1
1316105;1601;1
1325058;1601;1
1449682;1601;1
878;1610;4
1601;1610;1
4406;1610;1
9505;1610;1
13798;1610;1
14317;1610;1
30191;1610;4
32329;1610;1
32951;1610;1
33046;1610;1
33896;1610;1
43056;1610;1
43096;1610;1
45214;1610;1
45997;1610;1
50597;1610;1
52404;1610;1
86729;1610;1
103146;1610;1
111608;1610;1
137755;1610;1
234430;1610;1
257986;1610;1
396483;1610;1
466978;1610;1
475772;1610;1
738341;1610;3
898067;1610;3
978367;1610;1
981583;1610;3
983920;1610;1
1061257;1610;1
1087455;1610;2
1103859;1610;1
1142734;1610;1
1237854;1610;1
1319422;1610;1
1337960;1610;1
1411251;1610;1
1427996;1610;3
1432643;1610;1
1526364;1610;2
1664558;1610;1
1870707;1610;1
1885678;1610;1
1906004;1610;2
154989;1693;1
489586;1693;1
1687408;1693;2
2305307;1693;1
6617;1845;1
15639;1845;3
19811;1845;2
23177;1845;5
34139;1845;1
50777;1845;1
52328;1845;1
56686;1845;2
58428;1845;2
58540;1845;1
67024;1845;1
67453;1845;11
68522;1845;2
70263;1845;1
71358;1845;2
72250;1845;1
77876;1845;1
81611;1845;4
81699;1845;1
82931;1845;4
87961;1845;1
88823;1845;1
119266;1845;1
120229;1845;5
124574;1845;1
127397;1845;3
127398;1845;1
127399;1845;11
130589;1845;1
137063;1845;3
161261;1845;1
169643;1845;1
171597;1845;3
175698;1845;1
187581;1845;2
209281;1845;1
216137;1845;2
226457;1845;1
235094;1845;1
239014;1845;1
247713;1845;1
407236;1845;2
541322;1845;1
564787;1845;1
606265;1845;1
702859;1845;1
743701;1845;24
779592;1845;1
937112;1845;2
996938;1845;4
1130469;1845;1
1134744;1845;4
1201421;1845;2
1264142;1845;1
1264813;1845;15
1286590;1845;1
1320088;1845;1
1358652;1845;1
1590463;1845;2
1792054;1845;1
1871284;1845;1
1915121;1845;3
1924252;1845;1
2054535;1845;1
2100728;1845;1
2335286;1845;1
2424424;1845;1
2439662;1845;1
2473381;1845;1
2515861;1845;7
50532;1872;6
179895;1872;1
4876;2238;1
68310;2238;1
79472;2238;1
251952;2238;1
742171;2238;1
22482;2603;1
27210;2603;5
50597;2603;10
85722;2603;1
137308;2603;1
189011;2603;1
197476;2603;6
205149;2603;4
224508;2603;1
245887;2603;1
250539;2603;1
370757;2603;2
779592;2603;1
797953;2603;5
972813;2603;1
1028542;2603;1
1300246;2603;1
1316105;2603;1
1383570;2603;1
1433445;2603;1
1553093;2603;1
1625427;2603;1
1753210;2603;3
31058;2986;1
71645;2986;1
84581;2986;123
179214;2986;1
189632;2986;1
867687;2986;1
2053501;2986;1
2053501;3545;2
1472;4329;12
19199;4329;2
68415;4329;1
80460;4329;1
82657;4329;1
112360;4329;5
156187;4329;1
167379;4329;1
193230;4329;1
223635;4329;1
247916;4329;1
254656;4329;1
274309;4329;1
500279;4329;1
531889;4329;1
634572;4329;2
639464;4329;1
795628;4329;2
796620;4329;1
918447;4329;1
981583;4329;1
1147738;4329;1
1217349;4329;1
1268242;4329;1
1411251;4329;1
1477988;4329;1
1604949;4329;1
1766007;4329;2
1776754;4329;1
1794151;4329;1
1888591;4329;1
2111788;4329;1
2247732;4329;1
878;4361;48
2986;4361;1
19422;4361;1
32951;4361;79
41169;4361;3
48376;4361;1
56012;4361;1
66021;4361;1
74597;4361;1
81670;4361;1
84581;4361;4
94351;4361;1
123707;4361;1
141443;4361;1
142628;4361;1
150098;4361;1
150574;4361;4
157428;4361;1
243504;4361;1
374447;4361;26
470928;4361;1
784571;4361;1
852281;4361;1
922737;4361;1
944415;4361;1
1167777;4361;1
1308298;4361;1
1592718;4361;1
1731096;4361;1
1764039;4361;1
1770035;4361;1
1884104;4361;1
1968680;4361;2
1591;4363;2
4876;4363;2
6957;4363;1
7972;4363;1
9746;4363;1
14317;4363;2
18253;4363;2
18831;4363;13
19194;4363;3
19199;4363;4
30191;4363;1
33055;4363;1
33578;4363;4
41901;4363;4
48319;4363;2
50597;4363;59
65169;4363;2
74585;4363;68
78172;4363;3
79694;4363;3
81670;4363;1
86729;4363;34
102820;4363;1
105952;4363;16
120314;4363;1
149457;4363;1
162648;4363;24
166287;4363;6
175964;4363;12
188859;4363;1
189876;4363;10
198118;4363;1
249836;4363;2
285907;4363;13
341572;4363;1
351232;4363;8
364552;4363;1
397157;4363;3
398188;4363;1
464872;4363;12
738341;4363;8
747809;4363;3
972813;4363;2
978367;4363;1
1013426;4363;1
1223588;4363;13
1274088;4363;1
1321059;4363;1
1579213;4363;1
1609701;4363;1
1693047;4363;1
1770035;4363;1
2170687;4363;8
2347056;4363;2
1610;4406;2
9505;4406;16
19199;4406;1
19422;4406;1
22482;4406;1
31350;4406;1
32951;4406;3
48808;4406;1
50597;4406;1
81670;4406;1
90456;4406;1
96370;4406;1
137274;4406;2
234729;4406;1
235094;4406;1
243827;4406;1
254656;4406;1
289455;4406;1
368655;4406;1
374427;4406;1
374447;4406;1
536284;4406;1
541322;4406;1
608499;4406;1
642223;4406;1
755676;4406;1
770730;4406;1
989194;4406;1
1019573;4406;1
1093684;4406;1
1289587;4406;1
1316105;4406;1
1324630;4406;1
1667044;4406;1
1818330;4406;2
1883951;4406;1
1885678;4406;1
2127779;4406;2
878;4672;16
10138;4672;1
14317;4672;1
32714;4672;1
32951;4672;15
33046;4672;1
81670;4672;2
88312;4672;2
94351;4672;1
109670;4672;1
374447;4672;21
796620;4672;1
1190364;4672;1
1234672;4672;1
1286895;4672;1
1530278;4672;1
1592718;4672;1
1660996;4672;1
1764039;4672;1
1936319;4672;1
14532;4876;1
15238;4876;1
16142;4876;5
18554;4876;2
24923;4876;1
43215;4876;1
46904;4876;2
76581;4876;4
167637;4876;1
199081;4876;4
231170;4876;1
281874;4876;1
355061;4876;1
364552;4876;1
377366;4876;1
560646;4876;1
818620;4876;4
1661137;4876;1
1977316;4876;1
2127779;4876;1
1590463;5524;1
32329;6156;1
184993;6156;1
353094;6156;1
1393942;6156;2
459242;6778;1
878;6957;10
1610;6957;1
9505;6957;1
9980;6957;1
14317;6957;1
14890;6957;1
17395;6957;1
22482;6957;2
31712;6957;2
32951;6957;2
36672;6957;1
37219;6957;1
45997;6957;2
60065;6957;1
66454;6957;1
68415;6957;1
77566;6957;3
82656;6957;1
91624;6957;1
112360;6957;2
121546;6957;1
151238;6957;1
169643;6957;1
172100;6957;1
198118;6957;1
212149;6957;1
228167;6957;1
265351;6957;1
297501;6957;1
374447;6957;1
469203;6957;1
564787;6957;3
634572;6957;1
635134;6957;1
642223;6957;1
662039;6957;1
813275;6957;1
819466;6957;1
843978;6957;1
901066;6957;2
989194;6957;1
1320088;6957;1
1427996;6957;1
1449682;6957;1
1693047;6957;1
1760506;6957;1
1765047;6957;2
1884104;6957;1
1992696;6957;1
2001792;6957;3
2100728;6957;1
2280790;6957;1
10214;7038;2
14123;7038;1
22051;7038;1
24072;7038;1
26536;7038;3
34360;7038;2
34966;7038;1
41935;7038;1
46039;7038;1
46260;7038;1
50107;7038;2
54956;7038;1
71780;7038;3
72843;7038;1
75224;7038;1
88956;7038;1
91712;7038;1
95995;7038;1
127344;7038;1
155968;7038;1
167379;7038;1
167637;7038;1
172926;7038;1
182414;7038;1
192254;7038;2
192637;7038;1
198118;7038;1
265351;7038;1
338275;7038;1
341570;7038;1
374443;7038;1
387447;7038;1
463599;7038;1
534829;7038;1
564787;7038;3
617838;7038;1
646364;7038;1
654360;7038;1
666187;7038;1
681301;7038;1
706712;7038;1
723638;7038;1
810544;7038;1
844571;7038;1
919254;7038;1
936845;7038;1
950850;7038;1
989194;7038;1
995930;7038;1
1080219;7038;1
1110761;7038;1
1126158;7038;2
1134395;7038;1
1355126;7038;1
1411251;7038;1
1449682;7038;1
1459963;7038;1
1528417;7038;1
1567751;7038;1
1608325;7038;1
1670721;7038;1
1773339;7038;1
1818330;7038;1
1832998;7038;1
1937725;7038;1
2053501;7038;1
2093731;7038;1
2164872;7038;1
69655;7367;1
868643;7367;1
4329;7972;1
4876;7972;1
10471;7972;1
15238;7972;11
15559;7972;1
19194;7972;26
19199;7972;4
30169;7972;1
56723;7972;37
60096;7972;5
72197;7972;1
78172;7972;1
81670;7972;36
93576;7972;3
97276;7972;9
102820;7972;7
105952;7972;3
120314;7972;16
137308;7972;3
141208;7972;1
155064;7972;1
167386;7972;6
167389;7972;1
172017;7972;1
179234;7972;1
182414;7972;1
189876;7972;1
192637;7972;1
200680;7972;1
221092;7972;1
239889;7972;1
243504;7972;1
264873;7972;1
270595;7972;6
297501;7972;2
355061;7972;1
374437;7972;1
395858;7972;2
416938;7972;1
449154;7972;1
462126;7972;1
475645;7972;1
525637;7972;1
552557;7972;2
555311;7972;1
587266;7972;1
592023;7972;1
600199;7972;1
629271;7972;1
634572;7972;1
673858;7972;1
691335;7972;1
697509;7972;1
723638;7972;8
778141;7972;1
793384;7972;1
796238;7972;2
844135;7972;9
909886;7972;1
970851;7972;1
972897;7972;1
978367;7972;3
991304;7972;1
991370;7972;2
995930;7972;1
1001014;7972;1
1168935;7972;1
1191353;7972;1
1203956;7972;1
1262674;7972;1
1315630;7972;1
1324630;7972;2
1372171;7972;1
1398140;7972;1
1467901;7972;1
1503816;7972;3
1566579;7972;2
1618204;7972;2
1723986;7972;1
1725225;7972;11
1741097;7972;1
1745129;7972;1
1791251;7972;7
1892307;7972;1
1944843;7972;1
1952994;7972;1
1992696;7972;2
2046779;7972;1
2060080;7972;1
2138795;7972;1
2170687;7972;1
2215516;7972;1
2347810;7972;4
2475520;7972;12
878;8671;3
1610;8671;1
19199;8671;2
32714;8671;1
45196;8671;1
82740;8671;2
470928;8671;1
1601;8680;1
1610;8680;2
14317;8680;1
16452;8680;1
29721;8680;2
41220;8680;2
58173;8680;1
72138;8680;1
75146;8680;1
94021;8680;1
127398;8680;1
164698;8680;1
201271;8680;1
224796;8680;1
231170;8680;1
281874;8680;1
336308;8680;1
398286;8680;1
515062;8680;1
515468;8680;1
659871;8680;1
796620;8680;3
895257;8680;1
1061257;8680;1
1296775;8680;1
1592718;8680;1
1609701;8680;2
1660996;8680;4
1870707;8680;1
2046027;8680;1
2075884;8680;1
2424424;8680;4
2515861;8680;2
88312;8735;1
187581;8735;2
1031625;8735;1
46039;9079;1
72569;9079;1
19242;9128;2
71931;9128;4
92183;9128;1
95995;9128;1
1528589;9128;1
380279;9344;1
1735490;9344;2
22482;9505;1
25628;9505;1
30090;9505;1
32951;9505;1
521015;9505;2
555311;9505;1
2515861;9505;1
3298;9595;2
92183;9735;1
19242;9970;26
39000;9970;1
46904;9970;1
78172;9970;1
167386;9970;1
694756;9970;1
1093684;9970;1
8671;9980;1
15755;9980;1
47942;9980;1
52404;9980;1
82740;9980;1
151492;9980;1
227439;10138;1
25868;10148;1
59491;10148;2
71205;10148;7
122835;10148;1
140121;10148;1
223745;10148;1
490678;10148;1
524898;10148;1
595771;10148;1
1085200;10148;1
1465690;10148;1
1547425;10148;1
1686977;10148;1
1912212;10148;1
2056839;10148;1
70362;10182;1
894886;10214;1
88827;10348;1
370757;10348;1
1851436;10348;1
18253;10471;2
19199;10471;4
33046;10471;2
48319;10471;1
58173;10471;1
71931;10471;3
105952;10471;2
112360;10471;5
249836;10471;14
287507;10471;1
592023;10471;4
617854;10471;1
684425;10471;4
694756;10471;1
723638;10471;1
818620;10471;18
866298;10471;1
909886;10471;1
932585;10471;1
985976;10471;1
1056241;10471;1
1082405;10471;1
1117824;10471;1
1168935;10471;1
1257039;10471;1
1619584;10471;1
1741830;10471;1
10550;10517;2
46904;10517;1
10517;10550;12
18683;10550;2
33055;10550;5
110327;10550;6
135288;10550;6
155064;10550;9
188859;10550;3
264873;10550;5
868561;10550;2
1574804;10550;17
2068395;10550;2
2170687;10550;1
65564;10576;1
117505;10576;1
132987;10576;1
469203;10576;1
552560;10576;1
769718;10576;1
793384;10576;1
1028542;10576;1
1121410;10576;1
1454653;10576;1
1791251;10576;1
868561;10629;1
27210;11007;1
43844;11007;1
115316;11007;1
117505;11007;20
124000;11007;1
137274;11007;1
156980;11007;1
156986;11007;1
179788;11007;1
188241;11007;8
192637;11007;2
428612;11007;1
720508;11007;5
740947;11007;1
768877;11007;2
769718;11007;1
797935;11007;2
803532;11007;12
871473;11007;4
871820;11007;26
905331;11007;1
1058680;11007;1
1065731;11007;6
1069528;11007;2
1178703;11007;2
1351985;11007;1
1555837;11007;6
1787612;11007;20
2050861;11007;4
2110833;11007;2
2139130;11007;1
2347056;11007;1
38272;11288;1
91624;11288;1
15834;11360;33
24000;11360;1
75224;11360;1
109262;11360;1
165867;11360;1
11288;11361;1
72092;11361;1
74938;11361;1
1786680;11361;1
2083133;11361;2
34360;11780;2
37451;11780;4
59491;11780;4
110551;11780;1
121490;11780;1
129330;11780;1
166164;11780;1
174399;11780;1
219556;11780;1
222166;11780;1
298466;11780;1
370757;11780;11
378680;11780;1
380923;11780;1
414934;11780;1
516630;11780;1
595111;11780;1
617927;11780;1
627352;11780;4
643965;11780;1
706712;11780;3
748902;11780;2
763141;11780;1
843561;11780;1
869326;11780;2
874180;11780;3
876209;11780;1
948026;11780;1
1028542;11780;1
1080219;11780;1
1201421;11780;1
1223168;11780;1
1316105;11780;1
1325058;11780;1
1465690;11780;4
1589923;11780;1
1625427;11780;4
1695417;11780;2
1736678;11780;1
1851436;11780;2
1913849;11780;1
2011293;11780;1
2100569;11780;1
2161406;11780;2
2171876;11780;1
2182844;11780;5
2214927;11780;2
2312503;11780;1
2461945;11780;1
1107;12394;1
2603;12394;1
11007;12394;1
12460;12394;1
14317;12394;1
15639;12394;1
17076;12394;3
17144;12394;18
19213;12394;1
24923;12394;1
29758;12394;1
30859;12394;9
33578;12394;1
33896;12394;3
39000;12394;1
45214;12394;2
46904;12394;8
56295;12394;1
65169;12394;3
77090;12394;1
81670;12394;96
82656;12394;1
85517;12394;1
85723;12394;1
90456;12394;1
102820;12394;6
110442;12394;2
129453;12394;1
142363;12394;1
152354;12394;1
158545;12394;1
224796;12394;16
234729;12394;1
369946;12394;2
500279;12394;1
608499;12394;7
660224;12394;3
719243;12394;2
839721;12394;6
898067;12394;1
924167;12394;1
974111;12394;1
982140;12394;1
1086029;12394;13
1148379;12394;1
1437480;12394;1
1565202;12394;2
1756965;12394;1
1816507;12394;1
1855538;12394;1
1977316;12394;1
275925;12460;5
1065731;12460;1
55838;12932;1
523841;12932;1
38398;13772;1
878;13798;29
45214;13798;1
66021;13798;1
72122;13798;1
81670;13798;1
82811;13798;1
137755;13798;1
892871;13798;11
46090;13851;1
349217;13851;1
2473381;13851;1
55226;14068;1
998280;14068;1
1577619;14068;1
599309;14123;1
1262674;14123;1
1273326;14123;1
1556608;14123;1
2164872;14123;1
204385;14317;1
249836;14317;1
261793;14317;7
878;14332;12
9980;14332;2
14317;14332;19
19199;14332;12
30191;14332;1
32792;14332;1
32951;14332;6
32970;14332;1
33046;14332;6
40204;14332;1
41901;14332;1
45997;14332;2
50597;14332;11
58173;14332;2
66827;14332;1
77566;14332;4
85855;14332;1
90456;14332;2
111608;14332;1
120314;14332;35
123847;14332;2
144850;14332;1
157807;14332;2
165041;14332;1
172017;14332;2
189876;14332;2
234944;14332;1
239912;14332;1
249836;14332;1
261793;14332;88
270595;14332;9
374427;14332;10
374447;14332;2
428803;14332;1
714529;14332;1
796620;14332;1
818620;14332;1
1023652;14332;1
1061257;14332;1
1082405;14332;1
1087455;14332;2
1530278;14332;1
1609701;14332;1
1619584;14332;1
1764039;14332;1
1766007;14332;2
2018663;14332;1
2292367;14332;1
2347056;14332;2
2475520;14332;5
126319;14836;1
669998;14836;1
1302726;14836;1
66454;14890;2
730896;14890;1
14996;14978;3
80633;14978;2
15185;15183;4
17395;15183;1
31082;15183;18
2065907;15183;3
15183;15185;22
31082;15185;2
2065907;15185;3
4363;15238;1
4406;15238;1
4876;15238;4
6030;15238;1
7972;15238;15
14317;15238;1
15559;15238;2
17076;15238;2
17887;15238;1
18253;15238;1
18831;15238;1
18862;15238;2
19194;15238;8
19199;15238;17
19203;15238;2
19213;15238;1
29758;15238;1
41517;15238;1
43096;15238;1
56723;15238;2
60096;15238;1
74585;15238;1
78172;15238;1
78516;15238;1
81670;15238;9
93576;15238;1
100480;15238;1
102820;15238;1
105952;15238;1
120314;15238;8
124000;15238;1
132673;15238;1
135022;15238;1
167386;15238;3
179234;15238;1
270595;15238;1
272354;15238;1
300032;15238;1
369949;15238;1
480937;15238;1
489586;15238;1
555311;15238;1
691335;15238;1
719243;15238;1
770730;15238;2
778141;15238;7
818620;15238;1
997094;15238;1
1092351;15238;1
1131156;15238;1
1422777;15238;1
1503816;15238;10
1574804;15238;1
1741097;15238;1
1741830;15238;1
1765047;15238;1
1791251;15238;4
1892307;15238;1
1977316;15238;2
2102690;15238;1
2305307;15238;1
132673;15559;5
14532;15591;1
42346;15591;7
56295;15591;4
60096;15591;1
70804;15591;192
81526;15591;1
83007;15591;4
374427;15591;3
1234672;15591;1
1968680;15591;2
2056839;15608;1
1845;15639;1
19811;15639;20
23177;15639;2
81526;15639;1
187581;15639;1
15608;15683;1
76581;15683;1
89249;15683;1
109670;15683;3
261793;15683;1
635134;15755;1
11360;15834;37
24000;15834;1
2083133;15834;2
4876;16142;1
28298;16142;1
30663;16142;21
58173;16142;1
70804;16142;6
137274;16142;1
142363;16142;3
157459;16142;1
209485;16142;1
242302;16142;1
398286;16142;1
893702;16142;1
1443816;16142;13
2120912;16142;1
2290078;16142;1
1601;16274;1
30191;16274;1
82740;16274;18
111608;16274;1
234944;16274;1
14332;16473;1
131792;16473;1
137274;16473;1
261793;16473;2
524582;16610;1
109670;16714;1
223636;16714;27
488985;16714;19
701292;16714;1
32951;17054;1
39724;17054;1
50597;17054;1
102464;17054;1
374447;17054;1
216501;17060;1
2015491;17060;1
12394;17144;1
38543;17144;1
113695;17144;1
719243;17144;1
898067;17144;1
44599;17209;4
1451488;17380;1
1764039;17729;1
14532;17887;3
15559;17887;3
81670;17887;1
105952;17887;1
150098;17887;1
501558;17887;1
31712;18340;2
43475;18474;1
878;18554;33
4876;18554;10
14317;18554;8
18831;18554;1
19199;18554;4
22482;18554;2
24923;18554;1090
31712;18554;1
32951;18554;1
43844;18554;1
46904;18554;1
58173;18554;1
58514;18554;1
66827;18554;4
68415;18554;1
70793;18554;1
74585;18554;1
79694;18554;1
81699;18554;2
90456;18554;3
124473;18554;1
137755;18554;2
140789;18554;7
151238;18554;1
167605;18554;1
170235;18554;1
204385;18554;2
226106;18554;1
234729;18554;1
264873;18554;1
265351;18554;1
361575;18554;1
397157;18554;2
398988;18554;1
428483;18554;2
440293;18554;1
466978;18554;3
489586;18554;1
573100;18554;1
599309;18554;1
634572;18554;1
683353;18554;2
723638;18554;1
753280;18554;1
803532;18554;2
844571;18554;1
852281;18554;3
860204;18554;1
871820;18554;1
884453;18554;1
953784;18554;1
997299;18554;1
1142310;18554;6
1235418;18554;1
1235420;18554;1
1268025;18554;1
1281553;18554;1
1324630;18554;1
1425581;18554;16
1535105;18554;1
1708838;18554;1
1764039;18554;2
1791251;18554;1
1913849;18554;2
2050861;18554;1
2058434;18554;2
2347056;18554;1
2515861;18554;1
74324;18683;1
4363;18831;10
14317;18831;1
14532;18831;1
19194;18831;2
32951;18831;1
50597;18831;6
65169;18831;1
74585;18831;58
78172;18831;2
79694;18831;9
81670;18831;3
215670;18831;1
351232;18831;20
374447;18831;1
660224;18831;1
925759;18831;1
489586;18862;1
2305307;18862;1
160176;18900;1
19199;19149;45
19203;19149;2
1791251;19149;2
4363;19194;2
18831;19194;1
19199;19194;5
50597;19194;1
66454;19194;1
68415;19194;1
74585;19194;30
79694;19194;1
120314;19194;1
351232;19194;3
374687;19194;1
7038;19195;4
18554;19195;1
45214;19195;1
81670;19195;5
81795;19195;3
96513;19195;3
199081;19195;1
261793;19195;4
262493;19195;1
449154;19195;1
1089529;19195;1
878;19199;8
8671;19199;1
14332;19199;2
19203;19199;2
19213;19199;2
32792;19199;2
32951;19199;17
36869;19199;1
58173;19199;1
78172;19199;2
231170;19199;11
369949;19199;1
374447;19199;7
469203;19199;1
747809;19199;2
1061257;19199;2
1493864;19199;1
1526364;19199;1
1927218;19199;1
2347056;19199;1
19149;19203;19
261793;19203;1
830259;19221;16
9128;19242;1
9970;19242;2
10348;19242;1
731644;19242;1
1437488;19242;1
15639;19811;195
16452;19811;1
27450;19811;1
34139;19811;1
127397;19811;1
158117;19811;1
175698;19811;1
186594;19811;1
187581;19811;3
206643;19811;5
977135;19811;16
1154520;19811;2
1267116;19811;3
1609701;19811;2
1845488;19811;2
2121049;19811;1
2151124;19811;1
2515861;19811;2
34139;19814;2
1316105;19908;1
528668;19934;1
948619;19934;9
39055;20034;22
46731;20034;1
91738;20034;1
1779672;20034;1
118878;20292;1
206781;20292;1
378680;20292;1
972813;20292;1
1625427;20292;1
24000;21776;1
80575;21776;2
2065439;22051;1
878;22482;2
45997;22482;1
85722;22482;1
156187;22482;1
170663;22482;1
205149;22482;1
211217;22482;1
298466;22482;1
516630;22482;1
662039;22482;4
706712;22482;1
723638;22482;1
730896;22482;1
950850;22482;1
1316105;22482;2
1320028;22482;1
1411251;22482;1
1430732;22482;1
1556608;22482;1
1670721;22482;1
1716241;22482;1
1043256;22979;2
24676;23130;2
83007;23130;1
15639;23177;10
47540;23177;8
56295;23177;2
56686;23177;1
67024;23177;1
68310;23177;1
68522;23177;4
70804;23177;1
72250;23177;1
81611;23177;2
81670;23177;1
81853;23177;1
81857;23177;2
81861;23177;1
81996;23177;1
82931;23177;1
117895;23177;1
119496;23177;1
134823;23177;1
135022;23177;1
141226;23177;1
217753;23177;1
420586;23177;1
539267;23177;1
624291;23177;1
787685;23177;1
811473;23177;2
866531;23177;3
866531;23177;1
1131848;23177;1
1154520;23177;2
1592718;23177;1
1764039;23177;1
2094158;23177;1
2473381;23177;4
231170;23554;1
81670;24603;1
1264142;24603;1
23130;24676;4
1590463;24676;1
878;24923;2
4363;24923;1
8671;24923;1
10348;24923;1
14317;24923;3
18554;24923;43
19199;24923;2
22482;24923;2
32951;24923;17
43844;24923;1
50597;24923;3
58173;24923;1
66827;24923;1
67416;24923;1
77566;24923;2
81699;24923;1
81795;24923;1
109670;24923;1
264873;24923;2
374447;24923;1
398188;24923;1
449154;24923;1
466980;24923;1
683353;24923;1
741334;24923;1
753280;24923;1
955637;24923;1
981583;24923;1
1313572;24923;2
1324630;24923;1
1530278;24923;1
1609701;24923;1
1687408;24923;1
1738163;24923;1
193230;25628;1
261793;25628;1
521015;25628;1
909886;25628;1
1949021;25628;1
268573;25868;4
1734783;25868;1
1243365;26140;4
7038;26536;1
1859191;26536;1
120229;27092;1
2253702;27092;1
2603;27210;12
11780;27210;1
681301;27210;1
1749382;27210;1
1792257;27210;1
15944;27450;3
19814;27450;1
115885;27450;2
119496;27450;1
127397;27450;1
408954;27450;1
836239;27450;1
1272810;27450;1
2203283;27450;1
2439662;27450;13
2473381;27450;1
79389;27888;36
95995;27888;1
171597;27888;1
262294;27888;6
996938;27888;1
2066661;27888;2
2473381;27888;1
1564658;28157;1
16142;28298;3
16142;28311;3
73080;28311;1
16142;28315;2
48365;28315;1
242607;28315;1
878;29721;3
4672;29721;4
14317;29721;1
32951;29721;1
81670;29721;1
374447;29721;1
14532;29758;1
23177;29758;2
66827;29758;1
231607;29758;1
369949;29758;2
548148;29758;1
770731;29758;1
1106250;29758;1
59491;29786;1
2151124;29914;1
1592718;29983;2
1806344;29983;2
2138795;29983;1
31350;30191;1
68415;30191;1
261402;30650;1
2070648;30650;1
64322;30652;1
195959;30652;2
889975;30652;1
1236889;30663;1
14532;30859;1
33578;30859;6
43844;30859;1
46904;30859;4
60096;30859;1
81670;30859;2
102820;30859;2
770730;30859;1
811473;30859;1
1156416;30859;1
15183;31082;79
15185;31082;1
218041;31082;1
81670;31186;1
789863;31186;1
878;31350;2
4876;31350;1
10517;31350;1
38212;31350;1
71509;31350;1
141208;31350;1
721985;31350;1
1725225;31350;1
1766007;31350;1
1906004;31350;1
2000931;31350;1
37219;32329;1
191139;32329;1
246239;32329;1
628581;32329;1
664628;32329;1
1526273;32329;1
2247732;32329;1
2515861;32329;1
81526;32709;7
1144089;32709;1
1592718;32714;10
878;32792;5
19199;32792;20
32951;32792;9
46260;32792;1
56295;32792;1
78172;32792;1
88312;32792;2
90456;32792;1
204385;32792;1
252593;32792;1
335628;32792;1
374447;32792;28
560325;32792;1
1061257;32792;1
1093684;32792;1
1427996;32792;1
1664558;32792;1
2148159;32792;1
2347056;32792;1
878;32951;26
4361;32951;5
6957;32951;13
13798;32951;1
14317;32951;2
14332;32951;13
17054;32951;1
18554;32951;4
18831;32951;5
19199;32951;32
24923;32951;2
32792;32951;3
41520;32951;3
41901;32951;1
45196;32951;1
45214;32951;4
46904;32951;1
50597;32951;4
58173;32951;8
70793;32951;1
74585;32951;2
77064;32951;1
77696;32951;2
78172;32951;26
81670;32951;2
81699;32951;1
85722;32951;4
85723;32951;1
85757;32951;2
120314;32951;2
224796;32951;2
239912;32951;6
261793;32951;7
374447;32951;138
515512;32951;3
660224;32951;1
686286;32951;3
882630;32951;4
906752;32951;1
994538;32951;1
1113963;32951;1
1225990;32951;1
1526364;32951;1
1530278;32951;3
1609701;32951;3
1691495;32951;1
1927218;32951;1
2280790;32951;1
2305307;32951;1
2347056;32951;6
396483;32970;1
765175;32970;1
1165143;32970;1
33046;33001;5
2164872;33001;1
2267179;33001;1
4329;33028;1
6957;33028;1
22482;33028;2
45997;33028;3
66454;33028;3
82656;33028;1
85722;33028;1
112360;33028;1
298466;33028;1
1526364;33028;1
1530278;33028;1
150964;33041;1
972813;33094;1
574234;33099;1
14317;33497;8
48365;33497;3
187973;33497;2
364552;33497;1
428803;33497;1
466978;33497;1
999831;33497;1
1747350;33497;3
1968680;33497;2
2151124;33497;4
284483;33578;1
1021319;33578;1
224796;33896;11
1154520;34139;1
1776754;34718;1
465422;35006;1
58514;35615;1
126319;35615;1
796620;35615;1
1577619;35615;5
1757927;35615;1
92183;35833;6
63583;37219;1
311185;37219;1
523387;37229;1
882296;37324;1
1787612;37324;1
17060;37897;1
86895;37897;1
283639;37897;1
901066;37897;1
945551;37897;1
1657147;37897;1
1926314;37897;1
38272;38107;2
39063;38107;1
50604;38107;1
75224;38107;1
75236;38107;1
165867;38107;1
212149;38107;1
2083133;38107;2
44562;38272;1
70388;38563;2
1525426;38563;1
44599;39000;1
70312;39000;2
335628;39000;3
773242;39000;2
18474;39163;1
1316105;39163;1
1022992;39724;1
40150;40141;1
52828;40141;1
237378;40141;1
9746;40204;1
58173;40204;1
82740;40204;1
85855;40204;2
170732;40204;3
199081;40204;2
242302;40664;1
852311;40664;4
1818557;40664;23
1973624;40664;4
1757264;40711;5
2027718;40711;52
22482;40848;1
92183;40848;1
417667;40848;1
470928;40848;1
71205;40959;1
68095;41169;1
85661;41169;1
345659;41169;1
8680;41220;1
142953;41220;1
227439;41220;1
1142459;41220;1
878;41520;1
22482;41520;1
85722;41520;10
182730;41520;6
878;41901;3
4363;41901;2
9980;41901;1
14317;41901;2
14332;41901;5
18554;41901;1
18831;41901;2
19199;41901;11
22482;41901;1
30191;41901;2
32951;41901;4
45214;41901;1
50597;41901;34
58173;41901;1
74585;41901;7
85722;41901;2
85723;41901;1
108196;41901;1
239912;41901;3
261793;41901;2
351232;41901;5
548148;41901;1
555311;41901;5
738341;41901;1
906752;41901;1
1061257;41901;4
1206349;41901;1
1530278;41901;1
1770035;41901;5
2347056;41901;1
41509;42010;1
115876;42010;1
2253702;42010;3
15591;42346;50
56295;42346;1
70804;42346;119
81670;42346;1
374427;42346;2
770731;42346;1
349217;42365;5
19301;43056;1
120229;43056;1
267619;43096;1
830259;43096;1
1308298;43096;1
1968680;43096;1
131792;43121;1
18474;43475;3
24923;43844;27
45214;43844;2
563919;43844;1
57224;43861;3
81540;43861;8
519238;43861;6
1369159;43861;8
1369159;43861;1
102283;44115;1
261793;44422;1
38272;44562;7
71780;44562;2
75224;44562;2
279295;44599;4
92076;44738;1
280970;44738;1
284483;44738;1
2148397;44738;1
45131;45129;4
66290;45129;1
162544;45129;1
847152;45129;1
26536;45131;1
45129;45131;3
973582;45131;1
1493864;45131;1
878;45196;2
22482;45196;1
78392;45196;1
90378;45196;2
111608;45196;1
172114;45196;3
1022992;45196;1
1885678;45196;2
2013149;45196;3
32951;45214;1
54529;45214;5
66290;45214;4
90935;45214;1
96513;45214;1
262493;45214;2
985976;45214;1
92183;45776;2
33028;45997;1
37324;45997;1
85722;45997;1
143070;45997;2
555311;45997;1
2010079;45997;1
420586;46002;1
221092;46039;1
13851;46090;1
81670;46903;1
1117824;46903;1
123707;46904;2
204385;46904;2
215670;46904;19
1720182;46904;1
227320;48203;6
1817171;48203;1
33497;48365;5
124444;48365;3
298209;48365;1
973582;48365;2
1968680;48365;1
1265257;48792;1
40141;48808;1
40150;48808;2
48792;48808;3
52828;48808;2
557857;48808;2
1265257;48808;3
130435;48995;3
192637;48995;1
1028542;48995;1
72122;49164;1
85723;50249;1
28157;50378;4
59491;50378;1
101779;50378;1
179768;50378;2
279498;50378;3
860814;50378;3
894886;50378;1
1055040;50378;1
1575044;50378;1
1625427;50378;1
1906004;50378;1
1872;50532;5
878;50597;1
1601;50597;1
4363;50597;1
14317;50597;1
19199;50597;5
32792;50597;1
32951;50597;2
41901;50597;4
43096;50597;1
52456;50597;1
58173;50597;1
79694;50597;2
81670;50597;1
105952;50597;1
108196;50597;1
111608;50597;1
227439;50597;1
231170;50597;1
239912;50597;1
241454;50597;1
374447;50597;1
1324630;50597;1
1770035;50597;3
1892307;50597;1
2137753;50597;1
17887;50678;1
156752;50777;1
15559;51370;1
29684;51370;1
70804;51429;2
70818;51429;1
81670;51429;1
109670;51429;2
587266;51429;2
1713809;51429;1
1592718;51462;1
1591;52328;1
45131;52328;1
878;52404;2
1601;52404;1
30191;52404;1
33046;52404;1
45997;52404;1
59491;52404;1
82887;52404;1
156752;52404;1
92278;52762;3
96370;52762;1
105293;52762;13
1968680;52762;1
75236;52828;2
27092;53053;2
84046;53053;13
210448;53053;1
242302;53053;2
289022;53053;4
142099;54000;7
71780;54202;3
1591;54219;7
451345;54219;53
784571;54219;1
70818;54529;1
33046;54739;5
403080;54739;1
45131;54880;1
56012;54880;1
60096;54880;2
137274;54880;1
167605;54880;1
279570;54880;1
715756;54880;1
1745129;54880;8
1986340;54880;1
2475520;54880;1
109262;54956;1
156752;54956;1
132673;55270;34
480720;55270;1
90933;55838;1
100480;55852;1
1255;56012;1
4876;56012;2
14532;56012;1
70362;56012;1
90021;56012;1
130896;56012;3
137274;56012;2
824275;56012;1
160176;56200;1
81670;56202;1
102820;56202;1
199081;56202;1
770730;56202;2
70804;56295;17
70813;56295;49
81670;56295;5
109670;56295;1
215666;56295;4
679587;56295;1
56295;56323;3
67453;56323;1
523688;56323;1
2151124;56323;1
33046;56409;5
214971;56409;1
239889;56409;5
770731;56409;1
894886;56512;2
1154520;56686;1
7972;56723;3
14890;56723;1
120314;56723;1
1236281;56723;1
1791251;56723;4
23130;57171;2
67232;57171;2
1310581;57171;1
81540;57224;1
24973;57275;1
70362;57275;1
86729;57275;1
89246;57275;8
160176;57275;9
184451;57275;12
441099;57275;1
537388;57275;1
545902;57275;1
1449165;57275;2
137274;58098;1
878;58173;11
19199;58173;3
32951;58173;1
48319;58173;1
50597;58173;6
81670;58173;1
224796;58173;3
2347056;58173;2
2065024;58301;1
60235;58428;2
1369159;58428;1
1209396;58514;4
52328;58540;1
1908585;58540;1
130589;59477;1
725665;59477;42
847152;59477;1
78516;60096;3
765175;60096;1
1156416;60096;1
58428;60235;1
1369159;60235;5
1219365;61201;1
42010;62090;18
66290;62090;1
678888;62090;1
753347;62090;2
75016;62105;6
72741;62468;1
199081;63661;1
69408;64171;6
1194411;64171;2
985;64322;1
102209;64322;1
184118;64322;1
68095;64923;9
79337;64923;2
79337;64923;1
45997;65169;1
249836;65169;4
908741;65169;8
1687408;65169;1
13798;66021;2
72122;66021;5
202103;66021;4
45214;66290;4
54529;66290;1
56295;67453;2
64923;68095;3
79337;68095;1
93712;68095;11
953784;68095;1
90702;68415;1
220859;68727;1
287495;68727;2
1283699;68727;1
1227271;69753;1
1377323;69753;1
1465690;69753;1
793702;70203;2
1596571;70203;1
2028676;70203;2
32951;70312;1
39000;70312;1
374447;70312;1
1286766;70312;2
1530278;70312;1
545902;70362;2
1192494;70362;1
70391;70388;1
1437480;70388;1
1525426;70388;2
70388;70391;1
1525426;70391;1
683353;70793;1
15591;70804;15
56295;70804;1
70813;70804;1
70818;70804;1
374427;70804;2
70804;70805;3
199882;70805;1
392442;70805;1
1234672;70805;1
1592761;70805;3
56295;70813;7
70804;70813;1
81670;70813;1
201679;70813;3
1286485;70813;1
66827;70818;2
70804;70818;3
907213;71637;1
54202;71780;3
4876;71931;1
9128;71931;2
18554;71931;2
261793;71931;1
694756;71931;1
10214;72092;1
261171;72092;1
13798;72122;1
49164;72122;1
66021;72122;6
80039;72122;1
211746;72122;1
922737;72122;4
284713;73024;2
1205542;73024;1
1429829;73024;1
90933;73080;29
90935;73080;1
124444;73080;1
187973;73080;1
81670;73198;2
191139;73198;1
441099;73198;1
444910;73198;1
103146;74136;24
102820;74153;1
199081;74153;1
523841;74153;4
537388;74153;1
10182;74408;1
115885;74408;1
4363;74585;6
14317;74585;1
18831;74585;39
19194;74585;6
32951;74585;1
79694;74585;4
231170;74585;1
351232;74585;16
199882;74597;1
784571;74597;1
4876;74599;1
48319;74769;1
65169;74769;1
123847;74769;45
249836;74769;5
261793;74769;2
726667;74769;1
62105;75016;3
77090;75016;3
328863;75043;2
38272;75224;1
75227;75224;6
75224;75227;7
285535;75227;1
125043;75330;7
133831;75330;1
1472;76100;1
2603;76100;2
167379;76100;1
368655;76100;1
15608;76608;1
22718;76608;1
54813;76608;6
57224;76608;3
75043;76608;1
89249;76608;1
201676;76608;1
972813;76608;1
1047769;76608;1
1385412;76608;1
1944843;76608;1
2138795;76608;1
189876;77064;1
62105;77090;1
75016;77090;2
39055;77246;2
231170;77257;1
248017;77257;1
878;77696;3
32951;77696;1
46904;77696;1
82657;77696;1
374447;77696;6
884453;77696;1
1167777;77696;1
88312;77876;1
155064;77998;1
878;78172;2
4361;78172;1
4363;78172;2
9970;78172;1
19199;78172;8
32951;78172;20
74585;78172;1
215670;78172;1
231170;78172;1
374447;78172;2
882630;78172;4
906752;78172;1
1425581;78172;1
60096;78516;29
765175;78516;2
100872;78571;1
75224;79223;1
64923;79337;5
68095;79337;2
147977;79337;1
1308298;79337;1
42010;79355;2
62090;79355;1
2066661;79389;6
74585;79694;4
351232;79694;1
4876;80225;1
62090;80225;2
124444;80225;1
364552;80225;1
1968680;80225;1
18554;80345;1
72843;80575;1
344370;80575;1
80633;80634;1
48365;81526;1
82887;81526;8
81853;81857;2
2215516;81857;1
81853;81861;1
81861;81996;1
217753;81996;1
878;82740;21
224796;82740;1
1286590;82740;1
1756965;82740;1
1764039;82740;2
70818;83007;1
120229;83007;1
1317622;83007;1
1194411;83021;1
33046;83548;1
501558;83548;1
515062;83548;1
53053;84046;11
501558;84046;1
2253702;84046;2
44599;84167;1
56200;84220;1
81670;84220;16
82887;84220;3
86729;84220;1
121921;84220;1
160176;84220;11
234295;84220;1
242302;84220;3
534356;84220;8
537388;84220;3
1147738;84220;3
1483384;84220;1
1727044;84220;1
1968680;84220;1
2986;84581;5
234729;85053;1
519238;85384;1
12394;85517;13
17144;85517;3
38026;85517;1
58301;85517;1
81670;85517;1
82656;85517;1
124455;85517;4
234729;85517;1
368655;85517;1
839721;85517;1
974111;85517;5
1086029;85517;2
1427996;85517;1
41169;85661;2
33099;85757;1
78172;85757;14
81996;85813;1
77566;86756;1
215666;87103;19
438613;87103;1
67194;88312;1
137274;88312;5
19199;89053;3
48365;89053;1
120314;89053;2
374447;89053;3
1225990;89053;1
1927218;89053;6
1680707;89246;1
81670;89249;1
19934;89650;2
75224;89650;1
1192494;90021;1
319521;90507;6
221636;90547;1
73080;90933;21
73080;90935;3
90933;90935;1
1611194;91624;1
156752;92278;1
149084;93355;1
60096;93576;1
133583;93576;1
13798;93712;2
68095;93712;3
892871;93712;1
191139;94021;1
38398;95995;1
100872;95995;2
262294;95995;4
68095;96513;1
73080;96513;5
81670;96513;1
90933;96513;6
90935;96513;3
55852;100480;1
118867;100743;1
1162651;100743;1
378680;102464;1
684425;102464;1
969920;102464;1
4876;102820;1
81670;102820;1
74136;103146;6
52762;105293;1
42010;106740;1
134722;106740;1
1965201;106740;2
32951;108196;1
261793;108196;1
3298;108339;1
200515;108746;18
54956;109262;2
72843;109262;1
385113;109262;1
2083133;109262;1
904204;110226;7
172114;111608;1
1085200;117211;1
1577619;117791;1
560325;117895;1
1274088;117895;7
19908;118878;1
370757;118878;1
1592718;119972;4
172017;121921;2
537388;121921;1
1257039;121921;19
627352;122526;1
8680;123707;1
1095837;123707;1
70203;124000;1
743701;124000;3
855754;124000;11
48365;124444;7
1968680;124444;1
2015298;124444;1
75330;125043;1
81670;126029;1
195571;126029;1
43096;127215;1
1385564;127397;3
68310;127398;1
254057;127401;1
1764039;127401;1
81670;127402;1
150098;127402;1
451345;128836;5
721985;129467;1
824275;129467;1
847152;130589;4
14532;130896;2
56012;130896;7
81670;130896;1
94351;130896;1
383821;130896;1
770730;131565;1
43861;132673;1
55270;132673;1
76581;132673;1
480720;132673;1
1483384;133401;1
93576;133585;1
4876;135022;1
10550;135288;1
33497;137034;1
41220;137034;1
207481;137034;1
1496678;137034;2
1806344;137034;1
88312;137274;3
364552;137274;1
560325;137274;2
892871;137274;1
140399;139258;1
793702;141226;2
498684;142627;1
33578;143070;14
215666;143070;1
1574804;143070;1
199081;144059;1
262976;144059;1
35846;147163;1
141226;149084;1
793702;149084;1
149457;149455;20
149455;149457;42
994491;149938;1
150576;150574;1
150574;150576;1
522693;150576;8
217753;152354;1
10517;155064;1
19203;155064;1
4363;157379;1
31380;157459;1
2157164;157459;1
565132;161159;1
1770035;161159;2
1892307;161159;1
120229;161261;1
40711;161396;1
131792;161437;1
1924254;161823;1
239014;163508;1
68520;164698;1
90702;164698;1
124455;164698;1
1813655;164698;9
261793;165041;2
4363;166287;2
74585;166287;2
79694;166287;1
81670;167386;1
167386;167389;8
48203;167605;1
184118;167605;1
45997;168925;1
56323;170490;1
86756;170490;1
1454786;170490;1
2151124;170490;1
261793;172017;1
878;172114;1
111608;172114;1
2067216;172114;2
2148159;175255;1
42010;175722;7
62090;175722;1
4363;175964;2
843213;175964;2
1567751;179214;1
765175;179224;1
90949;179895;1
97276;179895;1
158156;179895;1
78516;181472;1
147977;181472;4
137274;181660;1
686262;181660;1
17060;184118;1
57275;184451;9
160176;184451;3
252593;186840;3
1612562;186840;1
92018;187203;1
8735;187581;4
2292367;188859;1
204896;189876;27
92183;190661;2
1850861;195180;1
1625427;196507;1
1819738;196507;1
2083133;196507;1
4876;199081;2
80578;199081;1
81670;199081;1
1727044;199081;6
2170687;199081;1
2001792;199158;1
770730;199882;8
70813;201679;7
1286485;201679;1
66021;202103;2
1471055;204009;1
878;204385;1
131565;204385;1
189876;204896;53
15944;209281;1
84046;210448;1
985676;210448;3
33192;210860;1
72122;211746;1
80039;211746;1
93726;211746;1
43096;215207;1
765175;215207;1
87103;215666;1
46904;215670;1
82657;215670;1
152354;217753;2
68727;220859;9
599309;222166;1
2053501;222736;1
204009;223250;1
223635;223636;1
488985;223636;1
40204;224796;1
71354;226457;1
48203;227320;1
536178;227827;1
744259;231170;1
924079;234295;2
32951;234944;1
82740;234944;1
40150;237378;1
133445;239014;4
847152;239014;1
51462;239563;3
187581;239563;1
56409;239889;2
377366;239889;1
501558;239889;2
299676;241454;1
564787;241454;1
81526;242245;1
1574804;243504;1
1592761;247515;1
18554;248017;1
65169;249836;1
1058483;254580;1
669756;256669;5
92018;258397;1
131792;259351;1
184451;260486;1
14332;261793;1
165041;261793;2
45214;262493;1
109670;262976;1
1610;264744;5
33046;264744;1
58173;264744;1
234944;264744;1
784571;264744;1
10517;264873;1
25868;268573;1
130709;270077;1
81670;270595;1
75224;275925;1
23374;287905;1
244776;288594;1
810546;288594;1
489586;300032;20
2305307;300032;12
90507;319521;21
1565202;335628;1
1720182;350586;1
18831;351232;2
74585;351232;6
223309;355080;284
248017;361575;31
14332;374427;2
70804;374427;1
261793;374427;4
1502903;374427;2
261793;374437;1
261793;374443;1
261793;374447;1
81670;374687;1
87103;438613;1
215666;438613;4
215670;440293;1
54219;451345;14
128836;451345;2
140121;459242;1
341570;460549;4
81978;470928;1
809221;470928;1
1903014;478658;1
500279;487071;1
77998;489586;1
300032;489586;15
2305307;489586;20
487071;500279;2
299676;506747;1
100872;513028;3
150576;522693;4
74153;523841;1
15944;525637;1
42077;525637;1
1900456;529422;1
121921;534356;1
121921;537388;1
793702;545902;1
2305307;575746;1
627837;627839;1
48995;629271;1
997094;630499;7
1968680;649604;3
137274;676214;1
56295;679587;1
683353;683354;6
836239;683354;1
190414;684425;1
81670;707332;1
1585467;721851;22
231170;744259;1
741334;745235;1
2347056;747809;1
167379;769718;1
172017;770731;2
770730;770731;1
14532;778693;2
172053;778693;1
44599;784571;1
803532;797935;1
871820;797935;3
4876;818620;1
103146;840384;1
85722;840730;2
740947;843978;1
2075887;843978;1
1687557;847335;1
1791251;850734;1
242302;852311;1
1818557;852311;1
907213;905331;1
12394;908741;1
65169;908741;11
264873;908741;1
573100;908741;1
1506635;908741;1
1590463;908741;1
1606539;908741;1
1687408;908741;4
234295;924079;1
924081;924079;1
234295;924081;1
924079;924081;3
1483384;933439;1
1320028;936845;1
422942;953630;1
796620;977159;1
1914186;977159;1
1555963;990826;1
1341902;995508;1
19199;1061257;1
41901;1061257;1
50597;1061257;1
78172;1061257;1
470928;1061257;1
741334;1082405;1
2347056;1084178;1
765175;1117409;1
201485;1131534;1
836239;1141348;1
4876;1142310;1
18554;1142310;1
60096;1156416;2
78516;1156416;1
765175;1156416;1
210333;1164993;1
2062599;1164993;1
1206769;1206767;8
1206778;1206767;17
1206767;1206769;15
1206778;1206769;8
1206767;1206778;3
1206769;1206778;2
1687408;1207778;4
4363;1223588;2
878;1225990;1
1872;1225990;1
33046;1225990;1
18554;1235420;2
1235418;1235420;5
33896;1311564;1
234729;1427996;1
16560;1436014;1
1857014;1441127;1
39000;1471686;1
460788;1473339;1
18554;1535105;1
10550;1574804;1
70203;1596571;1
2028676;1596571;1
203332;1702665;1
40711;1757264;2
41901;1770035;1
935266;1788383;1
1184316;1792257;1
972813;1924260;1
228162;2010079;1
70203;2028676;1
803532;2050861;1
59953;2095487;1
970358;2139130;1
1738163;2139130;1
40711;2424424;2
1757264;2424424;3
224508;2445202;1
223636;2459523;1
