681;5170;1
864;3649;40
896;13954;18
896;7675;16
896;1425680;2
896;22166;6
896;16595;1
896;48980;22
896;28289;5
896;21366;7
896;4312;1
896;9928;1
896;47545;5
896;50448;2
896;15778;1
896;1907;5
896;203640;1
896;156654;1
896;18731;1
896;14520;5
896;90881;1
896;7155;2
896;14867;4
896;2434;1
896;3820;2
896;7042;2
896;11095;6
896;34894;1
896;31266;1
896;812440;1
896;410781;1
896;9425;1
928;22751;1
928;12182;3
928;896;2
928;27884;1
928;91909;1
1182;3587;2
1182;1344;1
1182;484628;1
1217;896;1
1217;9932;1
1320;47101;2
1344;136702;1
1674;16595;4
1674;34894;2
1764;17334;12
1764;7042;4
1764;28289;1
1764;22822;1
1764;21035;20
1764;10807;3
1764;44913;1
1764;17319;1
1764;7155;2
1764;7675;1
1764;56433;1
1764;14867;1
1764;16595;1
1764;13954;2
1764;71152;1
1764;1907;1
1841;11328;362
1841;16595;25
1841;22166;5
1841;14867;5
1841;1764;2
1841;7042;6
1841;13954;11
1841;48980;6
1841;4312;2
1841;6732;1
1841;50448;1
1841;35195;1
1841;1907;1
1841;203640;2
1841;34894;12
1841;6913;1
1841;2434;4
1841;7675;3
1841;17918;1
1841;208141;1
1841;90881;1
1841;14520;1
1841;761273;1
1841;9479;1
1907;82735;1
1907;16595;3
1907;22166;3
1907;7042;14
1907;50448;8
1907;21035;13
1907;28289;5
1907;56433;1
1907;34894;2
1907;84463;1
1907;14520;5
1907;17334;9
1907;18731;1
1907;21366;8
1907;17918;4
1907;51611;1
1907;208141;1
1907;2434;2
1907;14867;10
1907;7675;2
1907;48980;2
1907;39038;1
1907;22822;2
1907;137217;1
1907;13954;4
1907;4312;1
1907;761273;1
1907;7074;1
1907;243448;1
1907;73079;1
1907;226190;1
1907;267095;1
1907;51587;1
1907;11095;1
2152;47101;1
2152;18754;1
2152;17048;2
2434;16595;1
2434;34894;1
2434;15450;1
2434;7042;1
2434;50448;2
2434;90881;1
2434;21366;1
2434;1907;2
2434;1425680;1
3433;196443;1
3628;648825;1
3649;864;52
3663;9289;2
3700;21684;1
3816;9387;1
3820;51611;1
3820;1764;1
3820;21366;1
3820;1425680;1
4312;9928;1
4312;83454;2
4312;896;1
4312;48390;4
4312;56433;1
4312;47101;1
4312;14867;3
4312;82735;1
4312;1764;1
4312;21035;1
4312;156761;1
4312;273243;1
4312;10807;2
4312;22166;3
4312;7042;2
4312;73793;1
4312;1217;1
4312;50671;1
4312;15450;1
4312;50448;1
4312;17918;2
4312;28289;2
4312;13954;1
4312;410781;3
4312;21366;2
4312;7675;1
4312;274893;1
4312;2466627;1
4346;544401;16
4346;13453;1
4538;3587;2
4771;4790;1
4771;3628;1
4771;1217;2
4790;44511;1
4790;13317;1
4790;13453;2
4790;13600;1
4790;1659432;1
4790;23342;1
4790;7042;1
4790;27875;1
4886;4906;1
5170;15560;1
5170;37498;1
5391;20330;1
5391;821802;1
5391;10010;1
5391;21849;1
6732;28289;1
6732;21035;1
6732;21366;4
6732;50448;3
6732;45999;2
6732;14520;2
6732;18731;1
6732;203640;2
6732;7675;1
6732;1425680;4
6732;17918;1
6732;11095;2
6732;200320;1
6833;9289;13
6913;7074;2
6913;16595;6
6913;13954;4
6913;48980;3
6913;22166;3
6913;7675;2
6913;35191;1
6913;17918;5
6913;1907;1
6913;13308;1
6913;90881;1
6913;34894;2
6913;48390;2
6913;165273;1
6913;31266;1
7042;17334;6
7042;50448;9
7042;48390;1
7042;17918;1
7042;2434;1
7042;11328;2
7042;11095;2
7042;47101;1
7042;6913;1
7042;22166;2
7042;16595;1
7042;47545;1
7042;21366;1
7042;13954;1
7042;1907;1
7042;21035;1
7042;83454;1
7074;10901;5
7074;51587;24
7074;2434;2
7074;16595;1
7074;37858;2
7074;137217;1
7074;90882;6
7074;1907;6
7074;17918;9
7074;13308;1
7074;6913;5
7074;211011;2
7074;1329417;2
7074;6732;1
7074;13954;2
7074;165273;2
7074;47101;1
7074;21035;1
7074;14867;3
7074;35191;1
7074;11095;1
7074;17334;1
7074;45999;1
7074;1425680;1
7074;7155;1
7074;31266;2
7074;200320;1
7074;21366;1
7074;22822;1
7155;9479;1
7155;896;1
7155;74689;5
7155;1907;3
7155;14867;4
7155;18731;1
7155;13954;4
7155;28289;1
7155;7675;5
7155;15778;1
7155;21366;4
7155;82735;1
7155;16595;2
7155;48980;1
7155;2434;1
7155;11328;2
7155;9928;1
7155;50448;1
7155;1425680;2
7155;10807;1
7155;34894;1
7339;9387;1
7339;69548;1
7454;1150364;1
7454;6833;1
7574;79622;1
7574;4790;1
7574;39145;1
7574;23010;1
7574;6437;1
7574;3820;1
7675;48980;6
7675;22166;2
7675;21366;1
7675;7042;1
7675;28289;1
7675;50448;1
7675;13954;4
7675;14867;1
7675;14520;4
7675;1907;2
7675;16595;1
7675;896;1
7675;812440;1
7795;27875;1
7795;83000;1
7795;18600;1
9156;45768;3
9156;52774;1
9156;15549;1
9184;47554;1
9184;50831;1
9184;38751;1
9289;6833;35
9289;21150;1
9387;28289;6
9387;7339;2
9387;15450;1
9387;49732;1
9387;82735;2
9387;63349;1
9387;208230;1
9425;440503;1
9479;1907;1
9479;76680;1
9479;7042;6
9479;21366;1
9479;84463;1
9479;13954;1
9479;50448;3
9479;261874;1
9559;226108;1
9690;33406;21
9928;50448;4
9928;21366;8
9928;90882;1
9928;65626;1
9928;2434;1
9928;1907;1
9928;7155;1
9928;48390;1
9928;6732;1
9928;21035;1
9928;1425680;1
9928;14867;1
9928;17334;1
9928;13954;1
9928;22822;1
9945;896;1
9945;7675;2
9945;6732;3
9945;2434;7
9945;11095;1
9945;137371;1
9945;203640;2
9945;16595;2
9945;211011;2
9945;20330;1
9945;47101;2
9945;35191;1
9945;7042;1
9945;7074;1
9945;56433;1
9945;928;1
9945;22822;1
10010;129442;1
10533;18676;1
10533;80107;1
10533;195878;1
10605;10561;1
10778;59665;1
10778;11715;6
10778;2434;1
10807;14867;1
10807;1907;8
10807;44913;1
10807;21035;7
10807;18559;2
10807;28289;2
10807;1320;1
10807;47101;3
10807;89062;2
10807;1764;3
10807;7042;2
10807;2434;1
10807;51587;1
10807;6437;1
10807;896;1
10807;9425;1
10807;17334;3
10807;226190;2
10807;17918;1
10807;4312;1
10807;18382;1
10830;2027581;1
10830;207262;3
10830;203033;1
10879;1431237;3
10879;20330;1
10879;91514;2
10901;17918;6
10901;274893;1
10901;37858;1
10901;7074;1
10901;2434;2
10901;47545;1
10901;45999;5
10901;13308;2
10901;28289;1
10901;21366;7
10901;1907;1
10901;1425680;1
10901;31266;1
11095;6913;3
11095;6732;15
11095;10901;2
11095;211011;15
11095;896;2
11095;7042;2
11095;203640;7
11095;21366;5
11095;7074;1
11095;50448;1
11095;31266;1
11095;1907;1
11095;28289;1
11095;11328;1
11095;47545;1
11095;22166;1
11328;47101;1
11328;208141;1
11328;16595;1
11336;18745;1
11397;17048;64
11397;179242;1
11397;79311;1
11700;6833;17
11700;9289;3
11715;22917;3
11715;18597;2
11762;11993;1
11762;9289;6
11785;27875;1
11785;13317;1
11847;1217;1
11993;39313;52
12163;11715;1
12182;12184;1
12182;928;1
12184;12182;1
12217;15396;3
12217;21622;1
12257;61407;10
12257;9387;1
12289;12184;4
12289;1148581;1
12322;10778;1
12322;45999;1
12322;1563085;1
13197;13209;3
13209;13197;2
13308;10901;2
13308;35191;1
13308;7074;1
13308;2434;1
13308;17918;3
13308;22822;1
13308;165273;1
13308;31266;1
13336;22822;1
13336;48390;1
13336;17945;1
13336;14867;1
13336;761273;1
13336;813581;1
13383;25153;3
13383;1217;3
13403;80166;29
13403;90750;14
13403;12217;7
13403;12182;1
13453;4790;3
13453;13533;1
13453;2027581;2
13453;137371;1
13533;13453;11
13533;13600;2
13533;4790;6
13600;4790;18
13927;40804;3
13927;52774;14
13927;13453;1
13927;4790;2
13927;13317;1
13954;28289;6
13954;22166;11
13954;48980;8
13954;18731;4
13954;7675;6
13954;90883;1
13954;47101;2
13954;896;3
13954;6913;7
13954;14867;18
13954;6732;1
13954;9387;1
13954;1764;2
13954;11328;3
13954;34894;8
13954;2434;1
13954;35191;1
13954;7042;4
13954;35195;1
13954;16595;9
13954;47545;1
13954;22822;6
13954;17918;3
13954;45999;1
13954;50448;3
13954;79622;1
13954;21035;1
13954;1907;5
13954;14520;1
13954;39145;1
13954;7155;1
13954;1425680;2
13954;21366;1
13954;761273;1
13954;4312;1
14089;559987;6
14089;12217;1
14160;1320;1
14160;17918;1
14520;7042;15
14520;13954;8
14520;22822;9
14520;51587;4
14520;1907;7
14520;21366;2
14520;9928;4
14520;50448;9
14520;14867;4
14520;6913;1
14520;208141;1
14520;28289;3
14520;9479;4
14520;22166;1
14520;16595;2
14520;7675;9
14520;586779;1
14520;7155;4
14520;45999;2
14520;18731;1
14520;39038;1
14520;2282;1
14520;17334;2
14520;56433;1
14520;156654;1
14520;1425680;3
14520;34894;1
14520;6732;4
14520;11328;1
14520;84463;1
14616;658;1
14616;10807;2
14616;156761;1
14671;3587;4
14671;1182;1
14673;50448;1
14673;9479;1
14705;9289;1
14852;130826;1
14867;13954;1
14867;200320;1
14867;7042;3
14867;34894;3
14867;16595;1
14867;7155;1
14867;7074;1
14867;9479;1
14867;82551;1
14867;22166;1
15396;12217;4
15396;1466823;1
15396;21829;1
15417;84463;1
15424;22255;1
15424;175379;2
15424;208230;2
15424;7155;1
15450;22917;1
15450;261874;1
15450;9387;8
15450;4312;1
15450;13954;4
15450;82735;5
15450;7042;2
15450;273243;1
15450;28289;3
15450;14520;1
15450;113117;1
15450;17918;1
15450;9425;1
15450;39145;1
15450;1431237;1
15450;20330;1
15450;16595;1
15450;22166;1
15450;410781;1
15450;56433;1
15549;187301;2
15549;15560;5
15549;15579;1
15549;165611;1
15551;15549;4
15551;15524;1
15560;11397;2
15560;41185;1
15560;17048;1
15560;18754;1
15579;10605;1
15579;74689;1
15579;11397;1
15832;20223;2
16181;83000;4
16345;1764;1
16595;208141;1
16595;14867;2
16595;28289;1
16595;1674;1
16595;11328;1
16595;13954;9
16595;320982;2
16595;2434;3
16595;1841;3
16595;34894;3
16595;22166;3
16595;7042;5
16595;9928;1
16595;50448;2
16595;48980;1
16595;896;1
16633;27432;2
17048;11397;56
17048;15560;3
17048;214478;1
17048;139141;1
17048;127008;1
17319;17334;2
17319;7042;1
17334;51587;1
17334;21035;86
17334;28289;4
17334;155049;20
17334;243448;29
17334;17319;9
17334;21366;7
17334;42712;1
17334;1764;57
17334;1907;20
17334;7675;6
17334;273808;7
17334;50448;10
17334;14867;10
17334;410781;1
17334;18712;12
17334;74689;1
17334;10807;1
17334;14520;1
17334;22822;1
17334;89062;2
17334;2434;3
17334;6913;1
17334;13954;4
17334;7042;3
17334;16595;1
17334;48980;1
17334;10901;1
17334;1425680;1
17334;22166;1
17334;17918;1
17334;18731;1
17334;18754;1
17334;7155;1
17334;1329417;1
17700;73079;1
17700;64942;1
17700;11715;1
17700;86889;1
17700;18731;1
17700;2152;1
17918;1907;5
17918;45762;3
17918;7074;3
17918;50448;1
17918;17334;3
17918;113117;1
17918;39038;1
17918;2434;2
17918;65626;1
17918;1764;1
17918;35195;1
17918;31266;2
17918;21035;2
17918;48390;2
17918;28289;3
17918;14867;6
17918;50671;1
17918;10901;3
17918;56433;1
17918;6913;2
17918;7675;1
17918;48980;1
17918;13954;1
17918;35191;1
17945;45999;1
18382;88905;3
18559;10807;3
18559;4312;1
18559;21035;1
18559;155049;1
18597;11715;136
18597;50602;39
18597;38751;1
18597;12257;1
18600;46163;3
18676;76999;2
18676;89034;1
18676;17334;1
18676;45372;1
18705;41544;3
18705;39145;1
18705;135292;1
18705;7042;1
18705;35192;1
18712;273808;28
18712;47545;1
18712;17334;86
18712;21035;56
18712;28289;2
18712;243448;19
18712;155049;12
18712;21366;1
18712;17918;1
18712;22822;1
18712;1907;5
18712;90881;1
18712;1764;4
18712;1425680;1
18712;50448;1
18712;47101;1
18712;84463;1
18712;267095;1
18712;51587;1
18731;17334;2
18731;13954;3
18731;1907;7
18731;17918;1
18731;28289;6
18731;21035;3
18731;1841;1
18731;9928;1
18731;14867;8
18731;34894;1
18731;48980;1
18731;9945;1
18731;16595;1
18731;7675;2
18731;7155;1
18731;31266;1
18745;11803;1
18812;18676;3
18812;113959;4
18812;667594;1
18812;103697;1
18812;155021;2
18812;137654;1
18841;772125;1
18841;1514953;1
18841;179242;1
19973;12184;1
20223;208141;1
20223;1557272;1
20842;19295;1
20842;57596;1
20842;208141;1
20842;14089;2
20876;15396;2
21035;17334;69
21035;1907;12
21035;47101;2
21035;155049;5
21035;56433;1
21035;28289;3
21035;34731;1
21035;1764;22
21035;243448;10
21035;14867;2
21035;17918;4
21035;34894;1
21035;18712;9
21035;50448;1
21035;89062;3
21035;156761;2
21035;90882;2
21035;21366;2
21035;137217;1
21035;22822;2
21035;13954;1
21035;7675;3
21035;7042;11
21035;51587;1
21035;1469181;1
21035;21037;1
21035;35081;1
21035;18559;1
21035;18731;1
21035;9425;1
21035;273808;2
21035;48980;1
21035;9928;1
21035;2434;1
21035;1425680;1
21035;264520;1
21037;40669;1
21037;21035;2
21037;213805;1
21037;151110;1
21037;260373;1
21123;681;1
21149;21150;1
21149;22709;1
21149;1217;1
21366;1425680;5
21366;50448;6
21366;200320;1
21366;45999;3
21366;51587;3
21366;47545;1
21366;28289;2
21366;22822;4
21366;243448;1
21366;13954;1
21366;17918;1
21366;35081;2
21366;82735;1
21366;10901;1
21366;21035;1
21366;1907;2
21366;22166;1
21366;162086;1
21366;11095;2
21366;17334;1
21366;9928;1
21366;6732;1
21457;13317;1
21539;34649;1
21622;40002;3
21622;33406;2
21622;1433795;1
21622;1972053;2
21684;3700;4
21732;10605;1
21821;21037;4
21824;88757;1
21824;240740;1
21829;15396;7
21829;12217;8
21829;2086849;1
21849;2152;2
21849;12375;1
21849;1217;1
21849;1182;1
21849;40776;1
21849;10807;1
21849;14089;1
22135;1217;4
22135;42423;1
22135;4790;1
22166;13954;10
22166;48980;9
22166;21366;1
22166;11328;2
22166;896;1
22166;28289;1
22166;34894;4
22166;47101;1
22166;14520;3
22166;14867;3
22166;50448;1
22166;7675;5
22166;200320;1
22166;2434;2
22166;39038;2
22166;17918;3
22166;16595;6
22166;1907;5
22166;48390;1
22166;4312;3
22166;6913;2
22166;7074;1
22166;6732;1
22166;1841;1
22166;91882;1
22166;63293;1
22166;1764;1
22166;21035;1
22166;7155;1
22411;33883;8
22449;22411;1
22646;21622;1
22646;12217;2
22709;23848;1
22709;33866;1
22751;928;17
22822;273808;1
22822;261874;1
22822;7042;1
22822;51587;6
22822;1907;7
22822;47545;1
22822;45999;2
22822;14520;5
22822;21366;8
22822;7155;1
22822;90882;1
22822;17918;2
22822;35195;1
22822;14867;3
22822;21035;1
22822;13954;1
22822;1425680;4
22822;896;1
22822;50448;4
22822;22166;1
22822;18731;1
22822;928;1
22822;17334;2
22822;200320;1
22822;7074;1
22822;6732;1
22917;11715;7
22917;81178;1
22917;50602;1
22917;23994;1
22978;15417;9
22978;79489;1
22987;15417;2
23749;12375;1
23803;20330;1
23848;46166;1
23848;22709;2
23848;1470044;2
23994;22917;2
23994;81922;1
24060;773589;1
24076;278140;8
24076;24110;1
24174;504541;1
24660;76545;1
24799;2086849;1
24909;4790;1
24909;2434;1
24909;23342;2
24909;10807;1
25134;55294;1
25153;23010;2
25153;173508;1
25153;13383;2
25153;226108;1
25156;6437;8
25156;12217;1
25156;1217;2
25156;18382;1
25739;52786;2
25739;21035;1
25739;31266;1
25739;12257;2
26239;227586;1
26240;26989;2
26240;61726;1
26240;62264;1
26240;21824;1
26905;130440;1
26989;1764;1
26989;26240;1
26989;21849;1
27013;9932;1
27066;1320;1
27066;546204;1
27432;16633;7
27432;24174;1
27875;9932;1
27884;77595;7
27884;15560;1
27884;2466627;1
27884;59032;2
27961;1764;1
28019;45946;1
28206;52527;1
28208;71457;1
28209;28019;1
28289;896;2
28289;7675;13
28289;410781;1
28289;31266;1
28289;17918;9
28289;13954;2
28289;1907;19
28289;211011;2
28289;58660;1
28289;48980;3
28289;17334;7
28289;1764;3
28289;47545;2
28289;50448;4
28289;7042;5
28289;18731;3
28289;51587;5
28289;14520;8
28289;50671;3
28289;22822;2
28289;21035;2
28289;9928;4
28289;49732;1
28289;7074;4
28289;7155;1
28289;22166;1
28289;208141;2
28289;90881;2
28289;14867;2
28289;34894;3
28289;6732;1
28289;11328;2
28289;10901;1
28289;2434;1
28289;35081;1
28289;82735;2
28289;761273;1
28289;16595;1
28289;1425680;2
28289;9387;2
28289;21366;1
28289;35195;1
29782;13881;1
29917;203791;1
29917;106496;1
30219;1217;1
30533;129442;6
30533;1326010;3
30533;10010;2
30565;20842;1
31266;17918;7
31266;50671;1
31266;13954;1
31266;13308;1
31266;410781;1
31266;165273;1
31266;7155;1
31266;203640;1
31266;50448;1
31266;35191;1
31266;2434;1
31266;11095;1
31266;21366;1
31486;13308;1
31963;11715;1
31963;23010;1
31963;13453;1
31963;3700;1
32382;1764;1
32382;45762;1
33102;15832;1
33102;20223;1
33102;6437;1
33309;672713;1
33309;17048;1
33309;2187799;2
33309;15560;1
33309;2152;1
33309;188199;8
33309;45946;1
33309;19407;1
33406;40002;7
33406;9690;12
33406;85912;2
33883;22411;2
33895;1764;1
34646;34649;22
34646;13954;1
34731;22255;1
34894;50448;5
34894;28289;2
34894;22166;3
34894;48980;1
34894;18731;1
34894;14867;2
34894;50671;1
34894;7675;1
34894;1674;2
34894;16595;1
34894;1425680;1
34894;13954;1
35081;45999;3
35081;50448;3
35081;1425680;1
35191;6913;2
35191;35192;1
35191;17918;6
35191;35195;2
35191;6732;1
35191;10010;1
35191;11095;1
35191;203640;1
35191;200320;1
35191;50448;1
35191;31266;1
35191;165273;1
35192;85493;1
35195;50448;1
35195;65626;1
35195;31266;7
35195;35191;1
35195;7074;1
35195;48390;1
35195;6732;1
35195;10901;1
35195;6913;2
35195;200320;1
35195;16595;2
35195;17918;1
35195;21366;1
35195;2434;1
35306;1907496;1
35645;103962;1
35726;45762;1
35726;208141;1
35726;13308;1
36111;3820;1
36865;12217;4
37498;81566;1
37498;15560;1
37498;4790;1
37498;106755;1
37498;11397;2
37498;139141;1
37498;273581;1
37498;71457;1
37498;4790;4
37498;81566;2
37498;59032;2
37498;28019;1
37504;9928;1
37504;50448;2
37504;22822;1
37504;16595;1
37504;28289;1
37762;84463;3
37858;7074;2
37858;13308;2
37858;13954;3
37858;35195;1
37858;14520;1
37858;17918;2
37858;22822;3
37858;21366;4
37858;1907;3
37858;7155;1
37858;7042;1
37858;50448;4
37858;31266;1
37858;11095;1
37962;47554;1
38037;37762;1
38037;10561;1
38037;17048;1
38731;70792;1
38731;18754;1
39038;1425680;3
39038;22166;5
39038;7042;2
39038;50448;4
39038;1907;2
39038;9479;2
39038;13954;2
39038;21366;3
39145;1256996;21
39145;13954;2
39145;79622;4
39145;15450;1
39145;1674;1
39313;11993;17
40002;33406;14
40002;9690;1
40249;783192;1
40314;9932;1
40471;2152;2
40563;7675;1
40776;15560;1
40776;17111;1
40776;410781;1
40776;139141;1
40804;4790;1
40804;76605;1
41185;165611;3
41185;15560;1
41185;139141;1
41544;10605;1
41544;11803;1
41544;71152;1
41710;12217;1
41718;9544;1
41722;83114;1
42423;1320;1
42810;20223;4
42810;12261;1
42810;411939;1
42810;33102;1
42810;54935;1
42810;15396;1
43060;12217;4
43060;6437;1
43060;91713;1
44511;72780;1
44511;30761;1
44536;104394;1
44579;2086849;2
44622;10807;3
44673;40002;1
44913;1764;2
44913;42712;1
44913;10807;1
44913;1764;5
44913;15579;1
44913;2152;1
44974;2152;1
45064;155082;3
45064;73793;1
45064;215714;1
45064;50448;1
45064;76999;1
45372;18676;1
45623;17111;1
45623;74933;1
45759;21829;1
45768;9156;7
45768;208230;1
45946;2152;1
45946;28019;1
45999;65626;1
45999;50448;18
45999;17918;2
45999;234595;1
45999;2434;2
45999;137217;2
45999;9387;1
45999;47545;8
45999;9479;2
45999;13308;1
45999;35081;1
45999;7042;4
45999;21366;6
45999;10901;1
45999;16595;1
45999;1907;2
45999;1425680;3
45999;48390;1
46163;18600;23
46166;23848;1
46166;1320;1
46166;1217;1
46166;22709;2
46166;46163;1
46719;497746;1
47101;3820;1
47101;54685;1
47101;7042;3
47101;50448;5
47101;2434;1
47101;7675;5
47101;203640;1
47101;17918;1
47101;6732;1
47101;13954;1
47101;155049;1
47101;90883;1
47101;13317;1
47101;1907;1
47101;6913;1
47101;11095;2
47101;10561;1
47101;7155;1
47545;50448;37
47545;45999;26
47545;1907;5
47545;50663;1
47545;2434;2
47545;7042;10
47545;28289;3
47545;31266;1
47545;21366;10
47545;35081;1
47545;13954;6
47545;16595;2
47545;47101;1
47545;17334;1
47545;6732;1
47545;7155;1
47586;12182;2
48258;81566;1
48258;44511;1
48258;1217;1
48258;4790;3
48258;546204;1
48258;52774;1
48258;91514;1
48258;10879;2
48258;2027581;1
48390;13954;1
48390;1764;3
48390;16595;1
48390;22166;1
48390;6913;2
48390;4312;1
48390;7675;2
48390;50448;1
48396;12182;2
48396;3820;1
48404;1764;1
48597;1764;7
48597;7675;1
48597;60735;1
48597;17334;1
48950;3820;1
48980;7675;17
48980;16595;4
48980;13954;22
48980;22166;6
48980;9479;2
48980;7155;1
48980;90883;1
48980;28289;2
48980;1907;1
48980;761273;1
49009;226190;1
49009;1217;1
49009;80107;1
49009;17334;1
49009;21035;1
49288;27432;1
49317;21366;1
49372;132638;11
49621;1764;2
49732;17334;1
49732;9387;1
49732;21035;1
49732;50448;1
49732;28289;1
49734;18731;1
49734;74689;1
49734;190673;2
49734;45762;1
49734;9387;3
49734;22822;1
49734;35726;2
49734;21366;1
49734;1920501;1
49734;17334;2
49734;47101;1
49734;17319;1
49734;366694;1
49734;7155;1
49734;17918;1
49734;9932;1
49734;14867;1
49734;51587;1
49734;896;1
49734;6437;1
49795;30761;3
49795;2157909;2
50448;7042;4
50448;761273;2
50448;90883;2
50448;45999;6
50448;9479;4
50448;35081;3
50448;35191;1
50448;50671;1
50448;16595;2
50448;9425;1
50448;13954;1
50448;2434;1
50448;1425680;2
50448;17334;1
50448;21366;1
50448;56433;1
50448;10901;1
50602;18597;29
50602;11715;3
50639;2434;1
50663;50448;1
50671;50448;9
50671;45999;2
50671;7042;1
50671;48980;1
50671;28289;1
50671;1907;1
50671;22822;1
50671;21366;1
50671;14520;1
50671;65626;1
50772;10010;1
51172;1764;1
51587;90882;9
51587;34894;3
51587;410781;4
51587;7074;18
51587;28289;5
51587;21366;15
51587;14867;4
51587;17334;6
51587;165273;1
51587;47101;1
51587;50448;11
51587;200320;1
51587;261874;1
51587;82735;4
51587;10807;1
51587;35195;2
51587;1907;14
51587;17918;1
51587;243448;2
51587;50671;2
51587;11095;1
51587;16595;2
51587;7042;4
51587;22822;6
51587;84463;2
51587;13954;5
51587;2434;2
51587;336071;1
51587;7675;1
51587;7155;1
51587;90881;1
51587;45762;1
51587;45999;3
51587;14520;2
51587;6732;2
51587;18731;3
51587;211011;2
51587;10901;2
51587;1425680;4
51587;761273;1
51587;39038;1
51587;22166;1
51587;15450;1
51587;73079;1
51587;1252927;1
51587;1329417;2
51611;7074;1
51611;1907;1
51611;7675;1
51611;50448;1
51611;21366;1
51611;208141;1
51611;200320;1
51611;2434;1
51698;2434;1
52527;9932;1
52774;20330;2
52774;13927;15
52774;2074690;1
52774;71457;2
52774;1431237;1
52774;18841;1
52774;7339;1
52786;17918;1
52786;72271;1
53304;1431237;1
54685;17918;7
54685;65626;1
54685;90882;1
54685;90883;1
54685;137217;1
54685;48390;3
54685;47101;1
54685;28289;4
54685;50448;5
54685;10901;4
54685;1907;3
54685;203640;3
54685;35191;3
54685;2434;5
54685;48980;1
54685;9945;3
54685;7074;2
54685;22822;1
54685;6913;4
54685;896;1
54685;7155;4
54685;13954;7
54685;14867;1
54685;56717;1
54685;13336;2
54685;45999;1
54685;11328;2
54685;16595;1
54685;21366;3
54685;13308;1
54685;34894;2
54685;165273;2
54685;2446856;1
54685;137371;1
54685;15450;1
54685;22166;2
54685;7675;2
54685;83971;1
54685;1338683;1
54685;17334;2
54685;1252927;1
54685;11095;1
54685;6732;1
54935;15832;1
54935;37488;1
54935;12217;1
55294;7675;1
55300;47101;1
55300;896;1
55385;45946;1
55385;218217;1
55385;12375;1
55385;4790;1
55571;9544;1
55575;23010;5
55686;13954;1
55997;896;1
55997;7675;1
56433;13954;2
56433;31266;2
56433;113117;1
56433;1907;2
56433;48390;2
56433;17918;4
56433;50448;1
56433;17334;3
56433;10901;1
56433;14867;2
56433;7042;1
56433;2434;1
56433;14520;2
56433;50671;1
56433;16595;1
56433;51587;1
56433;165273;1
56433;137371;1
56433;7074;1
56433;48980;1
56433;45999;1
56717;50448;3
56717;21366;1
56853;1217;1
57287;9425;1
57534;1182;1
57546;11847;2
57546;22255;1
57557;13317;1
57557;2152;1
57557;42423;2
57557;1217;2
57607;20947;1
57607;9425;1
57739;7675;1
57739;9425;1
58157;3587;1
58205;6437;1
59032;76999;1
59032;2163063;1
59032;16345;1
59032;2466627;7
59032;55294;1
59032;40776;1
59196;1907;1
59196;28289;1
59196;7675;1
59285;50831;1
59376;13954;1
60711;130826;1
60735;928;1
60735;11715;1
60995;61016;1
61016;60995;176
61193;1841;1
61211;17319;1
61268;97345;1
61407;12257;33
61698;9932;1
61698;928;1
62456;23010;1
62456;7339;1
62456;12217;1
62456;14089;6
62671;21366;1
63293;1907;3
63293;137371;1
63349;22646;1
63349;200320;1
63349;102499;1
64254;64255;21
64629;1431237;1
64989;17319;1
64989;928;1
64989;108038;3
64993;928;2
64993;17700;2
65039;13954;1
65245;3587;1
65473;4790;10
65473;17111;1
65473;13600;1
65473;7042;1
65626;10901;2
65626;31266;1
65626;50448;3
65626;13954;2
65626;17918;3
65626;45999;3
65626;2434;1
65626;35195;1
65626;7074;1
65626;14867;1
65626;7042;1
65626;21366;1
65626;9928;1
65832;11847;1
66273;3587;1
66273;26239;1
66273;1764;1
66312;9479;1
66358;27875;1
66358;50831;1
67089;20947;1
67670;1217;1
67670;12087;1
67732;10807;3
69448;23010;1
69548;81234;7
69548;125605;6
69591;1217;1
69633;12217;3
69727;3587;1
69745;139141;1
69768;37488;1
69850;928;1
69978;9932;1
69978;20330;1
69978;11715;1
69978;928;1
70270;7042;1
70323;10010;1
70327;1764;1
70545;48597;1
70545;1764;1
70628;1764;7
70628;84463;1
70628;12182;5
70628;3587;14
70628;16595;1
70628;12217;11
70628;7675;2
70628;9479;3
70628;15560;5
70628;50448;2
70628;15832;1
70628;14089;3
70628;33184;1
70628;2086849;2
70628;27961;4
70628;127008;2
70628;7042;1
70628;1344;1
70628;829251;1
70628;12184;1
70628;47554;1
70628;1907;1
70628;63293;1
70628;11328;1
70792;18712;1
71152;144522;52
71152;82551;1
71315;650324;1
71457;89152;1
71457;139141;1
71457;52774;4
71457;20330;1
71521;24955;7
71754;114853;1
71894;1764;1
72041;12182;2
72271;3587;1
72271;52786;1
72780;44511;1
72780;10010;1
72985;1764;1
73073;2152;1
73073;9544;2
73073;105344;1
73073;564967;1
73079;15778;1
73404;1217;1
73462;33406;1
73462;11700;1
73506;1764;1
73793;252594;1
73793;45064;1
74069;46013;1
74069;108152;1
74069;13317;1
74069;20330;1
74385;19407;1
74385;864;1
74689;10807;2
74689;21035;1
74689;18745;1
74689;17334;1
74689;7155;1
74933;22917;1
75106;15579;1
75659;62456;1
75731;93949;8
75855;20330;2
76285;25134;1
76285;3820;1
76285;2152;1
76294;62264;1
76294;7339;2
76605;928;1
76680;9479;4
76680;7042;1
76680;2434;1
76996;22917;1
76996;76999;11
76999;89034;1
76999;156761;1
76999;18676;1
76999;643455;1
76999;92477;1
77118;2152;1
77303;71152;1
77481;7675;2
77481;4312;1
77481;54685;1
77481;49734;1
77481;50448;1
77481;16595;2
77481;45999;1
77481;35191;1
77481;2434;1
77481;165273;1
77595;27884;10
77760;1764;1
77775;47554;1
78293;45999;1
78509;43060;1
78827;31266;1
78934;2152;1
78934;1182;2
78934;11397;1
79233;12182;2
79233;12217;2
79249;102499;1
79328;387746;1
79328;11397;1
79328;6437;1
79338;11715;1
79622;1256996;19
79622;13954;1
79622;39145;36
79622;21366;1
79622;1674;1
79753;12257;1
79753;469332;2
80013;84463;5
80036;1764;1
80107;21035;1
80107;17319;2
80107;10807;1
80166;90750;20
80166;13403;3
80166;12184;1
80166;500064;4
80393;22646;1
80449;12217;1
81178;50448;1
81178;208141;1
81178;6732;1
81178;81177;1
81178;2434;2
81178;84463;5
81178;11715;1
81178;50671;1
81178;7155;1
81234;69548;20
81234;7339;4
81234;125605;1
81566;179242;2
81566;4790;5
81566;7339;2
81566;77481;1
81566;17048;1
81993;40249;2
82465;17048;5
82465;1182;10
82465;45762;1
82465;1764;1
82465;165596;1
82465;48980;1
82465;484628;1
82482;83138;13
82482;9387;1
82551;1764;1
82551;21035;1
82575;27875;1
82628;12184;1
82628;7155;1
82735;28289;14
82735;45999;2
82735;14867;1
82735;1907;2
82735;137217;1
82735;9387;6
82735;50448;4
82735;15450;4
82735;16595;1
82735;9928;1
82735;90882;2
82735;6732;1
82735;7042;1
82735;175379;1
82735;15778;1
82735;18559;1
82735;761273;1
82735;21366;1
82892;92112;1
83000;20330;1
83097;7042;1
83097;11095;1
83138;82482;13
83454;7675;1
83454;2152;1
83454;273243;1
83525;12217;7
83947;31707;1
83947;22646;1
83947;12217;5
83947;87840;1
83947;12184;2
83947;15579;1
83971;45999;3
83971;2434;1
83971;50448;4
83971;31266;1
83971;17918;1
83971;7042;2
83971;11095;1
83971;10901;1
83971;165273;3
83971;47545;2
83971;65626;1
83971;21366;1
84463;37762;9
84463;17334;2
84463;15450;1
84463;15579;3
84463;49732;2
84463;7074;1
84463;22822;1
84463;13954;2
84463;13336;1
84463;50448;3
84463;1816943;2
84463;45999;1
84577;2434;1
84770;13927;1
85014;236237;1
85420;55503;1
85493;35191;3
85493;11095;4
85493;6913;2
85493;2152;1
85493;2446856;1
85493;31266;1
85602;12217;1
85767;12217;1
85912;33406;73
85912;9690;5
85912;544401;1
85912;12217;1
85912;18382;1
86053;22822;1
86717;50448;1
86717;21035;1
86717;628391;1
86717;74689;2
86717;11336;1
86855;86856;3
86856;86855;1
86889;9156;1
86920;2152;1
86920;12217;2
86992;18583;2
86992;11715;1
86992;12182;1
87006;21622;22
87098;48396;1
87234;80497;1
87366;3587;1
87718;95208;1
87840;22646;3
87840;179290;2
87840;265417;1
87894;7042;1
88510;1217;3
88510;9932;2
88510;3628;1
88757;9928;1
88757;20842;2
88757;9932;1
88905;12182;1
88905;18382;1
88905;2086849;2
88905;12217;2
88905;2027581;1
88985;85455;1
88985;9928;2
89034;76999;1
89062;21035;3
89152;18841;1
89152;7042;1
89453;35192;1
89453;381373;1
90383;48980;1
90750;80166;101
90750;13403;7
90750;12184;1
90881;2434;1
90881;90882;3
90881;50448;1
90881;28289;2
90881;90883;1
90881;35081;2
90881;7074;1
90881;47545;1
90881;16595;2
90881;45999;1
90881;211011;1
90881;21366;1
90881;34894;1
90882;51587;8
90882;17918;2
90882;9928;1
90882;1907;6
90882;14867;1
90882;50448;3
90882;267095;1
90882;21035;1
90882;7074;2
90882;243448;1
90882;1252927;1
90883;17334;1
90883;48980;3
90883;16595;1
90883;31266;1
90883;28289;1
90883;45999;1
90883;10807;1
90883;13954;3
90883;21366;3
90883;208141;2
90920;13336;1
90920;13308;3
90920;51587;1
90920;17945;1
90920;1764;2
90920;16595;3
90920;18705;2
91136;9479;1
91307;7042;1
91307;114853;1
91335;50663;1
91335;10901;1
91514;2027581;4
91514;1431237;1
91514;121857;1
91537;46163;1
91614;14089;1
91713;16633;1
92112;49627;3
92266;37858;1
92409;49894;1
92477;18676;3
92570;37498;1
92570;10605;1
92570;203033;1
92570;95208;1
92996;1217;1
92996;10218;1
92996;14616;1
92996;71457;1
93379;45064;1
93601;51587;1
93901;11397;2
93911;1764;1
93949;1907;24
93949;7675;1
93949;187384;2
93949;75731;10
93949;13954;1
93949;128487;1
93949;12217;1
94095;7042;1
94217;22646;1
94217;12217;10
94217;102499;1
94217;15396;2
95208;28208;1
95744;52527;15
95744;52527;1
96751;3700;1
97345;130006;3
97345;22449;3
97345;44511;2
97345;61268;1
97466;91335;1
97466;1674;1
97466;633679;1
97502;32750;2
97870;12257;2
97903;7675;1
99589;413982;1
100003;17048;2
100003;273808;1
100003;74933;1
100003;115627;1
100003;18745;2
100186;27875;1
100186;33222;1
100357;165596;1
100357;1312179;1
100741;3587;1
100741;64629;3
100741;10879;1
100741;2152;1
100837;14852;3
101274;1764;1
101274;69548;1
102087;104394;1
102499;12163;1
102499;22166;1
102550;47101;1
102742;17048;1
102742;55503;1
102847;11803;1
103697;179242;1
103697;1764;1
103697;18754;1
103884;2282;1
104394;44536;6
104868;11397;1
105312;9425;1
105817;2467750;2
106755;1130384;1
108038;928;1
108038;64989;2
108533;545234;2
108949;1764;1
108949;4790;1
108949;54685;1
111926;162086;1
112393;2152;1
112574;1907;1
113117;17918;1
113117;1907;2
113959;18812;2
113969;18382;2
113979;20223;1
113979;12217;1
115425;10879;1
115476;47554;1
115627;18745;1
115627;68657;1
116227;10879;1
116227;21366;1
116227;6732;1
116227;12217;1
116913;116914;6
116913;18745;1
116914;116913;6
118138;154051;1
118405;13317;1
118405;2152;1
118405;7042;1
118405;9932;1
118928;40249;1
119310;17918;1
119984;72985;1
119984;15549;1
119984;59032;1
119995;139141;1
120191;27875;1
120941;115627;1
120941;17048;3
120941;18754;3
120941;15579;2
120941;18745;2
120941;10807;1
120983;1764;1
120983;10561;1
120983;17319;1
120983;11803;1
121079;44511;1
121079;10879;1
121423;1764;2
121554;1182;1
121857;21035;2
121857;20330;1
121857;10218;1
121857;92112;1
122485;9932;1
122485;2152;1
123757;22449;1
123848;56433;1
123848;31266;1
124404;1217;1
124404;33222;1
124806;1960619;1
125197;1217;1
125269;2163063;1
125269;41710;1
125605;69548;3
126285;238495;1
127008;1217;1
127008;16595;1
127008;47554;1
127008;1764;1
127271;7042;1
127271;7675;1
127274;2152;1
127582;10218;1
128276;228458;1
128487;3629;1
128487;411940;1
128600;1764;1
128600;13336;1
128600;20330;1
128600;11715;1
128600;12217;1
129442;10010;8
129442;30533;3
130006;97345;13
130188;85455;1
130776;16345;1
130826;13317;1
130900;10561;1
130900;15579;1
131281;57546;1
131281;11847;1
131942;1217;2
131942;4790;6
131942;13317;1
131942;168788;1
131942;10879;1
131942;2027581;2
131942;226108;1
131942;9932;1
131942;55294;1
131975;47101;1
132019;10010;2
132638;49372;36
134315;27875;1
135292;17334;1
135759;222674;1
135759;96367;1
135759;228354;1
135905;35192;1
136133;13954;1
136429;197976;4
136429;460296;1
136442;165596;1
136442;44511;1
136501;40776;1
136908;47101;1
136950;13317;1
137174;84463;1
137217;73793;1
137217;21035;6
137217;17334;3
137217;243448;3
137217;7074;3
137217;45999;4
137217;69831;3
137217;10807;1
137217;211011;1
137217;21366;1
137217;165273;1
137217;13336;1
137217;13954;1
137217;48390;1
137217;90881;2
137217;2434;1
137217;50448;1
137217;45999;1
137217;267095;1
137217;47101;1
137217;13336;1
137217;31266;1
137217;84463;1
137217;21035;1
137217;17334;1
137217;10807;1
137255;1677651;1
137371;9945;1
137371;7042;3
137371;165273;1
137371;2446856;1
137371;1907;1
137371;410781;1
137371;13308;1
137654;18812;1
137654;278139;1
137969;10010;1
139141;59032;1
139141;15560;1
139141;41185;1
139141;106755;1
139247;46013;1
139360;2152;1
139366;13317;1
139427;15560;1
141763;17048;2
141763;22255;5
141763;586779;1
143105;44511;1
143105;17048;1
143105;10879;1
143859;232142;3
144522;65320;1
144522;71152;22
144522;1764;1
144598;7042;1
144598;76999;2
144598;18676;1
144845;106755;1
146091;33892;9
146091;120941;9
146091;146097;1
146091;18745;1
146091;80365;2
146091;9479;1
147257;9928;1
147733;147736;1
148923;83138;3
148923;82482;2
149853;45999;1
150767;165596;1
151110;47101;3
151110;21037;4
151110;13954;1
151110;21035;1
151110;4312;1
151257;139953;3
151475;252209;1
151575;2152;1
151578;9544;1
151753;9932;1
154183;17918;1
154520;104394;1
154520;3820;1
154982;18676;1
155013;241410;1
155013;18676;1
155046;378186;1
155046;14616;1
155046;59032;1
155046;71754;1
155046;114853;1
155049;10879;7
155049;273808;3
155049;17334;20
155049;1764;2
155049;21035;18
155049;47101;6
155049;14867;1
155049;21037;1
155049;243448;8
155049;2434;1
155049;137217;1
155049;267095;1
155049;18712;2
155049;10807;4
155049;1907;2
155049;82735;1
155049;18559;1
155049;22822;1
155049;6732;1
155082;135289;1
155082;18676;2
155082;45064;3
155082;747791;1
155168;22255;12
155168;141763;2
155716;689419;1
156063;44536;1
156654;50448;1
156761;743813;1
156761;18676;1
157099;10010;1
157099;165596;1
157099;11803;1
157147;11847;1
157960;55503;2
158247;3628;1
158247;13317;1
159006;596760;1
161012;165596;1
161012;593105;1
161378;1764;1
162086;50448;1
162086;1629019;1
162223;9425;1
162469;165596;1
162523;95208;1
163681;12217;3
163681;45999;1
163924;47554;1
164392;9425;1
164746;4790;1
165273;35191;1
165273;17918;2
165273;65626;4
165273;35195;1
165273;200320;1
165273;11095;1
165273;2446856;1
165273;31266;1
165288;28019;1
165288;10218;1
165611;15560;15
165611;10218;1
165611;41185;4
165611;1764;1
165611;15549;1
166129;69548;7
166129;114452;8
166129;10807;1
166129;21366;2
166468;21150;1
166468;3587;1
166468;50831;2
166547;896;1
167102;10218;1
167359;1764;5
167359;7155;2
167359;41185;1
167421;1901475;1
167421;155013;1
167959;113969;1
168565;49009;1
168565;168576;1
168565;42712;1
168565;10561;3
168565;49894;2
168565;96367;1
168565;77775;2
168565;80365;1
168565;35192;1
168565;11803;1
168565;41544;1
168565;678095;1
168788;2027581;1
170933;196443;1
170949;30533;1
171854;78550;1
172907;896;1
172907;20330;1
172907;2434;1
172907;9289;1
172907;9932;1
172908;10218;1
172908;20947;1
173508;11397;1
173707;1764;1
173877;206838;1
174140;97345;1
175040;7339;3
175379;7074;1
175379;28289;1
176280;3587;1
176280;2152;1
176280;12375;1
176280;1182;1
176593;3628;1
176593;165596;1
176593;896;1
176593;4790;1
176858;59048;1
176858;85639;1
177112;52786;2
177112;545234;3
177176;3628;1
178367;45762;2
178367;1444703;1
178367;11397;1
178687;175040;1
178927;17700;1
179242;11397;11
179242;17048;6
179242;18382;4
179242;18745;4
179242;22255;3
179290;15778;1
179290;87840;2
179622;75028;1
179819;20810;1
179884;9425;1
181332;9544;1
181342;7042;1
181342;50448;1
181342;22255;1
182289;65473;1
182289;49894;1
182289;21539;1
182289;65832;1
182289;104394;1
182289;2187799;2
183048;367346;1
183565;1217;8
183565;6732;2
183565;3587;1
183565;896;1
183565;546204;1
184206;6437;1
184587;17048;1
184587;83947;1
184959;85639;1
185599;136547;1
186557;1764;1
187301;15549;1
187384;93949;1
188199;3587;1
188381;13317;1
188381;212043;1
188381;185518;1
188381;65473;1
188381;10879;1
188381;165596;1
188381;431716;1
188381;33222;1
188556;96367;1
188837;25134;1
189269;115108;1
189380;205852;3
189380;50671;1
190673;9479;1
190673;62815;1
190869;1182;1
192305;75106;2
192305;17048;2
192305;15560;2
192494;9544;1
193004;18382;3
193051;55294;1
193051;104394;1
193802;1764;2
194804;95208;1
195704;71457;1
195704;394476;1
195704;28208;1
196443;9690;3
196443;11715;1
196838;10010;1
197976;136429;15
197976;460296;1
198259;27875;1
198663;12217;1
198671;33222;1
199479;1764;2
200320;211011;2
202064;13317;2
203303;31266;1
203441;87840;1
203640;50448;2
203640;137217;1
203640;410781;1
203640;6732;9
203640;1338683;1
203640;9945;2
203640;2434;3
203640;7074;1
203640;9928;1
203640;35191;1
203640;21366;1
203640;63293;1
203640;11095;7
203640;18731;1
203745;203746;8
203746;203745;1
203791;29917;2
204248;104394;1
204248;10879;1
204248;212043;1
204248;569538;1
204248;2187799;1
204364;33102;1
204808;24660;1
205045;1764;1
205767;3820;1
205767;75129;1
205767;1182;1
205767;9544;1
205767;91882;1
205767;2152;1
205852;17048;2
205852;15579;2
205852;189380;4
205852;80365;1
205852;139141;1
205852;9425;1
206117;9544;1
206353;19889;2
206353;175040;1
206358;25153;3
206358;1841;1
207145;11847;2
207145;394476;1
207145;2152;1
207145;28208;1
207262;11047;1
207262;10830;1
207290;44536;1
207684;33222;1
208141;16595;1
208141;21366;1
208141;51587;1
208141;45999;1
208141;35192;2
208141;7155;1
208141;4312;2
208141;113117;1
208141;17918;3
208141;28289;1
208141;11328;1
208141;14867;1
208141;90881;1
208141;7074;1
208141;410781;2
208141;45762;1
208141;90883;1
208141;31266;1
208141;9928;1
208141;56433;1
208230;15424;1
208356;1907;1
208356;949617;1
208877;9932;1
210462;553293;1
211011;2434;1
211011;7042;2
211011;51587;3
211011;9928;2
211011;13308;1
211011;50448;1
211011;21366;2
211011;203640;1
211011;11095;2
211011;1907;1
211756;21829;2
211879;1764;1
212312;20810;5
212608;1182;1
213032;63871;1
213181;13453;2
213181;4790;3
213181;10879;1
213181;65473;1
213181;13317;1
213181;10218;1
213181;13600;1
213181;53304;1
214430;28208;1
214478;49372;2
214951;56433;1
214951;18731;1
215538;1182;1
215668;59196;1
215714;45064;1
216337;27875;1
217361;20330;1
217518;40804;1
217518;9932;3
217518;3628;1
217518;13317;2
217518;4790;4
217518;12375;1
217518;115108;1
217518;922894;1
217550;10778;1
217550;11715;1
219335;168043;1
219350;9387;1
219411;13317;1
220252;6913;1
221386;1764;1
221386;136547;1
221386;55294;1
221736;7339;4
221736;76294;1
221736;782815;1
221808;896;1
222392;521803;1
222674;4790;2
222674;546204;1
223296;18745;1
223388;115108;1
223388;9932;3
223388;3628;1
223388;4312;1
223388;1764;1
223388;1841;2
223388;14867;1
223388;7042;1
223388;2434;1
223388;27875;2
223388;245991;2
223388;366694;1
223388;48980;1
223388;2152;1
223388;59032;1
223388;130826;5
224065;6732;1
224065;1764;1
224065;4790;1
224065;40776;1
224065;928;1
225266;561269;2
225266;10010;1
225774;18705;1
226108;25153;1
226108;37498;3
226108;4790;1
226164;12217;3
226164;12182;79
226190;10807;1
226297;9932;1
226478;95208;1
226478;9932;1
227529;9425;1
227561;1764;1
227561;104394;1
229937;55503;1
229969;2282;1
230224;546204;1
230224;722810;1
230659;2282;1
230659;63662;1
230781;1182;1
230781;1344;1
231152;145798;1
231313;9387;1
231820;3820;1
231820;15560;1
231901;104394;1
231980;22166;1
231984;18745;2
232090;10879;7
232142;143859;2
232917;20842;1
233071;928;1
233365;1217;1
233365;13317;1
233657;1217;1
233671;4790;1
233994;15579;1
234060;44511;1
234060;9932;1
234060;65473;1
234060;20330;1
234595;45999;1
234607;18712;1
234607;1488686;1
234607;17334;1
235546;11328;1
235546;192405;1
236237;22255;2
236237;7042;1
236237;68657;3
236333;12217;1
236610;6913;1
236610;7042;2
236610;13954;4
236610;17334;1
236610;34894;1
236610;7155;1
236610;7675;1
236610;9479;1
237244;429899;3
237244;1907;1
237792;2282;6
238495;65473;1
238695;47554;1
238695;20330;1
239025;115627;2
239025;18745;2
239034;18745;3
239504;218217;1
239999;9425;1
239999;1217;1
239999;7042;1
240740;24955;24
240851;14089;1
240851;1217;1
240851;10010;1
241003;772125;1
241003;85014;3
241003;22255;4
241003;244048;2
241003;141763;1
241003;15424;1
243341;9479;1
243341;9932;1
243341;3820;1
243448;17334;12
243448;17918;1
243448;137217;1
243448;21035;6
243448;1907;2
243448;90882;1
243448;11047;1
243448;50448;2
243448;10807;1
243448;18712;2
243448;155049;5
243448;1764;1
243448;17319;1
243448;74689;1
243448;115108;1
243448;47101;1
243448;273808;1
243562;2282;1
244015;49627;1
244048;22255;4
244177;1344;1
244214;1764;1
244214;287365;1
244445;1217;1
245499;130826;1
245991;1182;1
246018;2155150;1
246018;9479;1
246473;1764;1
247033;14089;1
247342;4790;1
248084;13453;1
248084;9932;4
248084;42423;1
248084;4790;1
248423;27875;1
248782;11715;1
249779;12217;1
249779;14089;1
250422;6437;1
250422;1764;3
251519;83971;1
252594;73793;1
252594;1764;2
252594;17334;1
252734;136547;1
252931;17048;1
253204;7795;1
255764;9932;1
256083;20330;2
256276;7042;1
256868;27875;1
256888;1182;1
256970;139141;1
257071;310814;1
257485;63662;1
257756;21366;1
257797;237269;1
257946;184587;1
258801;13308;1
258873;18583;2
259308;228458;1
260373;190673;1
260413;4790;3
260413;1217;6
260413;896;1
260413;928;1
260825;2027581;1
261117;1217;1
261874;13308;1
261874;13954;1
261874;1425680;1
261874;2434;1
262037;20330;2
262037;22917;4
263009;37179;1
264142;1764;1
264142;13317;2
264520;47101;1
264520;14867;1
264520;17918;1
264520;7675;1
264520;11336;1
264520;13317;1
264520;21366;1
264520;9387;1
265095;1764;1
265095;18597;1
265417;9425;1
265990;91909;3
266271;85639;2
266271;72985;1
266456;1764;5
266456;3587;1
267065;2051967;1
267095;1907;14
267095;17334;15
267095;1764;2
267095;45999;4
267095;14867;3
267095;2434;2
267095;137217;1
267095;155049;1
267095;50448;4
267095;51587;4
267095;14520;1
267095;7675;1
267095;243448;1
267095;21366;1
267095;1425680;1
267095;7042;1
267095;39038;1
267095;21035;2
267095;56433;1
267095;28289;1
267095;410781;1
267095;18731;1
267095;22822;1
267260;11328;1
267260;1182;2
268341;63662;1
268341;165596;1
268548;1764;1
270000;18745;5
270000;22255;1
270062;9932;1
271036;13954;1
271036;81234;1
271819;15396;1
272581;11397;1
272671;15579;4
272671;17048;8
272671;52553;1
272671;11412;6
272671;17334;2
272671;13892;1
272671;45999;6
272671;18745;6
272671;71754;2
272671;261874;1
272671;11397;1
272671;50448;1
272671;22166;1
272671;10901;1
273308;1217;1
273775;71910;1
273808;21366;3
273808;243448;16
273808;7042;3
273808;17334;29
273808;47545;2
273808;21035;23
273808;28289;2
273808;18712;8
273808;2434;1
273808;14867;1
273808;7675;1
273808;18731;1
273808;22822;4
273808;45999;3
273808;90882;1
273808;50448;1
273808;13954;1
273808;1907;5
273808;82735;1
273808;155049;4
273808;896;1
273836;45999;2
273836;137217;1
273836;15778;1
273836;48980;1
273836;165273;1
273836;50448;1
274893;4790;1
274893;51611;1
274893;20330;1
274893;15560;1
274893;928;1
275383;91713;1
276307;55294;1
276479;1764;1
276533;9544;2
276668;1137644;1
276668;74442;1
278139;102742;1
278139;492030;1
278139;21035;3
278140;24076;6
279152;115108;3
279152;22449;1
280349;13317;1
280349;1764;1
281729;18676;1
283281;12163;1
283281;9479;1
284366;1217;1
284366;155168;2
284366;25156;1
285841;124404;1
285841;20330;1
285841;1841;1
285841;2152;2
286313;17048;2
286768;546204;1
286768;20330;1
286768;2152;1
287365;11803;1
287578;2086849;1
288570;9932;3
288570;3628;1
289423;1764;5
289665;1217;1
289665;3700;1
292178;9932;5
292178;13453;1
292178;3628;1
294432;9544;2
294432;21824;5
294432;14089;3
294432;1217;1
294432;12217;1
294432;10807;1
294432;20842;1
294565;2434;1
294565;7042;1
297311;55294;1
300374;88928;2
300986;9932;1
300986;2152;1
300986;20330;1
304774;14089;1
305363;21366;1
307875;33222;1
308857;126682;1
308857;12182;1
308857;6437;1
308857;87840;13
308857;179290;1
312093;10879;1
320982;16595;1
323733;33222;1
325902;10010;1
326364;262712;1
326978;11803;1
326978;71457;1
328614;10807;2
328614;13954;1
330367;1907;1
331452;4790;1
331452;20330;1
331452;233365;1
334784;922310;1
334784;532426;1
335725;55294;1
340230;9932;3
348160;96367;1
349785;20330;1
349785;3820;1
349914;123617;1
352616;11397;1
353321;7042;1
353321;13317;1
353321;16595;1
353321;9425;1
355508;1217;1
356116;12217;2
356116;21829;4
357188;106755;1
357188;15560;1
357761;10807;1
360070;2434;1
364485;50448;1
364485;33406;1
364485;12217;1
364485;45999;1
364485;21366;1
364485;165273;1
364489;928;1
366694;115108;5
366694;946609;1
366694;77458;1
366694;21035;1
366694;42712;1
366694;1841;1
367346;2434;1
367346;20330;1
367346;51587;1
368266;45094;1
369626;1764;1
369626;55294;1
369626;2152;2
369626;13317;2
369626;26989;1
369626;82864;1
369626;470011;1
369626;203033;1
371324;4790;1
371324;9479;1
371324;75129;1
371324;48396;1
371324;21539;1
371324;1182;23
371324;10807;1
371324;2152;1
371324;3587;1
371324;44511;1
371324;21849;2
372767;53304;1
372767;1217;2
372767;89152;1
381373;139971;1
381373;14089;1
382934;48980;1
382934;7675;1
382934;7042;1
387746;1182;1
387746;70545;1
394476;4790;1
394476;16633;1
400791;34731;1
401764;10010;1
407755;2152;1
407755;4790;1
407755;7042;1
407755;55294;1
410781;9928;1
410781;50448;1
410781;4312;1
410781;16595;1
411939;1764;1
411939;50448;1
411939;34731;1
411939;15560;1
411940;33866;2
415201;12184;1
421626;2282;1
421626;2152;1
421637;27875;2
424002;2152;1
424002;92570;1
424002;28208;1
425970;12217;4
427240;21035;2
427240;17334;1
428662;27875;1
429212;59196;1
429212;2434;1
429477;10010;1
429899;9387;1
429899;50448;2
430557;17334;1
430557;18812;2
430557;18676;2
430557;1764;1
431716;27875;2
433912;7675;1
435563;15396;1
443791;12217;1
443923;9544;1
444011;1217;1
444011;13317;1
444011;55294;1
444809;13317;1
444809;104394;1
445313;1764;1
449350;146097;1
449350;80365;3
451350;137654;3
451350;52786;1
451350;15579;1
453847;1320;1
453847;10561;1
460296;136429;10
460296;197976;2
462068;462070;2
462809;85455;2
467089;1579307;1
470011;1217;1
470011;2152;1
470225;1217;2
470652;273581;2
472598;2335198;1
472598;10807;1
473197;7042;1
473197;21366;1
476097;6437;1
478409;47101;1
478409;975824;1
478409;45946;1
478807;13317;2
478807;50831;1
481193;10218;1
481193;1217;1
481193;14089;2
481193;928;1
484072;1764;1
484521;72985;2
490790;17334;3
490790;17048;1
490790;10561;1
495133;11397;1
495653;28289;1
495653;243448;1
495653;21035;1
497744;497746;1
497746;46719;1
500064;80166;4
500064;1764;1
500323;45999;1
501222;21366;1
501222;47554;1
502081;546204;1
508879;1764;1
508879;10807;1
509769;9932;5
509769;3628;1
510549;27858;1
512222;193523;1
512755;106755;1
513054;2152;1
513868;175180;2
513868;1182;1
515187;68061;1
515187;3587;1
515187;1217;1
515187;1764;1
515187;20842;1
515187;22166;1
516783;9544;1
517323;3587;1
521803;20330;1
523893;7074;1
524574;10879;2
525777;45573;1
525777;1182;4
525777;1764;2
530627;3628;1
530627;3587;1
531124;20330;1
531124;928;1
534161;88928;5
534161;1217;1
534161;17918;1
535216;21150;1
537492;15560;1
544045;15579;1
544401;4346;23
544401;20330;1
545158;52553;1
545234;177112;18
545832;25156;1
545891;49372;1
545891;136429;1
545901;214478;1
546204;20330;1
546204;907791;1
550069;1182;1
550069;1764;1
550391;50831;1
551351;9932;1
552063;42712;1
554342;1764;2
554342;21035;4
554342;226190;2
557041;12217;1
557041;1217;3
559290;18841;1
559290;44913;1
559987;14089;6
561269;9289;1
561370;152835;1
561370;681;1
561627;9932;1
562316;63662;1
562372;3587;1
563678;27875;1
564324;16345;1
564324;1764;5
564967;2434;1
564967;73073;1
565195;864;10
565195;3629;1
567566;11803;2
567566;191779;1
567566;11336;1
567566;82551;1
567566;172907;1
567566;17319;1
569538;11803;1
570332;1764;1
576919;4790;1
581419;12217;1
581419;6437;2
581419;2086849;20
581419;19407;1
585281;7339;1
586779;48390;2
586779;10807;5
586779;155168;2
586779;141763;10
586779;9479;2
586779;286147;1
586779;21035;1
586779;80107;1
586779;13954;1
586779;22255;2
586779;772125;1
588341;20330;7
588341;2434;1
588341;94003;1
588341;11715;3
589965;928;1
591958;20330;1
593105;161012;4
593105;1168642;6
596362;3587;1
596760;136547;1
596847;27875;1
597595;3820;1
597595;97345;1
597595;3587;1
597595;9932;1
598602;14852;1
598602;7675;2
600215;18676;1
600215;1816943;1
600215;11715;1
601138;44511;1
605370;44511;1
611099;12217;1
612351;1907;2
615953;1217;2
619195;16595;1
620890;4790;4
620890;44511;1
620890;7042;1
620890;26239;1
620890;10010;1
620890;139247;1
620890;1217;1
620890;20330;1
620890;10879;1
620890;22449;1
620890;10218;1
620890;394476;1
622763;15560;2
623619;11047;1
623619;1320;1
623619;546204;1
625870;525307;1
625870;2152;1
625870;376888;1
626604;17334;1
633440;192799;1
633679;9479;2
634052;12217;5
636568;9425;1
636568;31266;1
638669;13317;1
638669;33102;1
638669;3820;1
638669;7042;1
643140;18745;1
643140;244214;1
643455;22255;1
643455;76999;2
644921;648825;1
647323;173508;1
650510;80166;1
650510;12217;1
651369;44511;1
651369;2152;1
651369;212043;1
651369;65473;1
651369;1764;1
651369;7675;1
653655;33309;1
653848;689419;1
653848;243448;1
653848;2027581;1
656373;191779;1
657255;48980;1
657255;523893;1
657255;47101;1
657255;13954;1
657681;50448;1
658235;10807;1
658248;22449;1
661392;2434;1
663173;180990;1
664873;303997;1
666219;173508;1
666989;9690;1
666989;928;1
667594;1907496;1
668007;3587;2
669938;20330;1
670588;212043;1
673115;17048;1
678095;17319;1
679060;10218;1
679060;7675;1
679060;20223;1
682277;7675;1
686038;77458;1
689419;21035;1
689419;941715;1
691351;16595;1
691477;27875;1
691477;48390;1
697468;13453;1
697468;4790;1
697468;1217;1
698984;18745;1
701820;87840;1
701820;126682;1
701820;12217;1
705403;896;1
706230;28208;1
710557;1217;2
710557;10807;1
712578;4790;1
714024;13317;2
714024;1764;2
714024;71457;1
714408;49627;1
714408;1104062;1
714789;9932;1
716984;7074;1
718368;25739;1
718368;5170;4
718368;928;2
718368;15560;1
718368;50448;2
718368;11412;1
718368;13954;1
718368;10901;1
718368;681;3
718368;39313;2
718368;47554;1
718827;97345;1
719152;30761;1
719187;165596;1
721115;1182;3
721465;17048;1
721766;25994;1
722795;59032;1
723631;431716;1
723760;10561;3
726788;13317;1
727567;9932;5
727567;33883;1
738470;1217;1
738470;470225;2
738613;9932;1
738613;50831;1
741446;12217;6
741446;49732;1
742526;1579307;1
742526;9932;1
742526;394476;1
743813;501888;1
746367;274709;3
749018;2434;1
749697;59196;1
749697;4790;1
751926;1182;1
756556;18587;1
757615;12217;1
758189;12217;1
758189;7339;1
759480;15832;1
759480;20330;1
761273;208141;2
761273;14867;3
761273;2434;1
761273;7042;2
761273;200320;1
761273;14520;1
761273;13954;15
761273;7675;3
761273;1841;1
761273;34894;1
761273;28289;1
761273;1907;2
761273;22822;1
761273;48980;1
761273;90883;1
761273;16595;1
761273;7155;2
761273;56433;2
761273;211011;1
761273;410781;1
763571;165596;1
764308;9386;1
766130;27875;1
766130;203033;2
766130;6732;1
769050;7675;1
772125;22255;6
772125;141763;1
773995;7675;2
773995;75028;1
773995;2434;4
773995;13308;1
773995;21366;1
773995;1425680;2
773995;45999;1
773995;6913;1
773995;7074;1
774591;1217;4
774877;1217;2
777194;4790;1
777694;9425;1
777864;10605;1
780300;3629;2
780300;40002;1
781480;10605;1
781480;11803;2
782815;221736;17
782815;93379;1
783192;200320;1
783192;9932;1
784741;50448;1
785016;13317;1
785016;49894;1
787433;45967;1
788844;788845;7
788845;788844;10
792058;11412;1
792058;17048;2
792058;11412;7
792058;44913;1
793566;25284;2
794187;108548;1
794187;429477;2
794187;44536;1
794187;33222;1
794224;18745;1
795568;49627;1
796599;4346;1
797624;648825;1
797840;21035;1
798578;12257;1
800360;11803;1
800609;1764;1
802167;108038;1
805103;24110;1
805167;82735;1
805167;21366;1
805599;17048;1
806994;25156;1
806994;701820;1
811356;15560;1
811356;1466823;1
812440;2434;1
812440;7675;4
812440;48980;2
812440;1907;1
812440;7042;1
812440;22166;1
813581;2434;1
813581;50448;1
813581;11394;1
813581;4312;1
813581;175379;1
813581;22166;1
813581;17334;1
814380;68657;48
814577;13317;1
815207;1182;1
815450;13317;1
816466;62815;1
816466;1217;1
819372;34649;1
820554;47554;1
821802;47101;1
823030;63293;1
825759;3700;1
825759;3628;1
825759;9932;1
833985;17202;11
834742;411939;1
834936;570793;1
834936;1764;1
834936;171376;1
835213;1764;1
837637;9544;1
845812;51587;1
845812;7074;1
846940;61268;2
849571;9425;2
851484;10010;4
853382;60711;1
855337;62264;1
862274;165596;1
862275;15579;1
862275;108152;1
862275;1764;1
862275;89152;1
870037;1764;68
870037;10807;2
870037;21035;3
870037;226190;1
870511;928;1
871989;12375;1
872563;81234;1
873164;18745;1
873673;3587;1
873709;35081;1
878491;113969;2
882351;50448;1
886970;215714;1
887068;62815;1
887467;4790;2
887467;173508;1
887467;1217;3
887467;6732;2
887467;20223;1
887467;90881;1
887467;3587;1
887467;77458;1
887467;546204;1
894776;1907;1
895353;44536;1
897465;26239;1
898402;1764;5
898402;12217;8
898402;21829;1
898402;47554;1
898402;10807;1
905432;1217;2
907685;20947;1
907791;23994;1
908568;19407;1
908568;2152;1
908578;1764;1
911319;4346;2
914590;50831;1
915208;1764;1
915833;9425;1
916114;40002;1
918892;80365;1
919389;33883;2
921675;14520;1
928229;9425;1
929943;701009;1
934943;7042;1
934986;154051;1
936898;15210;1
937104;975283;1
937189;1217;1
937189;71457;1
937189;394476;1
937189;196443;1
941125;33222;1
941715;18676;8
941943;3587;1
941946;12375;1
946661;68835;1
949617;11715;1
953999;73079;1
958021;1764;1
961712;2152;1
961712;27875;1
961712;165596;1
961742;9425;1
964749;712578;1
964749;3587;1
964749;6913;1
966245;278139;1
966245;47554;1
966538;896;1
975824;3587;1
979804;10605;1
981199;2152;1
981199;36970;1
981199;1764;1
981903;46724;1
981929;166838;1
981929;1182;1
982702;28208;1
985108;283170;1
985433;11785;1
987153;13317;1
990078;34649;1
990731;2152;1
993731;34731;2
993731;208141;1
993731;10807;1
997414;1764;1
997986;1217;1
1004378;12217;1
1017571;1764;1
1017571;1217;1
1017571;44913;1
1017571;267095;1
1017571;44913;2
1017571;49732;1
1023044;9425;1
1025042;10807;1
1034708;1315709;1
1041053;1764;2
1042184;50831;2
1048006;901636;9
1048868;1764;1
1048868;20330;1
1050576;7042;1
1050576;2434;1
1050584;42712;1
1051537;15832;1
1054834;21366;1
1054834;896;1
1054927;144522;68
1054927;71152;133
1058241;9544;1
1060102;200320;1
1060102;22255;1
1062020;68835;1
1064497;2434;1
1065189;27875;1
1066693;2152;1
1067566;59032;1
1071275;176319;1
1071467;21849;1
1071721;48980;1
1071721;1217;3
1071721;9945;1
1071721;9932;1
1071721;11328;1
1071721;1414817;1
1072616;861646;2
1072616;1485152;1
1072616;681;3
1077224;131281;1
1077856;114853;1
1079710;16595;1
1083013;44511;1
1088170;9425;2
1088170;21366;1
1088170;13954;1
1092125;17048;1
1092125;5170;1
1092405;19889;1
1092405;7042;1
1096404;42712;1
1096647;13954;1
1098544;12217;3
1099758;18745;1
1102814;11397;1
1104062;15579;4
1106531;67732;1
1107875;7155;1
1109945;26007;4
1109945;44536;1
1111154;200320;1
1117156;3628;1
1118650;50831;1
1120505;18745;1
1120505;6437;1
1124390;9928;1
1126204;83454;1
1126204;12217;1
1126375;18754;1
1126641;17334;1
1128738;3700;1
1128738;165596;1
1128738;9932;1
1130382;48347;6
1130384;155168;1
1130392;17202;1
1132134;7042;1
1136000;9544;1
1136258;562316;1
1136711;6437;1
1137644;276668;2
1140458;13453;1
1141949;22751;2
1142241;1217;1
1142468;2152;1
1143600;11847;1
1143703;7042;1
1144826;20330;1
1147252;11448;1
1147252;81552;1
1147323;19407;1
1147933;13317;1
1147933;1764;1
1147933;10561;1
1147933;3820;2
1147933;14705;1
1147933;1217;1
1148581;12289;1
1150876;65473;1
1150876;10561;1
1151179;96367;3
1151179;174140;1
1161069;10218;1
1161069;4790;1
1162862;21366;1
1162862;2434;1
1162984;3628;1
1162984;47554;1
1166207;12087;1
1166207;6437;1
1166207;3628;1
1166607;57546;21
1166607;131281;8
1166607;65832;2
1166607;21035;1
1166607;20330;1
1169216;50831;1
1169216;104394;1
1172994;133167;1
1172994;2152;1
1173245;23342;1
1173976;44536;2
1177947;10010;8
1178308;1217;1
1178308;546204;1
1178308;12375;1
1180081;22449;1
1180113;1217;2
1180113;1841;1
1180384;13317;1
1182231;1217;1
1182231;1182;1
1182231;20947;1
1182668;3587;1
1184467;98156;1
1185229;37498;1
1185229;17048;7
1185229;11397;5
1186517;176475;1
1186517;394476;1
1188950;13317;1
1194165;7339;1
1196957;29820;2
1197932;6437;1
1197932;20330;1
1197932;11803;1
1197932;50831;1
1197932;7042;1
1197932;17319;1
1198333;3628;1
1201791;33406;1
1201791;13372;3
1201791;18600;1
1201791;6437;1
1204233;81177;1
1204233;15778;1
1208417;17319;1
1208767;1182;1
1212817;10605;1
1212817;11412;1
1213145;1217;1
1213145;2152;2
1213145;3628;1
1213145;22166;1
1213145;1764;1
1213145;10879;1
1213145;10807;1
1213145;25156;1
1214863;3587;1
1216196;1764;4
1219402;21366;1
1220996;6913;1
1222044;865820;1
1222044;26806;1
1227552;21035;1
1227552;80107;1
1227552;17334;2
1227552;2434;1
1230512;139285;36
1231803;323733;1
1231803;136547;1
1233824;2152;1
1234966;136547;1
1235989;1841;1
1235989;20330;1
1235989;165596;1
1236182;21366;1
1236182;2152;1
1236182;2434;1
1236182;10218;1
1240106;137174;30
1240106;84463;1
1242555;44511;1
1242555;9932;1
1242555;10605;1
1242555;27875;1
1244388;104394;1
1249599;104394;1
1249599;1217;1
1249599;55294;1
1252022;12217;1
1252629;4790;1
1252970;15396;1
1252970;12217;1
1255172;11047;1
1255629;1217;1
1256245;1182;1
1256996;39145;87
1256996;79622;12
1256996;13954;2
1256996;15450;1
1258850;1764;1
1263403;33406;1
1267559;2152;1
1268649;1217;1
1268649;3628;1
1268649;9932;1
1269166;1217;2
1271928;20330;1
1272401;1217;1
1272401;18745;2
1273349;165596;1
1273432;27875;1
1273592;145798;1
1273592;16595;1
1273592;11803;1
1274468;6913;1
1277304;875164;1
1278341;23010;1
1284702;104394;1
1285694;2086849;1
1285694;1907496;1
1285851;11715;1
1285851;2434;1
1285851;20947;1
1285851;76605;1
1291404;11715;1
1291404;6437;2
1293605;20842;1
1293605;1344;1
1294155;7042;1
1294155;1217;1
1294155;20330;1
1294480;7042;1
1295676;50831;1
1296278;7675;1
1297838;18745;1
1298114;2152;1
1298343;13317;1
1303492;816856;1
1304023;17202;1
1306088;9425;1
1306831;7042;1
1306969;9544;1
1306969;156654;1
1311788;928;1
1311788;63349;1
1315621;12217;1
1315871;2176867;1
1317583;1182;1
1317777;1764;2
1319816;46013;1
1320510;1217;8
1320510;9932;1
1320510;10218;1
1325714;17048;1
1325714;16345;8
1325714;116914;1
1326010;30533;15
1329417;47545;1
1329417;7074;1
1330198;1182;2
1330198;1764;1
1330198;1579307;1
1330520;14867;1
1334205;33222;1
1335072;2152;1
1337649;4790;1
1337649;76999;1
1337649;68657;4
1338257;1182;1
1338490;33866;2
1338683;35191;1
1338683;11095;3
1338683;31266;1
1338683;35195;2
1340899;576919;1
1342488;33883;2
1343888;34894;1
1347522;9932;1
1347522;13317;1
1347630;7155;1
1347630;7042;1
1347630;13954;1
1347630;33222;1
1350481;4312;1
1351330;17334;3
1351330;1764;6
1351330;21035;4
1351330;50448;1
1351330;1907;1
1352354;2434;1
1353113;2152;1
1356149;65473;1
1356149;21366;1
1359676;10605;1
1360205;173508;1
1369103;15549;1
1371892;63662;1
1373598;9425;1
1375830;1764;1
1375974;47554;1
1375974;25761;1
1375974;1764;1
1377576;24660;1
1377576;221736;1
1378637;203640;1
1378637;2434;2
1378637;9928;1
1378637;14867;1
1378637;45999;1
1378637;45762;1
1380035;16595;1
1380035;1907;1
1386329;12217;2
1387813;20330;1
1390229;33883;1
1391207;440503;3
1391207;9425;1
1394539;17048;1
1395465;6437;1
1395671;2027581;1
1399560;20330;1
1404599;4790;2
1404599;3587;1
1405685;33767;1
1405685;12217;1
1409134;1841;1
1409134;50831;1
1409134;3628;1
1409134;12087;1
1411035;275528;1
1413338;10561;2
1414146;41722;1
1416813;50448;1
1416813;16595;1
1416813;9479;1
1416813;7675;2
1416813;1907;1
1417772;27875;1
1417772;40776;1
1417772;4790;1
1417772;922894;1
1417772;27875;1
1417772;70323;1
1417772;4790;1
1417772;1217;1
1419632;1674;1
1421861;20330;1
1425680;21366;4
1425680;50448;6
1425680;15778;1
1425680;47545;3
1425680;1907;1
1425680;13954;3
1425680;45999;1
1425680;22822;1
1425680;90882;1
1425680;2434;1
1427084;21366;1
1430847;21366;1
1430847;13954;1
1431237;106755;1
1431414;11397;1
1433795;21622;11
1433795;87006;1
1444703;1217;1
1446057;504541;1
1446057;91713;1
1450093;11803;1
1454698;1182;1
1457582;136547;1
1458791;431716;1
1458791;103962;1
1459484;188199;1
1466823;12217;3
1468367;21824;1
1469119;27875;1
1469119;10879;1
1469181;21035;1
1469757;6437;1
1470044;23848;41
1470044;39313;1
1470671;10807;1
1475780;18745;1
1475822;13954;1
1479859;1479860;6
1485152;1217919;1
1487139;12087;2
1488686;17048;1
1489767;3587;1
1489767;546204;1
1494280;4538;1
1494280;16595;1
1497134;2434;1
1513279;200320;1
1514360;10218;2
1514360;20947;1
1514953;215668;9
1514953;18841;11
1514953;21035;1
1514953;15424;1
1516063;10218;1
1516257;17334;1
1519142;394476;1
1519142;26239;1
1521650;46013;2
1521988;1764;1
1523468;31266;1
1525286;1182;1
1533096;1654371;1
1538805;3820;2
1538805;10807;1
1542136;237244;1
1542136;9425;1
1544097;1579307;1
1546049;1764;1
1549406;175040;1
1549406;9387;2
1550086;13317;1
1550086;50831;5
1550086;546204;1
1551289;896;1
1555027;18731;1
1557272;20223;10
1557272;15832;2
1557272;28019;2
1557863;18676;2
1560487;9544;1
1563672;1841;2
1563672;81566;1
1563672;681;1
1563672;7675;1
1563672;11328;1
1563672;7074;1
1563672;60711;1
1563672;11397;1
1563672;252594;1
1563672;928;2
1564725;248015;43
1568721;21366;1
1571543;15560;1
1573530;1320;1
1574671;1344;1
1575112;212043;1
1576973;2434;1
1576973;71457;1
1577242;1217;1
1577573;54935;1
1580982;10901;1
1581714;115108;1
1581714;17111;1
1585502;13954;1
1590603;44511;1
1590603;165596;1
1595346;4790;2
1595346;1217;1
1595346;10561;1
1595346;10218;1
1595350;200320;1
1595800;47554;1
1596935;42712;1
1598336;46719;1
1598336;497746;2
1599193;12217;1
1599193;12182;1
1599403;75028;1
1599403;149848;1
1600012;7074;1
1600012;7675;1
1600413;2434;1
1600413;23010;2
1606634;9544;1
1609761;28289;1
1609761;9479;1
1609761;7042;1
1609761;31266;1
1610320;2152;1
1610842;1217;1
1610842;9932;1
1615192;410781;1
1615192;7074;1
1615192;22822;1
1615192;51587;1
1617936;44511;1
1617936;431716;1
1618183;21150;1
1618183;3653;1
1622671;488986;7
1622671;15417;1
1622671;24110;1
1624090;20330;1
1629970;27432;1
1631932;7042;1
1633606;40776;1
1633606;165596;1
1633606;55294;2
1633606;394476;1
1633606;45946;1
1633606;19407;1
1634488;17048;6
1634488;11397;1
1634488;15560;1
1634488;68657;1
1636986;1907;1
1641605;94003;1
1642253;51587;1
1645360;2434;1
1645783;72041;1
1645783;12182;1
1657937;62815;1
1660466;4790;3
1660466;1217;1
1660466;546204;1
1660466;20947;1
1661843;9932;1
1661926;2152;1
1662807;229937;1
1667011;47554;1
1667795;928;1
1667795;50831;1
1671847;50448;10
1671847;31266;1
1671847;47101;1
1671847;1907;1
1671847;13954;2
1671847;2434;1
1671847;35195;1
1671847;13336;2
1671847;51587;1
1671847;35081;1
1671847;2446856;1
1671847;7675;1
1671847;16595;1
1671847;83971;1
1671847;10901;1
1671847;410781;1
1672860;74442;1
1673794;23010;1
1677366;681;1
1677651;6437;1
1677651;11397;2
1679016;137371;1
1679016;16595;1
1679016;14520;1
1680458;62815;2
1685658;13317;1
1685658;10807;1
1685658;4790;1
1685658;21366;1
1685658;7042;1
1693763;13317;2
1693763;95208;1
1693763;27875;1
1694437;9932;1
1698212;1217;1
1698212;21824;1
1699269;20330;12
1700142;80497;6
1700142;11715;1
1701144;100003;2
1701215;4346;1
1702003;65473;1
1702077;364489;1
1702077;4790;1
1717212;93088;1
1718229;1764;1
1718229;4312;1
1726129;49732;2
1726129;1764;1
1726129;226190;1
1726129;17918;1
1726129;1217;1
1726129;155168;1
1729639;13317;1
1732949;21366;1
1734165;17334;1
1734317;7675;1
1738417;34894;1
1741002;13954;1
1741002;3820;1
1742961;2434;1
1742961;20330;1
1752395;2434;1
1757452;658;1
1760114;27961;1
1760450;9544;2
1760695;12217;1
1761644;323733;1
1776755;33309;1
1780486;81552;1
1780539;12087;1
1783824;9544;1
1787635;55294;1
1790791;2152;1
1791509;151756;1
1793033;10879;1
1793033;27875;1
1793033;431716;1
1793033;4790;1
1793593;10010;1
1796321;1764;1
1803287;33883;2
1805508;9425;1
1805508;81552;1
1805728;13317;1
1807095;46013;1
1807266;15579;1
1807892;2086849;2
1807892;12217;1
1816265;49372;1
1816943;9479;5
1816943;17334;2
1816943;13954;2
1816943;21035;2
1816943;7675;1
1816943;7042;2
1816943;208141;1
1816943;14867;1
1816943;45762;1
1816943;50448;2
1816943;21366;1
1816943;989242;1
1816943;47101;1
1816943;22822;1
1817222;39145;9
1817222;1256996;3
1817222;79622;4
1817416;17700;1
1820442;31266;1
1820895;70792;2
1821711;174319;1
1822985;1764;3
1822985;10807;1
1822985;9479;2
1822985;21366;1
1822985;2282;1
1823260;11394;2
1826365;18745;1
1831197;64989;1
1831918;20330;1
1833342;2152;2
1833342;7339;1
1833795;12163;1
1833850;2152;1
1837980;81552;1
1839223;7675;1
1843099;20947;2
1849978;10807;1
1850770;11803;2
1852089;546204;1
1860011;47554;1
1860326;42423;1
1865424;1217;1
1866846;14616;1
1867764;6913;1
1873300;21150;1
1875414;7074;1
1879041;681;2
1879041;681;1
1881547;7155;1
1882193;1182;1
1883907;780339;1
1889534;9425;1
1893482;9932;1
1901475;167421;36
1901475;155013;1
1902240;1217;1
1904291;12217;2
1904291;3820;1
1907580;111407;1
1908100;7675;1
1908650;9932;1
1908662;44511;1
1908662;65473;1
1910563;11803;6
1910563;33883;1
1910563;18247;1
1911034;177176;1
1911034;797624;1
1911440;12217;9
1911440;2086849;1
1913335;1182;1
1921051;4790;1
1921498;21035;1
1922830;10879;1
1922830;1764;3
1924586;33222;1
1927755;63662;1
1933080;14089;1
1933080;12217;1
1935851;20330;1
1935851;179242;1
1937767;9425;1
1937767;7675;1
1939541;13317;1
1943316;1764;1
1947754;96367;1
1952279;11397;1
1954177;15778;1
1954177;12182;1
1956261;1764;1
1956261;67732;1
1957242;2152;3
1957242;62815;1
1957242;55294;1
1962631;12217;1
1972053;14089;1
1972163;52527;1
1973258;22255;5
1973992;10218;1
1974572;11715;1
1976181;13533;1
1976181;168788;1
1980294;21824;1
1980294;20330;1
1980294;55294;1
1980294;20947;1
1980294;4790;1
1991473;110957;1
1996671;13317;1
1996671;1764;1
1998033;7074;3
1999417;25994;1
1999417;10010;1
2001453;50448;1
2003980;63662;1
2003980;21366;1
2004781;3820;1
2004781;7675;1
2005664;25134;1
2005664;894421;1
2005664;10879;1
2009309;47554;1
2009309;55300;1
2009309;33883;1
2009427;65473;1
2013103;17048;1
2013103;137654;2
2013103;15560;1
2017099;3587;1
2018491;165596;1
2020550;10010;1
2022949;1764;1
2024530;20330;1
2025956;10561;1
2025956;34731;1
2027581;13453;2
2030033;23010;1
2038056;47554;1
2038056;14089;1
2040528;10218;1
2042924;13317;1
2042924;17334;1
2044158;2282;1
2045895;11715;1
2047088;18754;1
2048272;13317;1
2048272;3653;1
2048272;1966732;1
2048272;1843123;1
2048272;3649;1
2048272;50831;3
2048272;13954;1
2048300;33883;3
2048300;17116;1
2050575;928;1
2050873;203033;1
2050942;1217;3
2050942;208141;1
2050942;7045;1
2050942;3628;1
2051967;10879;1
2051967;12257;1
2054330;200320;1
2054754;2434;1
2054754;56433;1
2054754;59376;1
2055151;20330;1
2055704;15579;48
2055818;37488;1
2060189;1217;3
2060189;4790;1
2060189;20330;1
2060468;35192;2
2061295;34894;1
2061468;18745;1
2061815;1217;1
2061815;3628;1
2062162;10561;1
2064302;47554;1
2064777;137371;1
2065433;17319;1
2065486;20330;12
2066325;6732;1
2066332;13954;1
2067475;33892;1
2067731;102499;1
2067731;21824;1
2067731;81566;1
2067731;20330;1
2067811;11397;1
2068142;18754;1
2068142;1764;1
2068211;761273;1
2068211;13954;3
2068211;48980;1
2068211;51587;1
2071053;13317;1
2071053;22709;2
2071053;9479;1
2071468;1764;1
2074690;10807;1
2074690;2067674;1
2078395;703026;1
2081963;10010;1
2085857;208230;1
2086849;12217;4
2090784;18587;1
2090784;1182;1
2092142;1764;1
2092142;3700;1
2092619;83454;1
2092619;106316;1
2092619;28289;1
2092619;20330;1
2092619;41710;1
2092619;139141;1
2092619;9425;1
2092619;11095;1
2094334;3629;1
2094334;2086849;1
2094334;33406;2
2094334;11715;1
2094334;9544;1
2099528;33883;2
2101465;1217;1
2102202;9425;1
2105879;1764;1
2106156;896;1
2107191;13317;1
2107191;15579;1
2109163;13317;1
2110584;28289;1
2112570;53907;1
2114533;49627;1
2115238;909881;1
2115238;180990;1
2115238;50831;1
2116562;13954;1
2120238;208141;1
2126410;7339;1
2129630;546204;1
2130498;10879;1
2130498;26239;1
2130498;2152;2
2132033;11397;3
2133301;47554;1
2137964;1764;1
2140185;1217;1
2147988;1042184;1
2149525;15560;1
2151760;2152;1
2155150;17334;1
2155150;80107;1
2155150;7042;1
2155150;714789;1
2155150;17319;3
2155150;9425;1
2157828;97345;1
2158624;208141;1
2162006;9932;1
2163063;59032;8
2163063;2466627;1
2164156;165596;1
2166495;17048;3
2168534;18597;1
2176867;1315871;1
2187792;13336;1
2187792;1320;1
2187792;13317;1
2187792;45946;1
2190045;37502;93
2196454;9932;2
2200616;31266;1
2202974;1217;1
2202974;546204;1
2206849;394476;1
2206849;2152;1
2206849;10010;1
2206849;7042;1
2207666;96367;1
2215676;10010;1
2217567;241003;1
2218035;17048;1
2273534;1217;1
2273534;21824;1
2277638;31266;1
2284877;21366;1
2295513;13317;1
2316053;284366;1
2331742;10807;1
2352426;28019;1
2352426;928;1
2414526;2282;1
2414526;52527;2
2428595;2434;1
2444354;105312;1
2444354;7042;1
2446354;1182;1
2451062;1764;2
2454026;21150;1
2454026;2434;1
2458354;18754;1
2458374;25761;2
2465494;55294;1
2466627;59032;2
2474477;50448;1
2476138;46166;1
2477378;233365;1
2477378;369626;1
2479812;9932;1
2480278;22255;1
2482705;3700;1
2482705;33406;1
2484453;20947;1
2497577;15549;1
2502238;46013;1
2520490;6437;1
