9;383;2
9;2094;13
9;4690;1
9;4723;1
9;4696;4
282499;9;1
1765389;9;9
1765389;2094;2
14;9;42
14;1948;3
14;2094;2
14;383;1
14;157269;1
14;33606;1
14;564;1
26642;9;29
26642;4730;1
26642;1948;1
26642;39843;10
26642;383;1
184340;9;1
1359893;9;15
1359893;14;1
2213910;2049515;1
2213910;9;1
1855511;14;1
1855511;9;1
2076;383;198
2076;2094;17
2076;404;2
2076;9;265
2076;37035;1
2076;4723;9
2076;7856;4
2076;2928;1
2076;4696;2
2076;26619;1
2076;4739;2
2076;14;6
2076;7362;2
2076;4691;5
2076;6492;2
2076;4692;2
2076;345711;1
2076;178437;1
2076;260531;1
2076;47151;1
2076;2658;6
2076;23077;1
2076;564;2
2076;1948;2
2076;7918;1
2076;28763;1
2076;891213;2
2076;245359;1
2076;7962;1
2076;29635;1
2076;4690;1
2076;184340;1
2076;7940;1
2076;1545782;1
2076;33606;1
2076;23833;2
2076;10143;2
2076;4728;1
2076;412776;1
2076;157269;1
2076;9168;1
120862;9;16
120862;4691;1
120862;7962;1
26658;9;92
26658;4731;1
26658;14;4
26658;36603;1
26658;1948;4
26658;4730;1
26658;404;2
274469;9;63
274469;2094;11
274469;1948;2
274469;14;1
1021992;1948;2
1021992;9;1
397357;14;2
397357;9;3
397357;36603;1
2094;9;882
2094;383;28
2094;4696;2
2094;124076;1
26671;9;1185
26671;2928;1
26671;1948;5
26671;14;18
26671;36603;1
26671;383;7
26671;217720;1
26671;7856;16
26671;404;2
26671;36537;1
26671;4728;1
26671;568;1
26671;598769;1
26671;4731;2
26671;503009;1
26671;4730;1
26671;33606;1
26671;23793;1
26671;3220;3
26671;412776;1
26671;4723;1
26671;2094;5
26671;4691;1
26671;7918;1
26671;7887;1
26671;25067;2
26671;680166;1
26671;1833990;1
26671;2445202;2
26671;184340;5
26671;891213;1
26671;1545782;1
26671;23833;1
26671;7890;1
26671;26619;1
26671;29635;1
26671;2658;1
47151;9;293
47151;14;3
47151;36603;1
47151;1948;2
47151;2094;2
47151;564;1
47151;383;1
47151;33606;1
47151;4723;2
47151;29635;1
1089585;9;110
1089585;4691;1
1089585;2658;2
1089585;4739;3
1089585;25067;1
1089585;39843;1
1089585;124076;1
1089585;383;4
1089585;2094;2
1089585;3220;3
1089585;4730;1
1089585;1948;1
1089585;7918;1
1089585;6492;1
1089585;891213;1
2447406;9;5
2447406;2658;1
2062381;14;1
2062381;9;1
929854;26606;1
929854;9;1
1306690;1948;1
1306690;9;307
1306690;4696;1
1306690;29635;1
1306690;2658;1
1306690;61323;1
1306690;14;1
1306690;23413;1
1306690;2445202;1
32839;1948;1
32839;9;14
479305;9;7
479305;1948;1
479305;2658;1
34891;9;613
34891;383;35
34891;2076;2
34891;2094;14
34891;14;17
34891;1948;7
34891;4723;5
34891;4691;1
34891;18953;1
34891;61323;2
34891;8440;1
34891;568;5
34891;4690;1
34891;2658;10
34891;4730;3
34891;891213;2
34891;2024109;2
34891;658;1
34891;28763;1
34891;26508;1
34891;26538;1
34891;4728;1
34891;564;2
34891;23413;1
34891;64390;1
34891;26535;1
34891;2473010;1
34891;26542;1
2469975;2658;2
2469975;9;7
2469975;383;1
983130;9;1
983130;1948;1
28763;1948;1
28763;9;2
28763;2076;1
28763;14;1
28763;33606;1
813146;9;1
813146;17670;1
602210;9;11
602210;2094;1
143463;14;14
143463;9;69
143463;259986;1
143463;25067;1
143463;2928;1
143463;36603;1
143463;404;1
143463;2925;1
143463;7362;1
143463;2094;2
143463;6492;1
143463;2024109;1
143463;1948;1
143463;2445202;1
295015;383;1
295015;9;4
456810;14;3
456810;9;43
456810;7362;1
456810;7491;1
456810;485500;1
456810;10143;1
456810;1948;1
456810;23413;2
456810;2658;1
1763438;9;25
1763438;6492;1
1501295;4700;1
1501295;2094;84
1501295;9;2836
1501295;383;238
1501295;412770;2
1501295;7856;22
1501295;4723;18
1501295;7887;2
1501295;26619;1
1501295;4691;7
1501295;4690;13
1501295;7962;15
1501295;7940;2
1501295;4692;3
1501295;4730;2
1501295;1948;6
1501295;2076;8
1501295;4696;9
1501295;1501298;1
1501295;564;2
1501295;4731;1
1501295;124076;4
1501295;1331427;1
1501295;7714;1
1501295;1501302;1
1501295;2024109;1
1501295;6492;1
1501295;33606;1
1501295;39843;1
1501295;412776;1
1501295;4728;1
1501295;23833;1
1501295;27598;1
1501295;7918;1
1501295;7890;1
1501295;4740;1
1501295;891213;1
1501295;2658;2
1501298;2094;43
1501298;9;1986
1501298;383;17
1501298;1948;5
1501298;10143;2
1501298;4696;12
1501298;4723;7
1501298;4691;6
1501298;14;2
1501298;4690;3
1501298;124076;1
1501298;404;1
1501298;564;1
1501298;658;1
1501298;4692;1
1501298;4731;1
1501298;7918;1
1501298;29635;1
1501298;4728;1
620659;25067;1
620659;1948;1
620659;9;1
620659;14;1
1103987;9;39
1103987;383;11
1103987;4723;2
1103987;2094;3
1103987;124076;1
1103987;4693;1
1103987;7856;1
1103987;4696;3
1103987;26538;1
1103987;4739;1
376949;4730;1
376949;9;11
376949;383;4
376949;2094;3
376949;4690;1
376949;1948;1
376949;2076;1
376949;39843;1
1501302;9;143
1501302;2094;6
1501302;383;5
1501302;4723;2
1501302;4691;1
1501302;7890;1
2064500;383;1
2064500;9;4
1175672;9;8
1175672;14;5
1175672;1948;3
1175672;3900;1
485500;9;7
485500;26542;1
485500;2658;2
485500;14;3
485500;2445202;1
1710212;2094;4
1710212;9;3
1710212;383;1
436357;1948;1
436357;9;1
436357;217720;1
2472069;9;4
2472069;33606;1
1001607;9;2
1001607;14;1
1001607;6501;1
813194;9;137
813194;383;2
813194;64702;1
813194;2094;1
813194;412770;1
813194;4696;1
282766;9;12
282766;6492;1
1861775;9;2
1861775;404;1
864398;9;8
864398;33606;1
1245329;14;1
1245329;9;3
1245329;6492;1
1245329;383;1
530577;9;3
530577;2094;1
2435220;9;6
2435220;7362;1
2435220;6492;1
2435220;2094;1
2435220;2445202;1
1573013;9;3
1573013;2658;1
1800342;9;2199
1800342;2094;25
1800342;7918;1
1800342;383;27
1800342;26546;1
1800342;4723;3
1800342;4696;4
1800342;349753;1
1800342;7887;1
1800342;2076;1
759958;9;7
759958;2094;1
759958;383;1
735388;9;15
735388;383;1
1978527;9;5
1978527;14;1
1769640;9;17
1769640;383;1
1769640;564;1
907434;9;187
907434;14;2
907434;23243;2
907434;1948;10
37035;9;471
37035;14;3
37035;2094;19
37035;1800342;1
37035;383;6
37035;4723;1
37035;7890;1
37035;349753;1
37035;564;3
37035;4690;1
37035;7887;1
37035;4730;2
37035;1948;1
37035;10143;1
37035;7856;1
37035;124076;1
37035;4691;1
75960;1948;4
75960;14;4
75960;9;3
59578;59586;11
59578;29635;1
59578;9;2
59578;25067;1
59578;2658;1
59578;23413;5
59578;982663;1
59578;891213;1
59578;14;1
1075386;9;1
1075386;1948;1
59586;9;1
59586;59578;2
73923;23833;1
73923;1948;5
73923;2658;2
73923;9;2
73923;18953;1
250050;9;2
250050;14;1
1628357;1948;1
1628357;9;1
641222;9;21
641222;1137105;2
641222;1948;2
641222;2940;1
641222;23413;1
1859784;9;4
1859784;1948;2
41161;9;1
41161;404;1
268491;61323;1
268491;9;37
268491;26535;1
268491;2094;2
88268;9;1
88268;404;1
205;9;2
205;2658;1
168142;9;950
168142;2094;85
168142;4696;19
168142;4723;2
168142;383;8
168142;4691;6
168142;4730;1
168142;10143;1
206;8440;1
206;9;2
206;2658;1
206;14;1
1069260;9;83
1069260;2094;1
2205904;9;2
2205904;564;1
145618;9;1
145618;1948;1
145618;269955;1
561370;1948;3
561370;9;12
2072795;9;1
2072795;485500;1
1777884;9;6
1777884;4723;1
1777884;1948;1
196829;2658;1
196829;9;6
233696;9;45
233696;26026;1
233696;4692;1
233696;2094;4
233696;7918;1
233696;412770;1
233696;1948;1
1331427;9;20
1331427;412770;1
1331427;2094;2
1331427;1948;1
1331427;383;5
1331427;124076;2
1331427;4696;1
1331427;26619;1
680166;2094;10
680166;9;1068
680166;124076;9
680166;4696;3
680166;891213;3
680166;383;7
680166;25067;3
680166;4723;8
680166;4739;1
680166;39843;4
680166;6492;1
680166;1948;5
680166;14;4
680166;2024109;1
680166;2658;2
680166;33606;1
680166;237513;1
680166;23413;1
680166;4703;1
680166;2445202;1
680166;498934;1
28908;9;28
28908;14;1
61677;9;6
61677;404;1
28910;1948;11
28910;9;32
28910;64702;1
28910;7362;1
28910;29635;1
28910;383;2
28910;2024109;1
28910;25067;1
28910;2658;1
28910;14;2
143596;2928;1
143596;9;3
645360;9;131
645360;7887;10
645360;2094;3
645360;4696;3
360689;1948;2
360689;9;1
360689;7940;1
360689;23833;1
360689;8440;1
360689;34891;1
665842;9;58
665842;7491;2
665842;2094;5
665842;14;2
665842;4731;1
665842;26542;1
665842;17670;1
35060;9;47
35060;1948;9
35060;26542;1
35060;36348;1
35060;8440;1
35060;6492;1
35060;2658;1
35060;39843;1
424181;1948;1
424181;217720;1
424181;9;3
424181;23077;1
424181;2076;1
424181;4731;1
424181;2024109;2
424181;2658;1
8440;14;7
8440;9;1
8440;1948;1
8440;2076;1
8440;2658;1
1349881;14;1
1349881;9;1
1745147;9;87
1745147;2024109;1
1745147;1948;2
1745147;2094;1
1745147;14;2
387325;1948;7
387325;14;1
387325;9;1
1612032;2094;3
1612032;383;4
1612032;9;6
178437;9;884
178437;383;72
178437;2094;18
178437;4730;4
178437;4723;3
178437;4696;4
178437;4728;2
178437;2928;2
178437;4700;3
178437;2925;1
178437;26538;1
178437;14;4
178437;7714;2
178437;782;1
178437;2076;2
178437;564;2
178437;1948;6
178437;1891059;1
178437;7887;1
178437;4739;1
178437;29635;3
178437;124076;1
360710;9;56
360710;383;4
360710;2094;2
360710;14;1
485640;9;2
485640;1148745;1
485640;8440;1
831757;29635;1
831757;9;1
1800470;9;20
1800470;4731;1
28955;1948;7
28955;9;61
28955;36606;1
28955;4692;1
28955;4696;1
28955;2076;1
28955;404;1
28955;14;4
28955;3900;1
28955;383;2
28955;2094;4
28955;2658;1
596274;9;79
596274;2094;1
596274;4690;1
596274;383;2
596274;4691;6
596274;4723;1
596274;4696;2
950578;383;1
950578;9;1
1009978;9;97
1009978;2094;5
1009978;14;3
1009978;6492;1
1009978;7962;1
1009978;404;1
1009978;2658;4
33083;9;2
33083;23833;1
92485;9;49
92485;2076;1
92485;14;1
92485;1948;2
92485;2094;1
92485;164758;1
92485;4739;1
164169;9;12
164169;383;1
164169;1948;1
164169;29635;1
164169;26542;1
164169;23077;1
164169;14;1
164169;2658;1
266569;9;66
266569;25067;1
266569;23413;1
979275;9;2
979275;383;1
45388;9;1
45388;383;1
891213;9;553
891213;4723;20
891213;2094;3
891213;26619;1
891213;23833;10
891213;383;8
891213;4728;2
891213;4696;1
891213;7918;1
891213;4691;1
891213;2928;1
891213;1948;12
891213;564;4
891213;1262380;1
891213;7362;1
891213;7887;1
891213;578083;1
891213;217720;11
891213;61323;1
891213;412776;1
891213;28763;1
891213;7940;1
891213;4739;4
891213;4690;1
891213;14;1
891213;39843;2
891213;2658;1
377167;7362;1
377167;14;2
377167;2024109;1
377167;9;1
360783;9;5
360783;28763;1
360783;268491;1
1495375;7362;1
1495375;9;1
2502998;9;15
2502998;134498;1
2462043;9;13
2462043;7940;1
6492;2094;1
6492;9;28
6492;27598;1
6492;517790;1
6492;4690;1
6492;4731;1
6492;1714608;1
6492;564;2
6492;2658;1
6492;2024109;1
6492;4696;1
6492;14;1
2142558;6492;1
2142558;9;4
2142558;14;1
2142558;1948;1
2142558;7362;1
1751393;9;1963
1751393;4723;2
1751393;4690;1
1751393;4696;4
1751393;383;3
1751393;2094;11
633187;9;5
633187;25067;1
6501;7362;1
6501;9;66
6501;2094;1
6501;14;3
6501;1948;4
6501;383;1
6501;2016;4
6501;61323;1
2492773;9;1
2492773;2024109;1
801133;9;23
801133;1948;4
801133;2024109;1
801133;25067;1
1687918;564;1
1687918;9;4
1687918;383;1
1687918;2445202;1
2072944;383;1
2072944;9;43
2072944;14;4
2072944;907434;3
2072944;61323;1
2072944;1545782;1
2072944;2658;1
2072944;59586;1
10615;1948;5
10615;2658;1
10615;9;5
10615;47151;1
10615;29635;2
10615;7362;1
10615;383;1
10615;14;1
2421112;9;32
2421112;3096;1
2421112;383;3
2421112;14;1
2421112;1948;1
78201;9;201
78201;34436;2
78201;26619;5
78201;33606;2
78201;383;4
78201;10143;2
78201;4740;1
78201;14;12
78201;7887;1
78201;2094;2
78201;2928;1
78201;7940;1
78201;217720;10
78201;178437;1
78201;2658;3
78201;498934;1
78201;412776;7
78201;12736;2
78201;237513;1
1624444;9;66
1624444;2094;4
1624444;383;1
1624444;2445202;1
156028;9;4
156028;1948;1
383;4730;2
383;9;2185
383;4691;24
383;4690;13
383;2094;76
383;4723;25
383;2076;6
383;4692;4
383;7856;3
383;14;3
383;124076;7
383;4696;10
383;4693;1
383;4700;6
383;26538;4
383;34891;2
383;2024109;1
383;7940;1
383;33606;1
383;7890;3
383;26546;2
383;1948;1
383;26671;1
383;7918;1
383;281134;1
383;1891059;1
383;245359;3
383;564;3
383;360710;2
383;891213;2
383;2928;1
383;349753;1
383;2658;1
383;6492;1
65920;9;452
65920;383;58
65920;564;1
65920;2094;12
65920;4691;1
65920;4700;1
65920;4723;5
65920;7940;1
65920;18953;1
65920;4737;4
65920;124076;1
65920;7856;2
65920;404;1
65920;891213;5
65920;1891059;1
65920;10143;1
1638784;14;3
1638784;9;3
1282433;9;29
1282433;383;1
65924;1948;3
65924;7362;2
65924;9;3
65924;14;6
65924;50573;1
65924;36537;1
65924;12736;1
65924;157269;1
404;4728;1
404;9;8
404;536295;1
404;1948;1
404;29635;1
404;14;1
404;97747;1
404;2658;3
893334;2094;2
893334;9;1
1065367;1948;1
1065367;9;2
2470298;9;126
2470298;14;3
2470298;2445202;2
2470298;2658;3
2470298;1948;2
188827;9;8
188827;25067;1
188827;1948;1
244130;9;9
244130;2094;1
2484644;1948;1
2484644;9;2
199083;14;1
199083;9;1
1714608;6492;5
1714608;404;1
1714608;14;2
1714608;18953;1
1714608;9;3
260531;9;36
260531;2094;2
260531;383;2
2419125;9;4
2419125;1948;1
2419125;2658;1
2122166;9;1
35256;14;20
35256;9;18
35256;2094;2
35256;4723;1
35256;29635;1
27064;383;1
27064;2094;2
27064;9;7
27064;4739;1
27064;1948;1
2265528;1948;1
2265528;9;1
1407417;568;1
1407417;9;1
747964;9;8
747964;2024109;2
170430;9;134
170430;4696;3
170430;2094;7
170430;2928;1
385470;9;3
385470;23413;1
12736;17670;1
12736;14;3
12736;8440;1
12736;9;95
12736;1948;12
12736;383;2
12736;29635;1
12736;28763;1
12736;18953;1
12736;23413;1
12736;4723;1
12736;498934;1
1376707;9;216
1376707;7887;1
1376707;4696;1
1376707;2094;2
1782216;9;226
1782216;2094;9
1782216;383;1
92619;4696;1
92619;9;92
92619;568;1
92619;383;9
92619;14;4
92619;7491;2
92619;7362;1
92619;29635;1
92619;517790;1
92619;47151;1
92619;2076;1
92619;4730;1
92619;1764765;1
92619;404;1
92619;1948;1
92619;4703;1
92619;25067;1
2066891;9;5
2066891;1948;1
743883;404;1
743883;9;1
743883;891213;1
1137105;9;6
1137105;641222;1
1137105;14;2
1446353;9;10
1446353;1948;1
2124248;9;5
2124248;23833;1
1542621;4723;3
1542621;4730;1
1542621;9;2
1542621;1948;2
1542621;64390;3
1542621;26658;1
1542621;2928;1
1542621;75960;1
1542621;564;1
1542621;2658;1
1542621;6492;1
2212319;523191;14
2212319;9;1
51680;1948;4
51680;14;1
51680;235484;1
51680;9;1
51680;2072944;1
926182;1948;1
926182;9;1
111079;9;12
111079;383;3
111079;23243;1
111079;2094;1
25067;23413;2
25067;9;68
25067;7362;1
25067;26542;1
25067;4700;1
25067;45852;1
25067;14;4
25067;383;2
25067;1948;1
25067;417065;1
25067;4739;1
25067;23077;1
25067;6492;1
25067;2076;1
25067;2024109;1
25067;2445202;1
25067;891213;1
158188;26026;1
158188;9;4
31221;9;170
31221;7714;1
31221;383;26
31221;4731;2
31221;2094;4
31221;404;1
31221;4696;6
31221;27598;1
31221;4690;1
31221;4723;1
31221;1948;1
2454007;9;9
2454007;4696;1
2454007;14;1
2454007;404;1
133626;9;29
133626;2094;2
262654;222739;1
262654;9;1
18953;14;9
18953;9;7
18953;2658;1
18953;3900;1
18953;1948;2
18953;2940;1
1751574;9;47
1751574;2094;1
1751574;1948;1
92694;9;1
92694;1948;1
92694;404;2
92694;2076;1
92694;26542;1
2449944;9;22
2449944;891213;1
2449944;383;1
2449944;2076;2
950812;1948;2
950812;9;3
1296931;39843;5
1296931;9;456
1296931;27598;1
1296931;4728;1
1296931;14;5
1296931;4703;1
1296931;383;16
1296931;1948;2
1296931;2094;3
1296931;206;2
1296931;251710;1
1296931;61323;3
1296931;23833;2
1296931;564;3
1296931;2658;3
1296931;4731;1
1296931;26619;1
578083;26542;1
578083;14;2
578083;9;4
578083;383;1
578083;1948;1
23077;9;40
23077;14;2
23077;383;1
23077;1948;1
23077;3220;1
244261;14;15
244261;9;2
244261;7362;1
244261;6492;1
244261;109909;1
244261;7491;2
244261;29635;1
244261;1545782;1
1008168;9;2
1008168;2658;1
156202;9;1
156202;6501;1
281134;404;1
281134;9;9
1542705;9;62
1542705;2658;3
1542705;2024109;2
1542705;2094;1
277043;9;45
277043;383;1
277043;23833;1
564;9;436
564;2094;11
564;383;9
564;7856;1
564;23833;4
564;412776;7
564;4696;2
564;36603;1
564;1833990;1
564;124076;1
564;2928;1
564;891213;2
564;4730;2
564;1542621;1
564;7890;1
564;14;2
564;2445202;2
1063477;9;34
1063477;4703;1
1063477;383;1
90678;9;1
90678;1948;3
568;9;1
1798716;1948;2
1798716;9;15
1798716;14;1
301629;9;95
301629;10143;4
301629;383;9
301629;1891059;1
301629;4723;1
301629;2094;1
1088063;9;40
1088063;383;1
1153613;9;101
1153613;7962;3
1153613;2094;11
1153613;4691;2
1153613;891213;1
1153613;383;5
1153613;6492;1
1153613;349753;1
1153613;4690;2
1153613;493421;1
1153613;4723;1
1153613;4731;1
1153613;4739;1
1153613;412776;1
1153613;1948;1
1153613;14;1
4690;9;2197
4690;4691;67
4690;383;164
4690;4692;7
4690;4693;1
4690;4696;9
4690;2094;48
4690;4700;6
4690;4703;2
4690;4707;10
4690;4723;49
4690;4728;12
4690;4730;8
4690;4731;1
4690;4737;1
4690;4739;1
4690;4740;2
4690;14;1
4690;493421;1
4690;124076;9
4690;564;20
4690;891213;3
4690;412770;4
4690;2928;6
4690;1008742;1
4690;412776;2
4690;7887;2
4690;7491;1
4690;7962;1
4690;1948;4
4690;598769;1
4690;26619;1
4690;7856;2
4690;412778;8
4690;197209;3
4690;450076;1
4690;7890;2
4690;37035;3
4690;36612;2
4690;7831;1
4690;203350;1
4690;36603;2
4690;23833;2
4690;48744;1
4690;2076;1
4690;26538;2
4690;39843;2
4690;23413;1
4691;9;1210
4691;383;78
4691;2094;54
4691;124076;10
4691;4723;24
4691;4690;8
4691;412770;1
4691;4692;7
4691;4696;14
4691;26619;2
4691;4737;2
4691;4728;8
4691;197209;1
4691;412776;1
4691;412778;2
4691;39843;2
4691;4707;1
4691;564;2
4691;7962;1
4692;9;17
4692;4696;1
4692;4723;1
4693;9;4
203350;9;1094
203350;383;1
203350;4690;1
1761876;2658;9
1761876;9;29
1761876;2094;2
1761876;7918;1
1761876;14;2
1761876;907434;1
1761876;1545782;1
4696;9;1790
4696;2094;32
4696;4691;1
4696;4690;1
4696;383;3
4696;4723;2
197209;9;206
197209;2094;10
197209;26538;2
197209;7890;1
197209;4692;1
197209;4696;1
197209;564;1
197209;1948;2
197209;4723;1
414297;9;86
414297;2094;1
4700;9;918
4700;4723;19
4700;4692;1
4700;383;98
4700;48744;1
4700;2094;25
4700;658;26
4700;4696;1
4700;4691;1
4700;36603;1
4700;1948;1
4700;34891;1
4700;10143;1
4700;26538;1
4700;36612;1
4700;124076;1
4700;4739;1
4700;1891059;1
4700;23833;1
4700;7887;1
4700;4690;1
4700;564;1
129628;9;27
129628;383;5
4703;9;540
4703;4723;18
4703;564;2
4703;7887;2
4703;4696;8
4703;7491;3
4703;2094;13
4703;26619;1
4703;184340;1
4703;383;5
4703;28763;1
4703;4737;2
4703;7831;1
4703;7940;5
4703;7962;1
4703;568;1
4703;124076;1
4703;1948;6
4703;2024109;1
4703;4739;1
4703;891213;1
4703;14;2
4703;34891;1
4703;412776;1
1851999;9;53
1851999;14;1
2658;1948;2
2658;14;22
2658;23077;1
2658;1175672;1
2658;404;1
2658;2122166;2
2658;9;46
2658;26542;1
2658;26619;1
2658;23833;4
2658;2024109;2
2658;6492;1
2658;34891;3
2658;10143;3
2658;61323;1
2658;2449944;1
2658;184340;1
2658;237513;1
2658;23243;1
2658;1545782;1
2658;7491;3
2658;175926;1
2658;354983;1
2658;788303;1
2658;36179;1
2658;580984;1
2658;2445202;3
2658;14234;1
2658;47151;1
4707;2094;3
4707;4690;17
4707;4691;9
4707;9;19
4707;26506;1
4707;34891;1
4707;564;1
14947;36179;5
14947;27598;1
14947;14;1
14947;9;3
14947;50573;1
14947;3240;1
14947;404;1
1727080;9;23
1727080;2658;1
1225328;9;6
1225328;10143;1
4723;9;29
4723;383;4
4723;7940;1
4723;2094;1
4723;4690;1
1983093;4690;1
1983093;23833;1
1983093;9;1
4728;4691;133
4728;9;754
4728;26542;1
4728;4690;10
4728;4730;5
4728;404;1
4728;383;85
4728;2094;14
4728;2076;1
4728;4723;35
4728;14;9
4728;7856;2
4728;7890;4
4728;1948;5
4728;26546;2
4728;4731;1
4728;10143;1
4728;26671;1
4728;412776;2
4728;36179;1
4728;26619;1
4728;568;2
4728;4700;4
4728;4707;1
4728;4737;1
4728;4696;3
4728;7962;3
4728;4739;1
4728;26506;1
4728;2928;1
4728;6492;1
4728;4703;2
4728;7918;1
4728;124076;1
4728;4740;1
4728;157269;1
4728;2024109;1
217720;9;270
217720;18953;1
217720;1948;4
217720;4723;2
217720;7962;5
217720;2094;3
217720;78201;1
217720;3220;1
217720;891213;1
217720;2024109;1
217720;4740;1
217720;383;1
217720;349753;1
217720;14;1
217720;25067;1
217720;245359;1
4730;9;1025
4730;2094;25
4730;39843;10
4730;36603;11
4730;4723;41
4730;349753;3
4730;61323;1
4730;564;49
4730;383;82
4730;47151;1
4730;4691;11
4730;23833;74
4730;2925;1
4730;7831;4
4730;233696;1
4730;26619;2
4730;7962;2
4730;7856;10
4730;7887;9
4730;10143;5
4730;23243;1
4730;4703;8
4730;412770;5
4730;4700;3
4730;4690;9
4730;14;40
4730;4739;10
4730;134498;1
4730;1948;18
4730;412776;12
4730;596274;4
4730;517790;1
4730;4692;2
4730;907434;1
4730;7940;16
4730;7890;1
4730;26546;1
4730;184340;1
4730;8440;2
4730;36612;3
4730;64390;1
4730;891213;6
4730;34891;4
4730;4728;3
4730;2658;15
4730;2076;4
4730;26538;4
4730;4696;3
4730;26508;1
4730;29635;2
4730;1833990;1
4730;212765;1
4730;33606;2
4730;7714;3
4730;124076;3
4730;1545782;3
4730;237513;1
4730;217720;1
4730;2928;4
4730;1542621;2
4730;18953;1
4730;2024109;1
4730;2445202;5
4730;782;1
4730;7491;1
4730;35256;1
4730;245359;1
4730;580984;1
4730;1153613;1
4731;2094;1
4731;7714;1
4731;9;15
4731;7856;1
4731;1948;1
4731;383;1
4731;26546;1
4731;26538;1
150139;2094;6
150139;9;33
150139;14;1
150139;124076;1
160381;9;18
160381;383;2
160381;2076;1
160381;907434;1
109179;9;7
109179;2094;1
4737;9;55
4737;7887;1
4737;383;13
4737;2928;1
4737;4692;1
4737;1948;4
4737;7940;1
4737;4700;2
4737;2094;5
4737;4691;3
4737;4690;1
4737;4723;2
4739;2928;1
4739;9;1637
4739;23077;1
4739;7962;8
4739;383;170
4739;2094;30
4739;4690;6
4739;4700;3
4739;4723;26
4739;7856;1
4739;7887;2
4739;4691;5
4739;7890;2
4739;26619;3
4739;7940;3
4739;568;1
4739;2076;1
4739;4692;2
4739;124076;4
4739;4696;5
4739;4731;1
4739;7362;1
4739;4707;1
4739;564;1
4739;26546;1
4739;1948;2
4739;7918;1
4739;2658;1
4740;9;1664
4740;4696;3
4740;2094;5
4740;383;2
4740;4723;1
135812;9;47
135812;4731;2
135812;2658;1
1768075;9;1
1768075;982663;1
182927;383;1
182927;9;13
658;4700;13
658;9;10
658;1948;5
2464404;1948;1
2464404;9;2
737941;9;2
737941;14;1
737941;1948;2
252569;4703;1
252569;9;1
252569;2076;1
252569;26542;1
2296484;9;2
2296484;268491;1
701093;1948;25
701093;9;370
701093;64702;1
701093;14;20
701093;383;8
701093;8440;1
701093;47151;1
701093;658;1
701093;2076;1
701093;3220;1
701093;2094;2
701093;29635;1
701093;61323;1
701093;23413;1
701093;2445202;7
701093;2658;3
701093;891213;1
701093;3900;1
570021;9;6
570021;7362;1
354983;9;21
354983;26508;1
354983;1948;1
555691;9;45
555691;2094;1
555691;4707;2
555691;782;1
156332;9;6
156332;2658;1
156332;14;1
156332;28763;1
156332;1948;2
156332;383;2
2024109;9;1
2437806;9;1
2437806;1948;1
1166008;10143;1
1166008;9;4
1163966;9;109
1163966;14;35
1163966;383;14
1163966;564;1
1163966;1948;3
1163966;26538;1
1163966;7714;1
1163966;124076;3
1163966;2094;5
1163966;8440;1
1163966;23833;1
1163966;18953;2
1163966;7940;2
1163966;2658;5
1163966;1991996;1
1163966;3220;1
1163966;4730;1
1163966;7491;1
1163966;175926;1
1163966;2445202;1
1356480;9;21
1356480;1948;2
187076;517790;1
187076;387325;1
187076;9;1
187076;2445202;1
23243;9;349
23243;23077;1
23243;2094;18
23243;4723;3
23243;907434;1
23243;564;8
23243;23833;2
23243;184340;1
23243;404;4
23243;124076;5
23243;383;11
23243;7362;2
23243;18953;1
23243;4696;2
23243;3096;2
23243;8440;1
23243;4703;1
23243;2658;2
23243;1948;3
23243;7856;2
23243;4730;1
23243;33606;1
23243;568;1
131788;9;8
131788;25067;1
131788;14;1
1069775;907434;1
1069775;1948;3
1069775;9;2
125671;9;22
125671;2094;2
125671;4692;2
125671;4696;1
125671;383;1
875243;6492;1
875243;9;92
875243;14;2
875243;1948;1
875243;23833;1
2104043;10143;1
2104043;9;7
2104043;14;1
2104043;1948;2
430830;9;6
430830;2094;1
2799;404;1
2799;9;35
2799;1948;2
2799;4728;1
2799;3096;1
2799;1332811;1
2799;2658;4
2799;25067;1
2799;14;5
2799;36179;1
2799;907434;1
2799;7362;1
2799;217720;1
2799;1545782;1
2799;2445202;1
2799;498934;1
2495214;9;8
2495214;564;2
598769;9;1
895729;9;19
895729;184340;1
895729;14;1
1891059;9;59
1891059;7890;1
1891059;2094;1
1891059;4723;4
1891059;349753;2
1891059;4730;1
1891059;383;4
1891059;4690;4
1891059;4696;1
1891059;4691;1
217843;1948;9
217843;14;1
217843;383;1
217843;9;2
217843;2658;1
217843;498934;1
793336;1948;1
793336;9;1
303875;9;2
303875;498934;1
494343;1948;1
494343;303875;1
494343;14;1
494343;9;5
1872648;383;1
1872648;9;2
782;14;1
782;26542;1
782;2094;1
782;9;20
782;29635;1
402192;9;38
402192;383;1
402192;14;2
236309;1948;1
236309;9;1
236309;404;1
45852;9;1
45852;782;1
2515745;14;14
2515745;9;50
2515745;10143;2
2515745;2024109;1
2515745;2658;2
2515745;498934;1
2515745;2445202;1
115497;7362;1
115497;9;7
115497;2094;2
115497;7918;1
1692459;9;1
1692459;14;1
1262380;2094;45
1262380;9;851
1262380;7856;11
1262380;383;82
1262380;37035;1
1262380;7962;1
1262380;7887;6
1262380;891213;5
1262380;115497;1
1262380;2928;1
1262380;4691;11
1262380;596274;1
1262380;412770;2
1262380;4723;12
1262380;4690;5
1262380;359390;1
1262380;23833;1
1262380;529237;1
1262380;564;6
1262380;28763;1
1262380;7714;1
1262380;7890;6
1262380;2658;8
1262380;7831;1
1262380;3997;1
1262380;4696;6
1262380;14;18
1262380;7362;9
1262380;26546;11
1262380;4739;1
1262380;4700;2
1262380;2076;4
1262380;10143;3
1262380;4728;5
1262380;412776;4
1262380;26619;1
1262380;4730;2
1262380;33606;3
1262380;907434;1
1262380;61323;1
1262380;26508;2
1262380;404;2
1262380;7940;2
1262380;1545782;2
1262380;197209;2
1262380;245359;1
1262380;2024109;2
1262380;4731;2
1262380;1063477;1
1262380;269955;1
1262380;7491;2
1262380;1891059;1
1262380;39843;3
1262380;171644;1
1262380;4703;1
1262380;701093;1
1262380;36612;1
1262380;122835;1
258862;9;2
258862;1833990;1
135984;23793;1
135984;9;3
377649;9;1
377649;59586;1
2065213;2094;2
2065213;9;2
2065213;124076;1
346949;7856;28
346949;9;1144
346949;4691;80
346949;4690;116
346949;4723;68
346949;2076;11
346949;383;197
346949;564;145
346949;2094;24
346949;4696;18
346949;7962;14
346949;4730;37
346949;4739;1
346949;7890;5
346949;14;18
346949;23833;7
346949;7940;5
346949;568;1
346949;1948;33
346949;412770;6
346949;26538;6
346949;124076;7
346949;4692;2
346949;26619;1
346949;2928;4
346949;39843;4
346949;4731;3
346949;4700;4
346949;412778;1
346949;412776;13
346949;891213;12
346949;2940;1
346949;907434;1
346949;4703;5
346949;658;1
346949;8440;1
346949;2658;7
346949;1545782;2
346949;26508;4
346949;33606;1
346949;18953;1
346949;404;1
346949;7887;2
346949;26546;1
346949;23413;1
346949;36603;5
346949;4728;5
346949;61323;3
346949;46540;1
346949;2024109;1
346949;34891;1
346949;498934;2
346949;4740;1
346949;3900;1
346949;2445202;1
346949;217720;1
346949;6492;1
33606;9;13
33606;383;2
2188113;9;103
2188113;1948;28
2188113;7362;1
2188113;14;6
2188113;6492;1
2188113;517790;1
2188113;26542;1
2188113;164758;1
2188113;907434;2
2188113;3096;1
2188113;2658;3
2188113;3220;2
2188113;564;1
2188113;33606;1
2188113;782;1
2188113;1545782;1
2188113;25067;1
2188113;383;1
529237;9;29
529237;383;5
529237;609299;1
529237;2094;5
529237;4723;1
2425690;9;14
2425690;26542;1
2425690;25067;1
2425690;29635;1
2354018;9;13
2354018;383;1
236386;9;30
236386;564;2
64358;9;1
64358;1948;5
133990;9;1
133990;383;1
545642;9;17
545642;404;1
545642;7491;1
545642;14;1
2925;9;1
2928;9;616
2928;1948;8
2928;383;24
2928;2094;18
2928;349753;1
2928;39843;1
2928;4692;2
2928;36603;16
2928;8440;1
2928;7940;1
2928;26542;2
2928;124076;2
2928;404;1
2928;2076;1
2928;4696;2
2928;2658;1
2928;10143;1
2928;14;2
779121;9;3834
779121;235427;11
779121;124076;1
779121;383;3
779121;4696;10
779121;2094;10
779121;4691;2
779121;4690;1
779121;4723;1
779121;891213;3
779121;7890;1
1698672;9;23
1698672;26542;1
1698672;2094;1
1698672;7890;1
539508;9;12
539508;2094;1
23413;9;10
23413;2024109;1
23413;383;1
23413;2445202;1
265077;124076;1
265077;383;20
265077;2094;5
265077;26524;1
265077;4691;2
265077;9;21
265077;4723;2
265077;1891059;1
265077;891213;1
265077;7962;1
2108278;2094;1
2108278;9;27
1307514;9;202
1307514;6492;1
1307514;383;27
1307514;26542;2
1307514;14;1
1307514;2076;2
1307514;2024109;2
1307514;1948;1
1307514;2094;5
1307514;7918;1
1307514;18953;1
1307514;2445202;2
1307514;26535;2
1307514;23413;1
1307514;891213;1
2940;9;27
2940;1948;2
2940;2094;2
2940;383;1
2940;907434;1
2940;33606;1
2940;25067;1
2940;14;1
2083708;9;1
2083708;1948;1
816001;14;2
816001;383;3
816001;7362;2
816001;9;32
816001;404;1
816001;568;1
816001;7962;1
816001;25067;2
816001;503009;1
816001;212765;1
816001;2094;1
816001;1948;1
816001;2658;2
816001;23413;1
330628;9;2
330628;982663;1
64390;9;282
64390;23793;1
64390;7362;2
64390;404;9
64390;568;12
64390;383;8
64390;4728;5
64390;10143;6
64390;7856;9
64390;7962;1
64390;4731;2
64390;2094;2
64390;26619;1
64390;2928;6
64390;4739;5
64390;27598;1
64390;26524;3
64390;23833;1
64390;2016;2
64390;64702;1
64390;6492;1
64390;4703;1
64390;34891;1
64390;18953;1
64390;1542621;3
64390;6501;4
64390;1163966;1
64390;2658;3
64390;1948;4
64390;7940;5
64390;3240;1
64390;184340;1
64390;2940;1
64390;2076;1
64390;1545782;2
64390;134498;1
64390;23413;1
64390;7887;1
64390;36612;1
64390;124076;2
64390;51680;2
64390;2445202;2
27526;7362;1
27526;4728;1
27526;9;62
27526;2094;3
27526;1948;8
27526;4696;1
27526;14;6
27526;383;1
1672072;1948;1
1672072;9;9
136076;9;21
136076;1948;5
136076;2094;1
676753;26535;1
676753;9;282
676753;164758;1
676753;1948;5
676753;23413;123
676753;568;1
676753;7362;1
676753;383;1
676753;4728;1
676753;2024109;1
676753;6492;1
676753;33606;1
676753;1545782;1
676753;907434;1
676753;2658;3
676753;14;1
676753;2445202;2
676753;1306690;1
676753;891213;1
420754;9;1
420754;1948;1
420754;2658;1
2309009;9;4
2309009;23413;1
953237;14;1
953237;9;1
953237;27526;1
164758;9;52
164758;1948;5
164758;2094;1
125846;9;170
125846;4696;1
125846;4723;2
125846;2094;14
125846;383;4
1211286;9;21
1211286;564;1
1211286;4728;1
758683;9;1
758683;14;1
39836;9;69
39836;2094;1
1348510;9;16
1348510;4728;1
25503;9;4
25503;2094;1
2077600;9;2
2077600;417065;1
39843;9;1907
39843;383;24
39843;2094;20
39843;4723;6
39843;7890;54
39843;7918;8
39843;4696;15
39843;34891;1
39843;4690;2
39843;7940;12
39843;7856;1
39843;4691;1
39843;782;3
39843;4692;2
39843;4707;1
39843;7714;1
39843;26642;1
39843;23243;1
39843;26538;1
1434546;9;1
1434546;59578;1
1194934;9;37
1194934;2094;2
523191;9;8
523191;383;1
875447;7362;1
875447;9;2
1176505;6492;1
1176505;9;4
1176505;891213;1
2091963;9;6
2091963;2094;1
2091963;2445202;1
97215;1948;2
97215;9;1
97215;14;1
787393;9;15
787393;2094;2
787393;349753;1
787393;2076;1
787393;10143;1
787393;14;1
787393;8440;1
787393;404;1
29635;23833;1
29635;9;11
1530820;1948;1
1530820;9;3
1237957;9;242
1237957;14;79
1237957;51680;1
1237957;26542;1
1237957;383;5
1237957;26506;1
1237957;2024109;1
1237957;1948;5
1237957;2094;1
1237957;47151;1
1237957;29635;1
1237957;6492;1
1237957;10143;1
1237957;2445202;1
27594;9;1
27594;383;1
27598;9;309
27598;2094;23
27598;36603;9
27598;217720;2
27598;4723;1
27598;4696;1
27598;383;3
27598;39843;1
27598;29635;1
27598;2658;2
27598;10143;1
27598;891213;1
27598;1948;1
27598;18953;1
27598;14;1
27598;157269;1
27598;33606;1
183246;9;2
183246;2658;1
183246;1545782;1
183246;237513;1
9168;9;22
9168;1948;1
9168;383;1
1057745;9;51
1057745;1948;3
1057745;383;1
891858;383;1
891858;9;34
891858;7940;3
891858;2094;2
891858;25067;1
891858;1948;3
891858;23413;1
758739;9;47
758739;383;1
758739;2094;2
408529;2658;1
408529;9;4
156622;9;1
156622;383;1
1500118;9;2
1500118;404;1
2431961;9;3
2431961;1948;1
1426393;183246;1
1426393;9;3
1426393;17670;1
1426393;6492;1
267227;14;1
267227;9;1
265181;36603;1
265181;9;143
265181;2094;4
265181;31221;1
265181;4723;3
265181;4692;1
265181;383;1
265181;124076;1
359390;9;51
359390;383;5
359390;7890;1
359390;4692;1
359390;14;1
359390;2094;4
359390;2076;2
134118;9;6
134118;14;1
134118;2094;1
1008620;59586;1
1008620;9;1
818158;9;1
818158;14;1
211956;9;80
211956;7856;2
211956;2094;10
211956;4690;2
211956;31221;1
211956;383;7
211956;4696;3
211956;7962;1
211956;4723;3
211956;1948;1
211956;1891059;1
211956;891213;1
211956;412770;1
680948;23833;1
680948;33606;1
680948;9;1
680948;360689;1
680948;25067;1
136181;9;2
136181;2940;1
136181;2445202;1
152567;383;1
152567;4692;1
152567;9;29
152567;1948;2
152567;26542;1
152567;14;1
1833990;9;480
1833990;383;18
1833990;1948;1
1833990;564;2
1833990;14;2
1833990;2094;7
1833990;412776;1
1833990;4723;3
1833990;4696;1
1833990;498934;1
111631;9;5
111631;383;1
111631;7362;1
939026;383;4
939026;34891;1
939026;7362;1
939026;9;8
939026;14;2
939026;2928;1
939026;3096;1
939026;1948;2
939026;2658;1
609299;2094;34
609299;9;1678
609299;7940;2
609299;383;30
609299;7887;2
609299;4691;3
609299;26619;3
609299;4690;1
609299;4723;1
609299;7856;3
609299;568;6
609299;4696;4
609299;4707;4
609299;39843;1
609299;4728;1
609299;4730;1
609299;2076;1
609299;34891;1
609299;124076;1
1680403;9;4
1680403;14;2
1680403;2658;1
609300;9;27
609300;2094;2
609300;4723;1
1500182;26542;1
1500182;3096;1
1500182;383;6
1500182;9;101
1500182;404;1
1500182;2940;1
1500182;14;1
1500182;1948;3
1500182;7362;1
1500182;36179;1
1500182;29635;1
1500182;2928;1
3096;1948;3
3096;9;2
3096;383;1
947226;9;3
947226;2094;1
1096737;9;4
1096737;39843;1
1096737;891213;2
267301;9;34
267301;1948;7
267301;4731;1
267301;3096;1
267301;7362;1
1041447;9;39
1041447;2658;3
1041447;14;12
1041447;907434;1
1041447;39843;1
1041447;383;1
1041447;29635;4
1041447;3096;1
1041447;26542;1
1041447;404;2
1041447;25067;1
1041447;7362;1
1041447;1948;1
1041447;9168;1
1041447;2469975;1
1041447;2445202;1
826412;9;76
826412;383;1
195630;2094;13
195630;9;479
195630;568;1
195630;1948;17
195630;383;7
195630;4731;1
195630;907434;1
195630;217720;2
195630;14;12
195630;7940;1
195630;25067;1
195630;10143;1
195630;2076;1
195630;23413;3
195630;2445202;6
195630;2658;3
195630;891213;1
195630;6492;1
189487;9;10
189487;29635;1
189487;14;1
146479;9;5
146479;383;1
2473010;9;79
2473010;907434;22
2473010;34891;1
2473010;25067;1
2473010;2016;1
2473010;1948;4
2473010;404;1
2143282;9;91
2143282;2094;5
2143282;383;1
517176;9;160
517176;4723;3
517176;2094;7
517176;124076;1
517176;4731;4
517176;383;1
517176;891213;1
517176;564;4
517176;14;1
517176;39843;1
517176;2658;1
3137;9;66
3137;14;2
3137;1948;1
3137;383;2
3137;29635;1
3137;4739;1
3137;6492;1
623688;9;12
623688;2094;1
740431;9;14
740431;1948;1
740431;2094;1
715859;9;9
715859;2094;1
2454616;9;3
2454616;1948;1
1926237;9;27
1926237;2094;2
1037406;9;3
1037406;1948;1
412770;4691;128
412770;9;3769
412770;4723;181
412770;4730;29
412770;2094;113
412770;412778;29
412770;4692;21
412770;4690;106
412770;564;58
412770;2076;31
412770;383;319
412770;37035;3
412770;4696;24
412770;124076;16
412770;197209;1
412770;4693;9
412770;2928;2
412770;7890;9
412770;7831;13
412770;4740;9
412770;203350;1
412770;4737;1
412770;412776;9
412770;7856;5
412770;48744;1
412770;968191;1
412770;4700;10
412770;39843;2
412770;1948;17
412770;4707;1
412770;782;1
412770;891213;16
412770;27064;1
412770;568;1
412770;26546;2
412770;7940;7
412770;26671;1
412770;404;1
412770;349753;11
412770;1891059;1
412770;7918;1
412770;360710;1
412770;7962;2
412770;7887;2
412770;596274;2
412770;4739;1
412770;34891;2
412770;14;1
412770;26538;1
1008742;9;286
1008742;383;14
1008742;4696;4
1008742;39843;1
1008742;2094;19
1008742;7887;2
1008742;4700;1
1008742;48744;1
1008742;4723;4
1008742;14;1
1008742;7890;1
1008742;4691;3
1008742;10143;1
412776;9;107
412776;4690;1
412776;4723;2
412776;78201;1
412776;7940;1
412776;907434;1
412776;26508;1
412776;564;2
412776;2928;1
412776;26546;3
412776;2094;1
412776;383;1
412776;124076;1
412776;4739;1
412776;4691;1
412776;891213;1
412778;4691;154
412778;383;26
412778;9;512
412778;4723;10
412778;7831;1
412778;7887;1
412778;7962;3
412778;2094;26
412778;4690;6
412778;564;1
412778;4730;3
412778;4692;3
412778;124076;11
412778;412770;1
412778;4696;3
412778;203350;1
412778;4737;1
412778;4728;2
412778;48744;1
412778;4693;2
412778;4700;1
412778;39843;1
1506415;9;1
1506415;2094;1
60531;9;12
60531;2658;1
60531;14;1
711796;9;1
711796;404;2
711796;7362;1
2516096;1948;1
2516096;9;2
2110595;9;68
2110595;891858;1
2110595;2094;4
2110595;907434;1
2110595;33606;1
2110595;4696;1
2110595;14;2
2110595;10143;1
2110595;1948;1
568451;1948;1
568451;9;6
568451;14;1
568451;2094;1
1756291;9;13
1756291;568;1
523401;9;1
523401;983130;1
2485395;9;3
2485395;1948;1
3220;9;171
3220;782;1
3220;1948;11
3220;2658;16
3220;18953;2
3220;383;2
3220;184340;4
3220;7362;1
3220;2094;1
3220;26671;1
3220;29635;2
3220;14;10
3220;2024109;1
3220;6492;1
3220;36537;2
3220;10143;1
3220;1545782;2
3220;2445202;2
3220;23413;1
3220;7491;1
3220;8440;1
1074324;1948;4
1074324;9;30
1074324;383;1
994453;9;24
994453;2094;1
2325651;9;32
2325651;2076;1
2325651;498934;1
2114713;9;1
2114713;2658;1
222366;9;8
222366;8440;1
19618;14;4
19618;9;44
19618;1948;5
19618;383;4
19618;23077;1
19618;7362;3
19618;2094;9
19618;6492;3
19618;3900;1
19618;4728;1
19618;26026;1
19618;25067;1
19618;564;1
19618;3096;1
19618;124076;1
19618;1891059;1
19618;26546;1
19618;3220;1
2161827;9;1
2161827;29635;1
2147492;383;1
2147492;9;35
2147492;564;1
3240;1948;2
3240;9;3
3240;7362;1
3240;64390;1
1150121;4691;1
1150121;9;34
1150121;2094;2
1150121;383;1
191656;9;1
191656;404;1
191656;14;2
124076;9;3247
124076;564;10
124076;2094;45
124076;383;63
124076;4690;1
124076;4723;12
124076;412778;1
124076;1948;3
124076;4696;16
124076;37035;2
124076;7962;2
124076;36603;2
124076;7887;1
124076;4739;2
124076;412776;1
124076;39843;2
124076;2928;1
124076;891213;7
124076;4730;1
2200750;9;180
2200750;1948;2
2200750;10143;1
2200750;2094;1
2200750;2928;1
455854;47151;1
455854;14;1
455854;9;4
257200;9;2
257200;14;2
257200;29635;1
1569982;9;207
1569982;18953;1
1569982;2658;4
1569982;1948;5
1569982;2024109;1
1569982;36537;1
1569982;14;2
1569982;39843;1
1569982;237513;1
1569982;2928;1
1569982;412776;1
1569982;2445202;1
1569982;1545782;1
1569982;10143;1
1569982;2094;1
1569982;36348;1
1569982;383;2
1569982;891213;1
64702;2658;1
64702;29635;3
64702;2094;2
64702;14;3
64702;383;9
64702;2940;2
64702;7856;1
64702;9;21
64702;7362;2
64702;568;2
64702;404;2
64702;8440;1
64702;6492;1
7362;14;8
7362;9;5
7362;383;1
7362;14234;1
7362;8440;1
599240;1948;1
599240;9;1
1774793;9;8
1774793;564;1
1774793;1948;2
1774793;383;1
1774793;14;1
242890;9;1
242890;1948;1
128213;9;30
128213;1948;12
128213;14;1
1850581;9;1
1850581;23833;1
1690844;9;3
1690844;2094;1
185565;34436;1
185565;9;2
185565;7362;1
1828063;9;17
1828063;2094;1
1828063;25067;1
503009;383;1
503009;9;3
503009;1948;1
431336;9;31
431336;6492;1
42219;9;208
42219;2094;1
42219;7831;1
42219;14;1
2485485;9;10
2485485;7887;1
2485485;383;1
2485485;4723;1
2485485;4728;1
23793;9;350
23793;383;19
23793;14;9
23793;29635;1
23793;4700;11
23793;135984;7
23793;4730;3
23793;4723;16
23793;4690;1
23793;404;1
23793;4696;2
23793;4703;13
23793;4691;2
23793;4731;1
23793;412770;1
23793;39843;2
23793;26546;1
23793;658;2
23793;7362;4
23793;1948;8
23793;2925;1
23793;25067;1
23793;6492;1
23793;2094;3
23793;26542;1
23793;7940;1
23793;18953;1
23793;124076;2
23793;26535;1
23793;564;3
23793;2658;2
23793;907434;1
23793;891213;1
1727729;9;59
1727729;383;4
1727729;6492;1
1727729;222739;1
1727729;2094;2
1727729;26508;1
1727729;1948;1
498934;9;73
498934;1948;1
498934;2094;1
498934;14;3
36090;9;3
36090;2094;1
36090;383;1
36090;4696;1
963835;9;9
963835;1948;1
904444;9;7
904444;1948;1
132348;9;54
132348;7362;2
132348;42556;1
132348;7491;1
132348;568;1
132348;1545782;1
1416444;9;2
1416444;4691;1
208130;9;18
208130;14;1
1090818;9;1
1090818;14;1
17670;9;12
17670;2658;3
17670;29635;1
17670;498934;1
670983;9;10
670983;14;1
1481992;9;1
1481992;1948;1
1834252;9;755
1834252;2094;8
1834252;383;3
1834252;4692;2
1834252;7856;1
1834252;4696;1
1834252;4691;1
1834252;7962;1
1834252;7890;1
1477901;2658;1
1477901;907434;1
1477901;9;6
1477901;383;1
1477901;1066703;1
1477901;2024109;1
148752;9;1
148752;383;1
699665;9;2
699665;14;1
699665;2658;1
699665;7362;1
1764625;9;34
1764625;1948;4
1764625;26542;1
283920;2094;1
283920;9;8
1273107;9;2
1989909;9;1
736535;9;1
23833;9;364
23833;564;42
23833;383;37
23833;7856;6
23833;14;30
23833;4723;3
23833;2094;1
23833;2658;96
23833;412770;5
23833;4739;1
23833;4728;7
23833;7362;2
23833;39843;4
23833;4730;31
23833;47151;1
23833;2076;2
23833;132348;1
23833;4690;5
23833;404;1
23833;23243;1
23833;4696;2
23833;609299;1
23833;7962;1
23833;2928;1
23833;8440;1
23833;7940;6
23833;4691;1
23833;26619;1
23833;26542;1
23833;891213;17
23833;97747;1
23833;26538;1
23833;25067;3
23833;17670;1
23833;28763;1
23833;124076;1
23833;1545782;8
23833;2024109;1
23833;1698672;1
23833;412776;3
23833;2940;1
23833;1948;1
23833;4703;1
23833;907434;1
23833;36603;2
23833;237513;1
23833;134498;1
23833;1332811;1
23833;7887;1
23833;217720;1
23833;7831;2
23833;222739;1
23833;7890;2
23833;2445202;6
23833;7491;1
23833;59586;1
23833;61323;1
23833;937260;1
2063641;9;82
34079;217720;1
34079;25067;1
34079;9;2
34079;29635;2
142623;9;1
359715;9;2
1504548;9;1
1504548;1948;1
1504548;2094;1
1533223;2024109;1
1533223;9;24
1533223;907434;1
1533223;2094;2
1533223;498934;1
417065;6492;1
417065;9;3
417065;14;3
417065;3900;7
417065;23413;1
85291;36606;1
85291;9;2
85291;2940;1
937260;26508;1
937260;9;2
937260;23833;2
1459502;9;15
1459502;14;1
173362;9;5
173362;1948;1
175410;9;21
175410;25067;1
175410;907434;1
2186548;9;1
161077;9;8
161077;14;1
161077;222739;1
161077;564;2
161077;2094;1
425268;9;3
1260855;9;1
1703225;9;50
1703225;6492;1
1703225;2094;6
1703225;4696;1
1703225;171644;1
1703225;1948;1
1703225;7918;1
1703225;383;1
1703225;14;3
1703225;2445202;1
64827;9;1
1991996;9;3
1991996;564;1
1991996;383;1
1991996;39843;1
1834302;9;1
1744194;9;1
1744194;2445202;1
7491;9;30
7491;47151;1
7491;7362;1
7491;1948;1
7491;4730;1
7491;2094;2
7491;2658;12
1830212;9;3
1830212;25067;1
1830212;1948;2
288067;9;31
288067;75960;1
288067;23413;2
288067;2072944;1
288067;2445202;2
64836;9;1
2067783;383;2
2067783;9;3
2067783;404;1
1940807;9;1
183624;9;2
1103179;9;7
1103179;23833;1
1103179;2658;2
1013067;9;10
1013067;383;2
226637;9;1
226637;1948;1
841036;9;3
841036;4691;1
2420045;9;2
1234256;6492;1
1234256;9;14
1234256;383;1
1234256;1948;2
1785164;9;1
91474;2076;1
91474;9;3
91474;2094;1
36179;8440;1
36179;39843;1
36179;1948;7
36179;2076;2
36179;26026;1
36179;383;1
36179;9;8
36179;14;1
1551700;9;1
1551700;1948;1
109909;9;35
109909;1948;5
109909;4696;1
2504018;9;1
2504018;27598;1
1514839;9;15
1514839;28763;1
1514839;907434;1
1514839;4696;1
1514839;1948;1
1162578;2421112;1
1162578;9;4
1973587;9;1
216404;9;2
243038;2094;12
243038;1948;6
243038;9;39
243038;4691;3
243038;4731;1
243038;383;2
243038;14;1
243038;2024109;1
2485599;9;1
2485599;1948;1
777566;9;20
777566;1545782;1
666975;9;1
134498;7890;1
134498;9;1
134498;891213;1
134498;27598;1
134498;25067;1
134498;4731;1
134498;4700;1
134498;4723;1
134498;4739;1
134498;1891059;1
134498;23833;1
959845;9;20
959845;1948;1
959845;2940;1
2196839;9;18
2196839;1948;2
2196839;14;1
2168167;9;9
2168167;383;1
1629544;404;1
1629544;9;1
1228138;9;22
1228138;1948;1
1228138;14;1
1228138;2094;1
2489707;9;2
793964;9;8
793964;2094;2
793964;1948;1
1838444;9;1
1154415;1948;1
1154415;9;2
146800;9;1
146800;33606;1
2473327;9;1
2198898;9;27
2415987;9;1
1834352;9;167
515446;1948;1
515446;9;1
1213815;9;2018
1213815;891213;12
1213815;4696;12
1213815;10143;6
1213815;7918;1
1213815;4723;5
1213815;2094;14
1213815;412770;1
1213815;360710;2
1213815;4730;1
1213815;3997;2
1213815;4692;1
1213815;75960;2
1213815;61323;6
1213815;39843;12
1213815;25067;2
1213815;2658;3
1213815;35256;1
1213815;7362;1
1213815;14234;1
1213815;233696;2
1213815;23833;1
1213815;237513;1
1213815;14;6
1213815;4739;1
1213815;1948;3
1213815;564;7
1213815;2024109;1
1213815;907434;3
1213815;1833990;2
1213815;2147492;1
1213815;274469;1
1213815;2307737;1
1213815;1068466;1
1213815;64390;1
1213815;222739;1
1213815;33606;1
1213815;404;5
1213815;40318;1
1213815;4728;1
1213815;7856;2
1213815;4690;1
1213815;4731;1
1213815;251710;1
1213815;665842;1
1213815;36348;1
1213815;498934;1
1213815;184340;1
1213815;124076;2
580984;2024109;1
580984;9;9
580984;14;4
580984;23833;1
580984;2658;4
580984;18953;2
580984;1948;1
580984;49036;1
580984;4731;1
580984;517790;1
580984;2445202;5
580984;25067;1
580984;498934;1
2076023;9;45
2076023;14;1
2076023;1948;2
2076023;7856;1
2076023;29635;1
2076023;2094;1
2076023;383;1
224632;9;52
224632;4739;4
224632;4723;5
224632;2094;2
224632;14;1
224632;383;2
224632;4692;1
224632;4691;1
224632;564;2
224632;124076;2
224632;171644;1
224632;4690;1
224632;26606;1
224632;7887;1
224632;7962;1
208252;9;1
40318;2094;2
40318;9;1
40318;7856;1
1095043;1948;1
1095043;9;2
1150340;9;44
1150340;2094;1
1150340;14;2
441733;9;581
441733;4723;2
441733;2094;9
441733;10143;1
441733;7890;1
441733;383;1
1744260;9;7
1744260;26542;1
1744260;2076;1
1744260;14;1
925063;2094;1
925063;9;6
925063;39843;1
2448774;9;4
1834374;9;1
2448779;9;1
50573;9;8
50573;1948;4
50573;14;2
1981842;9;6
216469;9;52
216469;50573;1
216469;568;1
216469;2658;1
216469;383;1
216469;564;1
216469;1948;1
1578389;9;1
1578389;2928;1
998809;9;1
998809;14;1
998809;2445202;1
1834394;9;139
1834394;2094;3
1834394;4723;2
1834394;4696;2
1834394;1948;2
1834394;7940;1
1834394;907434;1
1834394;891213;1
1834394;2928;1
1834394;26542;1
1834394;2658;1
1326491;9;1
1764765;9;16
1764765;568;1
1764765;1948;9
1764765;184340;1
1764765;18953;1
1764765;156202;1
1764765;7831;1
1764765;217720;1
1764765;183246;1
1764765;10143;1
1764765;23833;5
1764765;1545782;1
1764765;26671;1
1764765;2124248;1
1764765;2445202;2
1764765;2094;1
1764765;2024109;1
1764765;412776;1
1764765;1306690;1
1764765;14;2
1764765;3900;1
1764765;2053635;1
1764765;39843;1
1764765;8440;1
1764765;23413;1
2495908;9;5
2495908;14;1
1265061;9;1
695716;9;1
26026;383;2
26026;14;1
26026;9;1
26026;782;1
2512299;9;2
2512299;47151;1
1353132;9;141
1353132;1948;7
1353132;2094;5
1353132;7856;1
1353132;36603;1
1353132;14;1
1353132;27598;1
1342896;9;5
226737;9;7
226737;7362;1
226737;14;3
226737;1948;1
15793;9;41
15793;7362;1
15793;217720;1
1068466;1948;2
1068466;9;5
2078132;9;7
2078132;6492;1
2522545;9;3
2096566;9;1
351671;9;1
789938;9;2
1641913;9;2
2526651;9;45
2526651;1948;2
2526651;2658;1
519614;9;1
880065;9;1
753093;9;4
253382;9;1
253382;404;1
1891782;9;1
1408457;36537;1
1408457;1948;1
1408457;9;2
1408457;29635;1
1408457;146800;1
2493898;9;1
46540;383;3
46540;9;4
46540;1948;2
2010572;9;87
2010572;39843;1
2010572;2094;3
2010572;383;3
2010572;4690;1
2086348;1948;2
2086348;9;2
286157;9;1
777676;9;1
2485708;9;1
269778;1948;1
269778;9;2
269778;2445202;1
97747;1948;24
97747;6492;1
97747;9;350
97747;25067;1
97747;2658;3
97747;29635;1
97747;1545782;3
179668;9;2
179668;383;1
1441236;9;1
1811926;9;314
1811926;25067;1
1811926;1948;11
1811926;2094;9
1811926;4696;2
1811926;782;1
1811926;383;2
1811926;14;2
445911;7362;2
445911;9;6
445911;4728;1
11731;9;22
712153;9;1
474585;9;1
982492;9;15
982492;2658;1
982492;23413;3
3554;9;35
3554;383;7
3554;2094;2
3554;2940;1
3554;3096;1
3554;7362;2
3554;26542;1
1830370;9;2
310756;9;1
1584615;9;2
2145769;9;1
2049515;9;3
2049515;10143;1
523758;9;4
523758;14;1
701936;9;1
701936;47151;1
171505;9;1
1719797;9;1
122357;9;1
251387;1948;1
251387;9;1
36348;568;1
36348;9;2
36348;2445202;1
1342971;9;3
968191;9;1429
968191;2094;83
968191;4690;2
968191;26619;1
968191;383;15
968191;2928;1
968191;36603;1
968191;4723;4
968191;907434;1
968191;564;1
894464;6492;1
894464;9;3
2461184;9;2
36354;9;78
36354;26542;1
36354;2094;3
36354;2076;1
36354;26535;2
36354;4731;1
2053635;9;4
2053635;29635;1
2053635;2024109;1
2053635;2658;1
2053635;404;1
2053635;14;1
1500674;9;2
1500674;2094;1
607749;9;1
607749;1948;1
607749;29635;1
2526722;9;1
863758;9;6
607759;9;216
607759;14;2
607759;2094;4
607759;907434;1
751119;9;1
751119;2658;1
2213393;9;37
2213393;23413;1
2213393;7887;1
2213393;14;1
1162768;9;4
222739;564;13
222739;9;546
222739;10143;1
222739;1204000;2
222739;2658;6
222739;14;3
222739;383;2
222739;2094;5
222739;1948;3
222739;36606;1
222739;178437;1
222739;25067;2
222739;4723;1
222739;26542;1
222739;8440;1
222739;27064;1
222739;4700;2
222739;36603;2
222739;2024109;3
222739;23413;1
222739;2445202;1
222739;2473010;1
2448917;9;1
2448917;891213;1
560662;9;3
560662;2094;1
2444821;9;2
2045467;9;4
2045467;3220;1
2045467;658;1
2045467;1545782;1
2045467;2658;1
450076;9;6
450076;2094;1
1175069;9;3
1175069;1948;1
2096668;9;14
2096668;2094;1
2096668;7918;1
1973791;9;2
2469405;9;1
622113;9;3
622113;14;1
7714;9;1
822818;9;1
2412059;9;2
990760;9;1
2227754;9;1
2065964;9;1
2065964;383;1
542252;9;1
542252;4731;1
1314355;9;20
1760820;9;1
210485;404;1
210485;9;2
1545782;9;21
1545782;14;25
1545782;1948;21
1545782;2076;1
1545782;2024109;1
1545782;23077;1
1545782;383;2
1545782;25067;1
1545782;2072944;1
1545782;2445202;1
1545782;2658;1
556598;9;1
349753;9;110
349753;124076;1
349753;4691;2
349753;2094;9
349753;383;3
349753;4723;4
349753;7887;1
349753;4696;1
5689;7362;1
5689;9;1
2489915;9;1
42556;1948;1
42556;383;1
42556;9;4
42556;59578;2
42556;25067;1
650813;9;16
650813;23833;1
650813;26542;1
650813;2094;1
847422;9;4
2162240;9;1
1633857;9;30
1633857;907434;1
1633857;564;1
1023556;9;5
169541;9;49
169541;383;1
169541;2094;2
169541;14;1
169541;1948;1
2102854;2094;1
2102854;9;7
2102854;1948;1
2102854;383;1
1523271;907434;1
1523271;9;4
536132;9;1
183881;9;13
183881;2658;2
1437258;9;1
1332811;87660;1
1332811;9;18
1332811;7362;1
1332811;383;5
1332811;4723;1
1332811;2094;1
1332811;1948;1
1332811;6492;1
261708;9;15
261708;14;2
261708;1948;1
2375243;9;1
1302097;9;1
1961553;9;5
157269;9;109
157269;383;4
157269;1948;1
157269;14;3
157269;2658;1
157269;2445202;1
157269;891213;1
921174;404;1
921174;9;1
1719896;9;2
1539677;9;1
1490525;9;2
1488483;9;95
1488483;2094;1
568933;9;1
48744;9;1
271977;9;1
271977;1948;1
87660;9;1
87660;383;2
87660;14;1
1799789;9;1
1799789;1948;1
245359;9;493
245359;4691;24
245359;2094;25
245359;383;129
245359;564;5
245359;4723;23
245359;4696;2
245359;124076;1
245359;4690;2
245359;26542;1
245359;1948;30
245359;7856;1
245359;4700;7
245359;2076;2
245359;14;11
245359;26508;1
245359;2024109;1
245359;25067;1
245359;4730;1
245359;10143;1
245359;3096;1
245359;2658;1
245359;26538;1
245359;2445202;1
245359;6492;1
345711;9;59
345711;383;19
345711;7362;1
345711;2094;2
345711;1948;1
2207349;383;1
2207349;9;3
32376;9;8
32376;383;1
40568;9;1
171644;9;75
171644;2094;3
171644;383;4
171644;4723;2
2092670;9;1
2526847;9;1
265854;9;9
269955;9;1
269955;4731;1
269955;2658;1
269955;14;1
269955;891213;1
34436;9;36
34436;383;11
34436;7940;1
34436;4731;1
34436;26671;1
34436;2094;1
2485892;9;1
2485892;14;1
2485892;1948;2
2485892;383;1
2485892;564;1
982663;383;2
982663;9;4
982663;59578;1
2459272;23413;10
2459272;9;36
2459272;1948;4
2459272;1545782;1
741001;9;3
741001;568;4
741001;383;1
2137735;9;1
138893;9;1
2190991;9;4
2190991;2658;1
523919;9;2
523919;404;1
2420370;9;1
2420370;1948;1
657044;9;4
657044;25067;1
657044;7362;1
657044;1948;1
7831;9;673
7831;383;45
7831;4693;1
7831;4700;4
7831;7856;4
7831;4728;3
7831;4691;16
7831;2094;41
7831;4723;47
7831;7887;3
7831;7890;8
7831;4703;8
7831;4690;10
7831;4739;4
7831;7918;1
7831;4696;3
7831;2928;1
7831;4730;7
7831;7940;6
7831;7962;5
7831;4692;3
7831;26671;4
7831;124076;1
7831;360710;1
7831;36603;4
7831;412770;10
7831;26619;1
7831;23243;3
7831;10143;4
7831;609299;2
7831;36348;1
7831;14;6
7831;23833;1
7831;34436;1
7831;3997;2
7831;29635;1
7831;564;8
7831;4731;2
7831;4737;2
7831;203350;1
7831;134498;1
7831;25067;1
7831;18953;1
7831;2024109;2
7831;1948;3
7831;891213;2
7831;173867;2
7831;2658;12
7831;1764765;1
7831;1545782;1
7831;3220;1
7831;26546;1
7831;23793;1
7831;2445202;2
7831;580984;1
52888;9;190
52888;14;2
52888;4728;1
52888;8440;1
52888;564;1
52888;2094;1
52888;383;1
2307737;9;177
2307737;2094;2
2307737;1948;4
183961;9;12
183961;4696;2
1398427;9;234
1398427;61323;2
1398427;4696;1
945819;9;1
517790;14;3
517790;9;20
517790;29635;1
517790;26542;1
1085086;9;1
765600;9;1
1592994;9;2
42662;14;1
42662;9;215
42662;2658;1
42662;383;1
42662;1948;1
814759;9;1
11942;9;4
2305706;9;6
2182828;9;1
1392302;9;5
7856;9;31
7856;7887;1
7856;2094;7
7856;124076;1
7856;7918;1
2203314;9;1
177843;9;20
177843;14;3
177843;564;1
960180;383;3
960180;1948;1
960180;9;7
712372;9;1
28342;9;1
2453175;9;1
36537;9;4
36537;14;1
36537;1948;3
1023673;9;1
1965758;9;2
1965758;2658;1
2162366;9;1
1001152;9;187
1001152;349753;3
1001152;383;17
1001152;2094;18
1001152;1948;3
1001152;265077;1
1001152;4723;3
1001152;7831;1
1001152;4690;2
1001152;412778;1
1001152;4692;1
1001152;4691;4
1001152;2076;1
1001152;4700;1
1001152;25067;1
1001152;14;1
1001152;346949;1
1949374;9;1
2080450;9;1
153285;7918;82
153285;9;32
153285;1948;2
153285;10143;1
153285;891213;1
2006727;9;1
880328;9;1
659144;9;1
110282;9;1
1470157;9;1
1666766;9;18
1666766;578083;1
7887;9;2260
7887;2094;32
7887;383;54
7887;4731;25
7887;450076;1
7887;2928;2
7887;4692;4
7887;48744;1
7887;4696;10
7887;4723;17
7887;609299;2
7887;645360;3
7887;7831;1
7887;4693;1
7887;4691;14
7887;4707;1
7887;14947;1
7887;26619;1
7887;4690;8
7887;36603;2
7887;10143;1
7887;782;1
7887;7918;2
7887;124076;2
7887;25067;1
7887;26546;2
7887;26538;1
7887;4739;1
7887;1891059;1
7887;1948;5
7887;4700;4
7887;29635;1
7887;891213;2
7887;4703;1
7887;14;1
7887;1545782;1
1066703;1948;24
1066703;9;244
1066703;14;6
1066703;2076;1
1066703;383;2
1066703;2094;2
1066703;2658;1
7890;9;3450
7890;7918;4
7890;39843;164
7890;383;30
7890;2094;23
7890;4696;20
7890;564;2
7890;349753;1
7890;4723;12
7890;34891;3
7890;4690;7
7890;7940;13
7890;4692;3
7890;609300;1
7890;4691;2
7890;4707;1
7890;26642;1
7890;891213;2
7890;4730;1
7890;23243;1
7890;26538;1
1066708;23833;1
1066708;9;6
14037;33083;1
14037;9;1
2146009;9;1
2146009;1948;1
835290;9;8
835290;1948;1
2109146;9;1
1285853;9;1
208605;9;1
175840;9;1
2141923;9;7
2141923;1948;1
1973988;9;1
1834724;9;1
1437414;9;266
1437414;2094;1
1437414;14;2
1437414;1948;10
1437414;907434;1
1437414;383;5
1437414;2658;2
536295;9;22
536295;14;1
536295;1948;2
536295;7856;1
7918;9;59
7918;1948;4
7918;891213;1
272116;2799;1
272116;9;25
272116;59586;1
272116;26535;1
272116;14;2
272116;18953;1
272116;7362;1
272116;2658;2
272116;2094;2
272116;23413;1
272116;61323;1
2416372;9;1
1689334;9;23
1689334;383;1
1689334;14;5
1689334;2094;1
1689334;1948;1
1793784;9;1
593657;9;2
36603;564;7
36603;1948;5
36603;9;389
36603;2094;9
36603;10143;11
36603;383;12
36603;4723;1
36603;124076;2
36603;2928;8
36603;4696;1
36603;37035;1
36603;4690;1
36603;2076;1
36603;7890;1
36603;782;1
36603;4730;2
36603;4731;1
36603;26546;1
36603;891213;1
36603;14;2
36603;29635;1
36603;412776;1
399099;9;86
399099;1948;22
399099;2094;6
399099;8440;1
399099;7362;1
399099;14;4
399099;568;1
399099;23833;1
399099;7940;1
36606;1948;1
36606;14;1
36606;9;1
2047742;9;1
200447;9;1
7940;9;17
7940;7856;1
7940;383;1
7940;14;1
7940;1948;1
36612;404;14
36612;14;18
36612;383;32
36612;9;101
36612;4703;2
36612;4690;5
36612;564;5
36612;7856;9
36612;7962;1
36612;1948;3
36612;4692;1
36612;4730;5
36612;4723;2
36612;4691;6
36612;2928;9
36612;2094;4
36612;4700;1
36612;7714;1
36612;26506;3
36612;568;1
36612;50573;1
36612;26542;1
36612;23243;1
36612;3997;1
36612;124076;1
36612;29635;1
36612;28763;1
36612;36603;1
36612;2658;1
36612;7940;1
36612;4728;1
1009412;2094;3
1009412;9;24
1009412;383;1
1072901;9;1
1369867;9;26
1369867;4696;1
1369867;124076;1
1369867;1948;1
229132;9;2
2490128;9;15
200465;9;2
2055952;9;8
200469;404;1
200469;9;2
200469;1948;1
229142;9;1
2084632;9;25
2084632;4723;2
2084632;383;3
2084632;2094;6
2084632;14;1
2084632;412770;1
2084632;4730;1
2084632;10143;1
1691417;9;12
1691417;2094;1
1691417;383;1
7962;9;656
7962;383;25
7962;2094;36
7962;4696;7
7962;7856;6
7962;4691;27
7962;4723;16
7962;7714;1
7962;26538;1
7962;4692;2
7962;3997;1
7962;1948;4
7962;4740;2
7962;7918;1
7962;4700;1
7962;4690;2
7962;26606;1
7962;7940;1
7962;7887;2
7962;4730;1
7962;7890;1
7962;48744;1
7962;891213;1
7962;14;1
1158939;9;1
1158939;1948;6
188187;9;1
212765;2928;1
212765;9;31
212765;7362;1
212765;816001;1
212765;383;3
212765;1948;6
212765;360710;1
212765;404;2
212765;14;1
212765;29635;1
212765;2094;1
171800;9;1
182047;9;1
182047;404;1
1204000;9;19
1204000;1891059;1
1146655;9;1
2473763;9;1
208676;1948;1
208676;9;4
208676;14;1
1527590;383;5
1527590;9;67
1527590;2094;4
1527590;1948;1
1527590;4692;1
1527590;4723;1
2105127;9;3
1634086;9;1
44838;9;1
173867;2094;5
173867;9;28
173867;26619;2
173867;4731;3
173867;7890;1
173867;4723;6
173867;4700;1
173867;4696;1
173867;7962;2
173867;1948;1
173867;412776;8
173867;2024109;1
173867;7940;1
173867;383;1
173867;2508663;1
24364;9;2
2408238;9;2
2133808;9;1
32562;9;4
32562;61323;1
175926;2658;11
175926;9;11
175926;1948;1
175926;36537;1
175926;2076;1
175926;2445202;1
1382199;1948;1
1382199;9;2
1105720;9;1
409399;9;1
110390;9;3
3900;9;82
3900;2658;2
3900;34079;1
3900;404;1
3900;1948;4
3900;14;3
3900;701093;1
3900;36603;1
3900;8440;1
3900;217720;2
3900;3220;1
3900;1545782;1
2201405;9;1
2201405;1948;2
251710;9;33
251710;4696;1
251710;907434;1
251710;383;1
251710;124076;1
2047808;9;5
2047808;2445202;1
765763;9;1
1034052;9;24
1034052;14;2
28485;9;31
28485;485640;2
28485;517790;2
28485;134498;1
28485;18953;1
28485;23077;1
28485;8440;2
28485;14;8
28485;2658;4
28485;7491;1
28485;27598;2
28485;28763;3
28485;568;1
28485;29635;3
28485;187076;1
28485;441733;1
28485;156028;1
28485;1068466;1
28485;383;3
28485;1545782;1
28485;23833;3
28485;1948;2
28485;64702;1
798534;9;43
798534;2658;1
798534;1948;1
798534;59578;1
798534;23413;15
905031;9;2
905031;4723;1
905031;27594;1
1148745;404;3
1148745;9;3
1148745;26542;1
57162;9;39
57162;1948;2
57162;2094;6
57162;14;1
57162;7887;1
57162;4731;1
57162;4692;1
57162;383;1
1302347;9;1
2457420;9;1
2457420;47151;2
1400652;9;1
788303;7362;1
788303;1948;2
788303;9;3
1531729;9;288
1531729;1948;2
868180;9;4
264025;9;8
264025;1948;6
264025;29635;1
264025;25067;1
735070;9168;1
735070;9;1
1879908;9;1
12133;27598;1
12133;9;4
12133;18953;1
12133;217720;1
1687398;9;1
85863;9;2
85863;14;1
85863;1948;2
85863;7362;1
85863;26542;1
85863;2076;1
85863;6492;1
253799;9;2
253799;1948;1
2066280;9;2
2066280;2658;1
2072423;9;1
38763;1948;22
38763;9;2
38763;498934;1
221036;9;29
221036;2094;5
221036;18953;1
221036;34436;4
221036;891213;1
221036;3220;1
493421;9;4
493421;412776;1
2436968;9;2
65394;9;1
1730419;9;1
1730419;2445202;1
2508663;9;11
2508663;173867;3
2508663;2658;1
192376;9;1
192376;2076;1
675706;9;1
616315;9;105
616315;2094;5
616315;4723;1
616315;2024109;1
616315;1948;2
1222524;2076;1
1222524;9;42
1222524;1948;1
1222524;4696;1
1222524;2940;1
1222524;2658;3
1261441;9;2
198531;1948;6
198531;568;1
198531;907434;1
198531;9;8
198531;456810;1
2037636;9;35
2037636;383;17
2037636;4690;8
2037636;4696;1
2037636;4723;2
2037636;2094;1
2037636;4707;16
2037636;23833;1
2037636;1948;2
120708;9;19
120708;1948;1
120708;14;1
120708;2445202;1
1134470;9;3
2469763;9;1
1083272;1948;1
1083272;9;1
1675144;9;1
26506;9;189
26506;26508;26
26506;383;44
26506;7831;3
26506;7856;6
26506;4691;14
26506;4690;4
26506;4728;8
26506;2928;13
26506;2094;19
26506;1948;2
26506;26524;10
26506;4723;6
26506;26535;1
26506;26538;2
26506;26542;2
26506;4700;7
26506;4739;1
26506;26546;1
26506;4737;1
26506;404;1
26506;564;2
26506;26560;1
26506;4730;11
26506;4696;4
26506;4731;1
26506;26606;1
26506;26619;1
26506;4703;2
26506;26642;1
26506;2076;1
26506;4692;1
26506;26658;1
26506;23833;1
26506;26671;1
61323;9;397
61323;2094;1
61323;568;1
61323;6492;1
61323;14;3
61323;2658;1
61323;4696;1
26508;9;125
26508;383;21
26508;36603;1
26508;609299;1
26508;124076;1
26508;7962;1
26508;14;4
26508;233696;1
26508;2658;1
26508;4730;1
26508;2094;2
26508;1948;2
26508;564;2
26508;9168;1
26508;4703;1
26508;4691;2
26508;4739;1
26508;4723;1
26508;4728;1
49036;1948;19
49036;14;29
49036;383;3
49036;245359;1
49036;2076;5
49036;2658;18
49036;4728;1
49036;9;55
49036;46540;1
49036;1306690;1
49036;29635;1
49036;18953;1
49036;36348;1
49036;503009;1
49036;51680;1
49036;25067;1
49036;157269;1
49036;2024109;4
49036;6492;2
49036;33606;1
49036;564;1
49036;907434;1
49036;10143;1
49036;4739;1
49036;3220;1
49036;2445202;3
49036;23413;1
49036;184340;1
49036;27598;1
49036;61323;1
49036;217720;1
49036;580984;1
671626;9;6
2207626;9;1
2445202;4728;1
2445202;9;8
2445202;1948;4
2445202;23413;2
2445202;2658;5
2445202;498934;2
2445202;25067;1
2445202;891213;1
259986;1948;3
259986;7362;1
259986;9;4
259986;29635;3
259986;282766;1
262036;9;1
2449301;2024109;1
2449301;9;1
2449301;564;1
184213;9;1
1658772;9;1
2064275;9;1
14234;14;1
14234;9;4
606107;9;7
606107;14;1
606107;33606;1
606107;7362;1
606107;4730;1
606107;568;1
1948;9;4
1948;26542;1
1948;36179;1
1948;3096;3
1948;75960;1
1948;1545782;1
1948;891213;1
3997;383;12
3997;9;141
3997;4690;12
3997;1948;9
3997;7962;2
3997;4723;5
3997;2094;6
3997;7856;2
3997;26546;1
3997;7714;1
3997;50573;1
3997;4728;1
3997;7940;1
3997;891213;1
3997;4700;1
3997;6492;2
3997;349753;1
3997;4691;1
3997;4739;2
3997;4730;1
3997;441733;1
3997;51680;1
3997;14;1
3997;4696;1
3997;10143;1
3997;4703;1
26524;9;54
26524;383;2
26524;2094;9
26524;4739;1
26524;7714;2
26524;7887;1
26524;4728;1
26524;26506;1
26524;564;2
26524;2445202;1
10143;9;1445
10143;14;20
10143;4731;2
10143;383;7
10143;564;6
10143;36603;7
10143;568;1
10143;2076;1
10143;2094;3
10143;26671;1
10143;1948;3
10143;2658;2
10143;907434;1
10143;33606;1
10143;4696;2
10143;29635;1
10143;2928;1
10143;23413;2
10143;51680;1
10143;2445202;4
10143;12736;1
1542044;9;48
1542044;1948;3
190366;9;18
190366;2094;1
212893;9;2
235427;9;3810
235427;2094;10
235427;779121;3
235427;124076;2
235427;4723;2
235427;4691;3
235427;4696;11
235427;383;2
235427;4690;1
2203555;9;39
2203555;891213;2
2203555;14;1
1640358;9;2
1640358;2094;1
26535;9;219
26535;1948;1
26535;383;1
26535;2658;1
26538;9;744
26538;2094;40
26538;4700;4
26538;7856;27
26538;383;152
26538;4691;60
26538;197209;10
26538;4723;25
26538;26671;30
26538;2076;1
26538;1948;11
26538;4690;18
26538;7962;17
26538;7714;3
26538;4696;1
26538;3997;1
26538;7831;4
26538;564;2
26538;14;5
26538;64702;1
26538;25067;1
26538;4692;1
26538;404;1
26538;4739;8
26538;18953;1
26538;124076;5
26538;3096;1
26538;7940;8
26538;891213;3
26538;907434;1
26538;33606;1
26538;4731;4
26538;242890;1
26538;26542;1
26538;7890;1
26538;10143;2
26538;26546;1
26538;349753;2
26538;360710;1
26538;1545782;1
26538;4728;1
26538;4703;2
26538;23413;1
26538;2473010;1
26538;2658;6
26538;1459502;3
26538;7887;1
26538;6492;1
26538;580984;1
26542;9;4
26542;14;1
2129841;9;298
2129841;2094;15
2129841;10143;2
2129841;1948;7
2129841;124076;1
2129841;4723;1
2129841;7918;1
2129841;4691;2
2129841;4690;1
2129841;7362;1
2129841;782;1
2129841;2658;1
2129841;498934;1
26546;9;64
26546;383;5
26546;568;1
26546;4691;1
26546;412776;10
26546;2094;8
26546;7962;1
26546;3137;1
26546;36603;3
26546;171644;1
26546;4723;2
26546;4728;1
26546;23243;1
26546;907434;1
26546;4700;1
26546;4696;1
26546;26538;2
26546;4739;8
26546;75960;1
26546;793964;1
26546;124076;1
26546;891213;1
26546;23793;1
487346;9;1
487346;1948;1
483250;9;8
483250;14;1
2019249;9;37
2019249;14;1
2525113;9;279
2525113;1948;14
2525113;907434;1
2525113;7856;1
2525113;4696;1
2525113;2094;3
1068985;14;1
1068985;9;1
1642429;9;1
1318846;9;1
24511;9;1
26560;9;4
26560;2094;1
1327042;9;13
1327042;2094;1
192454;9;39
237513;9;150
237513;14;37
237513;623688;1
237513;25067;1
237513;3997;1
237513;23413;1
237513;2016;3
2461643;9;2
1494988;9;1
1138638;9;1
122835;9;121
122835;2094;5
122835;782;1
122835;2658;1
122835;383;1
122835;1948;1
122835;29635;1
122835;7890;1
1765333;9;5
1765333;1948;1
2000860;9;96
2000860;4691;7
2000860;2094;6
2000860;383;4
2000860;349753;1
2000860;7831;1
2000860;7962;2
2000860;4723;4
2000860;412770;1
235484;6492;1
235484;14;1
235484;9;2
2016;383;5
2016;2076;1
2016;2094;3
2016;9;29
2016;212765;1
2016;14;4
2016;26542;1
2016;2024109;2
2016;2658;6
2016;6492;1
2016;907434;1
2016;33606;1
2016;18953;1
2016;25067;1
2016;23413;23
2016;2445202;3
2016;217720;1
149472;9;6
149472;1948;2
149472;120708;1
149472;383;1
149472;498934;1
499685;9;2
712679;6492;1
712679;9;14
712679;4731;1
712679;33606;1
712679;2445202;1
1134569;34436;1
1134569;1948;1
1134569;9;1
1134569;2658;1
26606;9;949
26606;7362;2
26606;1948;7
26606;206;1
26606;23833;1
26606;3096;1
26606;47151;1
26606;4696;2
26606;383;3
26606;26671;1
26606;14;3
26606;2928;1
26606;2094;2
26606;2016;1
26606;498934;1
26606;907434;1
26606;7890;1
26606;23413;1
26606;2445202;1
1853422;9;11
1853422;7940;1
946160;9;10
946160;1948;4
1896433;9;1
2050034;2094;6
2050034;9;92
2050034;2658;1
1224690;9;7
1224690;4723;1
1224690;7890;1
1165300;9;1
1165300;1948;1
1400821;9;1
724980;9;1
1986551;9;1
516088;9;1
2498547;9;1
26619;383;4
26619;9;143
26619;2094;6
26619;7856;1
26619;4691;1
26619;564;1
1368060;9;1
1368060;26671;1
1368060;2076;1
49150;14;19
49150;9;4
