3110;-11.418400264564324;42.23806348558113;18.785203158225997;-1
3922;6.754876247099452;-33.643865803394526;-33.05511646433518;-1
6394;-39.15927001692726;28.1989284840405;6.958513639658497;-1
9361;10.958226062749828;-34.39311509491113;35.327960132275265;-1
10610;29.365083683446912;-26.23537822847136;-27.82802121247692;-1
11735;-40.938943917741206;-19.9855491952296;4.291965290847486;-1
20741;-12.570623049407473;-36.80652390925593;20.000320199883724;-1
21230;-39.85261236436622;-21.52010011701807;-11.844074785618975;-1
21789;-4.491938424607662;32.565998944627964;-32.46644591897564;-1
22798;-0.05430381986071319;6.674142252429118;-46.57344199447975;-1
23015;6.028816222843721;-26.266915406821298;-40.34678112304355;-1
25621;30.299647314740284;34.81257054180202;20.376747251525238;-1
26930;-17.1799728806754;-41.605971983503515;14.808895981554846;-1
28112;-7.531350168931615;-45.266879236068256;-1.5726986804981176;-1
33224;-37.02891631291587;30.323898889918272;-14.688530162909203;-1
33422;24.95688853967876;-35.44742545149448;5.005283248219261;-1
35153;2.6612565076503922;-25.892057194024265;40.865246481870194;-1
37196;18.0130755531567;35.22125657836496;29.68966025952077;-1
40490;6.140630110999005;34.51292372953667;-34.1359746696339;-1
40787;-26.104217672951414;-40.0831036347426;-9.987767680100823;-1
40859;-11.578106651902043;-21.751532690701133;39.01394347980531;-1
43361;-25.467778447080576;-35.795344661137776;4.121433915482855;-1
43683;-28.407233699798255;21.46068826032913;-34.63854621358409;-1
45098;39.99850452769039;20.1809843043412;-20.63604606136519;-1
45182;-41.98864484288552;21.322571346740023;14.722400197585726;-1
45523;17.00481026490126;20.390028211034696;-40.273635243071226;-1
49909;-11.543991090428781;-34.43605203318751;31.803374422568197;-1
50801;9.036140288191818;-13.377404405060354;-44.539129368357614;-1
51039;-25.700864281429347;-20.00972056967742;31.298861176729773;-1
52545;11.752617812622379;44.23924898905354;-3.107954172736252;-1
53690;-38.19648417079749;17.06090575104631;22.68960264163616;-1
55080;5.823287781489178;43.30830986795154;-3.541572435410833;-1
57340;-0.6020621766002623;-6.733659636394596;-46.89142804037644;-1
63489;-31.85582288603621;-37.42905041898845;6.931856746090697;-1
65016;-16.17723862874072;2.096044675864482;43.59672013581149;-1
66966;-32.44119535224646;-6.883065154512189;31.14905184090064;-1
68774;-23.17062410868764;-39.56334943611188;-15.660015677716476;-1
69735;-26.816839150298062;34.56431410617864;22.801724669438926;-1
70364;8.929073720450234;37.80266481695273;26.632959981482166;-1
71411;-28.419615566911638;37.717758977283395;4.944074262010935;-1
72049;25.346092833963073;37.2529014749363;-15.883101747340836;-1
73363;-40.51852606208833;-24.090278846352213;-5.535181432185654;-1
76832;20.864089098925962;24.905726101954112;-38.39179968232902;-1
79713;-4.036734557517943;-10.52415157048303;-43.00285202032504;-1
80358;-30.03603736389631;-9.605030800837723;37.62640049641157;-1
80689;-29.303934144271036;3.278043037054614;32.58931906571174;-1
81205;-10.56200561160632;34.824893313640544;34.212790084768926;-1
81370;-36.74130523829688;-3.3205205799204713;-25.703467287583866;-1
82077;-17.968786458710333;-43.94216860015352;7.2818337376264175;-1
82244;-0.34697150874546945;-44.06026628586885;-18.32184555023604;-1
83553;35.32125703966979;-20.4883486780971;-27.136659963776097;-1
83618;-1.7074913089975914;44.164392160171005;-19.004377683466807;-1
84242;16.96944033586759;30.565953135742127;-29.862339466720467;-1
84316;32.144311947595966;-20.041468802580425;22.71677661885898;-1
85030;7.416812270011386;4.512946091304981;-45.65723729524268;-1
86064;33.276281937526605;-17.76618534400686;-28.698308883148282;-1
86805;-44.93788739874419;6.022155341148861;14.458220399448466;-1
87423;-43.88227694611394;-0.3566119530932818;-20.826045812220087;-1
88175;12.236463189593925;-39.248762775549956;20.62567624765773;-1
89448;-8.757469484440836;38.53608220292845;-28.381026352428492;-1
93863;-13.9540800166538;-30.323569644815485;35.865653967916856;-1
93968;39.54706446679707;-19.72690746856487;15.677832903086568;-1
97421;43.33530796638014;9.097468520222629;4.4095726264845165;-1
97966;-20.69830574749021;-32.1870856703513;31.391916536208278;-1
99214;42.41066108502031;13.488316386758857;-13.557115949968312;-1
101873;-14.337027246954792;17.473079815856305;41.17932661150475;-1
103674;39.519542953076865;23.45176425070953;10.244581674335974;-1
105621;-32.3784586828315;-23.712752904004386;30.111192483213852;-1
106522;7.470052188053412;-39.52309148362913;-29.4761940564253;-1
106923;10.36128991757693;-41.452760448278916;-25.0482132518221;-1
108072;4.801376057589876;35.290882068392094;24.685345751700098;-1
108657;-29.89207283215684;22.33892283843872;-27.99161663171252;-1
110126;-25.712193689838095;31.184458352723507;19.512837649447622;-1
110342;41.57348646669513;17.641259339984572;5.370854357166078;-1
112105;-41.601801545534876;-9.268920796953816;-21.077245755343597;-1
112433;-20.114427547515692;43.15226738765511;-6.97700131499217;-1
112859;35.779121601158536;8.435355915001294;29.70304111818535;-1
115450;-7.879933496901903;39.775616849345916;-4.8302261597216525;-1
116413;-35.43688960820527;22.233003000435478;-20.569438651446944;-1
117610;-41.21451362659243;7.814232918046679;-25.511069957006104;-1
118249;29.02900885532185;31.425015518250923;27.90647441094375;-1
124293;-8.659826502493786;-38.15295065165111;31.120959072856795;-1
124895;-4.962069476720781;34.475989182749586;35.47675077812825;-1
125506;39.54134348137855;-21.248192908177774;-11.200759402409147;-1
127112;32.96998268574853;-14.992182790591794;-31.10921318346332;-1
128172;3.0810373303105885;43.81152301774306;16.487657665394703;-1
128804;5.558410448054024;-44.91989992270129;10.365301361115597;-1
128948;40.60712113534531;-27.534948046024503;0.7063207514526599;-1
129835;39.08197058335053;20.137432493800222;16.44276495492656;-1
131742;26.863327433187408;-22.708182477458006;-27.75867150039913;-1
131987;24.347090026526654;23.37975806532378;34.41187080952721;-1
132816;45.93980557307367;0.6325176124263202;-0.12431860660643564;-1
133347;36.405067194650776;15.421488856989585;22.426897411309675;-1
134068;23.99204280111104;38.79611548261308;-13.093111108015611;-1
134192;-14.108636672896631;-43.97328085533661;6.643500648899375;-1
135159;-46.72002641673799;-3.5483363820791083;5.528303867816311;-1
135203;-17.247842396820996;5.5406642777168;-44.4841595064956;-1
136532;-41.62092308804293;24.07489719052454;-8.174704948991348;-1
139879;-39.55730764777269;1.0871493897681273;25.22874931651738;-1
140638;-26.456633751605434;8.917087932381442;-39.00228764035448;-1
141996;-46.6579848203178;2.384443687481595;4.325610552424991;-1
142625;8.121277192397091;15.001899742215093;44.65471128380036;-1
142931;-2.9529486738105595;-17.499267464801115;41.260104224116056;-1
143466;-19.526680014068244;-5.610224340832481;-42.89978423284894;-1
144141;-33.97896696651476;31.53286158080851;21.616592851650893;-1
144242;18.359060096063534;-11.371136707950038;-40.49393679962543;-1
146230;-39.407380121393835;-24.24809699895514;5.627890662197127;-1
149743;27.53477638832134;21.597299651439673;-28.317240038369604;-1
150181;43.40348984326428;18.923251127327767;2.544734871810108;-1
151299;9.031936081494683;-11.684720859384882;-41.75564061629727;-1
151665;-9.812181548190189;18.003980508949777;-44.05818106688453;-1
152352;-27.418589449826463;-30.93817738771686;-30.998758486629804;-1
153328;40.3838479306839;21.30461341833455;-4.123517023921647;-1
153421;-46.180219221505;-0.19372196171646222;-1.6574400734948502;-1
154379;-43.926530864801464;-5.403108769238858;-10.073543768043978;-1
155349;7.664669109014285;12.679701670554982;-44.986289242914694;-1
156155;-34.398748844447724;24.848595041468666;2.8111486823916043;-1
156276;34.435083996304094;13.22798763069993;-30.110080929234353;-1
156296;-32.98167510798856;8.302988830952966;-36.75873834438038;-1
156578;5.312911791924084;45.738873196369795;6.676012899284488;-1
157438;-28.231585658552053;30.72531620767352;-9.060083723722327;-1
158228;4.927825875485325;45.37276389831265;-9.695400842886013;-1
158351;34.892672779843494;29.406593892944535;-20.743318055538428;-1
158361;-31.43579618482169;-23.683241849363917;-33.591814122486284;-1
159112;-32.97207916097568;12.284769355700373;-34.8121202920888;-1
162234;-14.502935824092033;24.933607815444887;-40.02028535756712;-1
162999;27.49324085227735;-18.486363981383732;-34.98507527723784;-1
163383;16.609244786387443;9.895837944905352;42.068001354839495;-1
163672;24.237718743065557;34.03693380303036;-20.13602264938572;-1
165307;-32.67426430223098;20.724106463087725;27.686541496342247;-1
166124;45.797608271458564;-7.134352333517637;-10.681409725005146;-1
169760;22.03919863950392;-10.508511021070259;41.056490047557844;-1
170918;38.00257568961975;-5.873251077594807;25.876824683414092;-1
172605;17.168671612873727;-31.553989548601077;33.65095442231694;-1
175474;0.9601218100336529;40.56788468689942;-20.383609338560692;-1
176626;29.228252795601176;-7.464110298869341;-39.42925381527392;-1
178019;33.59358979479277;-33.10780412296334;-13.646313232216714;-1
179124;33.71835961844579;35.55178770689607;5.8006792660068305;-1
179611;15.563173999555913;-9.854206730797303;-39.622546017156694;-1
181593;-22.546943834065008;18.174217111455288;34.50678626313343;-1
181606;23.295673931381064;22.81764099680104;-36.07542530930326;-1
185512;0.12180613406124405;-46.620211683439855;4.347251382781517;-1
189445;-6.885143338344743;42.79601011613523;-15.861243530794649;-1
189738;-33.58954880361667;-28.744496061541916;21.04700445194951;-1
190393;7.999782935407705;-32.66835196068434;-35.694041289725334;-1
191001;14.710633202736949;-38.494808374530265;25.666611534496592;-1
191498;13.006142561847618;-34.918404550953674;-32.67239013779973;-1
192598;45.16942268564308;-11.346125336381;-10.068425695132053;-1
194639;19.50179527523105;30.931660023118084;35.100170360178176;-1
196674;20.988687264875818;-8.879100926889716;-41.7634411925787;-1
202174;41.65371533746845;11.971608016886844;-7.948778788597856;-1
202402;34.962807614858704;-33.481761836333945;-1.4561285900500245;-1
204904;-38.19807130103657;-3.5769479925659162;-32.42073431684159;-1
205886;-36.747105017415215;-29.993027260041544;10.501583507123355;-1
206008;17.796606747286233;4.748702821022841;43.91442758969813;-1
206310;-12.493443213410822;-16.45092854503927;41.66424273857553;-1
207559;-17.70888403284861;33.34334100418842;-34.31609988146588;-1
208208;32.778280428165544;-30.557719194111726;25.18745578969424;-1
209796;1.1603539253183248;38.55398807121083;-31.445372433409613;-1
210266;2.8004489200661795;46.69430308780993;2.47192439269837;-1
211241;18.4636545114735;38.423846205667026;-7.006850760432728;-1
212670;8.384412270496659;6.77991505576039;44.81904961506277;-1
213322;-35.63680892305442;-12.976835526608447;32.93447486774019;-1
213661;43.39608604954262;-5.303427000309161;13.924664640077387;-1
214632;-27.586780230197558;-36.65585909897169;-3.5540753071346445;-1
215965;-12.86344857851762;6.130973661680919;-44.75235919035365;-1
215990;32.883503786143656;36.1211312833159;12.116990835222941;-1
217420;1.9755821238820155;-18.764961619556317;41.200142218558774;-1
217832;13.477627177161086;-27.861840594060705;37.13130309770073;-1
218052;23.31345598099231;39.816130881353054;15.249697485943132;-1
218285;9.083671180573326;-6.44824493615788;45.23506065164756;-1
218584;25.398279589785286;-30.70276713922362;-32.57879729272607;-1
221147;-10.458723955516442;21.964513468324544;42.122532223231126;-1
223477;-43.79921431620807;9.312671702289856;-9.671432784324313;-1
223570;36.99398819141329;22.33637189240729;24.6709574593022;-1
223913;-11.402936297460954;-12.814709047062204;-40.29215739064857;-1
224431;-36.92568249585802;24.245491178739915;22.93016965637605;-1
225820;35.35740364945875;35.739811987134246;2.882307659625577;-1
226200;17.30692078731609;38.35334835682055;25.157939106932353;-1
226209;-26.247917682984372;-5.328125659382068;-38.649531060354846;-1
226483;42.05633144508513;8.551499939070379;-21.30953380348177;-1
228089;30.264598188627282;23.134671669087503;-20.980463172457892;-1
228338;-44.215681230627496;13.874432249416595;1.8845892950233771;-1
228975;25.294812205688707;-0.2689897314017042;38.843749088210416;-1
230598;-0.1299522572112042;4.071861773815582;45.266488081629895;-1
232690;-7.614668878361869;-26.624205438620862;-40.825734255474956;-1
233362;31.40390724888331;13.021856276838786;29.18689173132105;-1
233695;-20.509468203707545;-23.003934629704045;-39.78823509755874;-1
235443;-36.13400561105311;15.654321425874674;-17.426663291515002;-1
237273;-8.537681493965769;43.696292859888764;-12.988219809200992;-1
237798;1.2228486734518267;42.38237133272693;-12.824911424157563;-1
238980;7.219970834061166;30.114459607695363;37.405961050882695;-1
239249;-29.14683920526996;38.4569170471026;-0.3829124942391344;-1
242700;-17.403179954910186;-1.7085281144895432;44.63203839667933;-1
243506;-4.131134686257087;-32.68679250050116;27.923769628052586;-1
243513;-20.448733738486037;-35.431210833697364;-28.130532738542584;-1
246280;-32.52367547158585;-26.060526566405407;-27.070098985859527;-1
247510;16.634129525224637;-39.70018595207903;-15.589460140625487;-1
249576;42.158636622109476;-3.65228391528392;18.496484750718572;-1
250017;-25.845256550396375;-19.81513952799057;-37.84733240256427;-1
251256;-32.919785470846584;-16.45152793996999;-30.7402560559701;-1
251616;-36.4075970352269;-32.310805849360385;-1.350849654372935;-1
252133;-42.316851557272166;-14.45505458115243;4.679906071874093;-1
252212;12.319961998909463;-41.53047636284036;22.253935391008866;-1
252428;5.824260391221238;-36.29126657963594;31.770793227695748;-1
253037;32.284806742482985;-34.016610656600164;-16.770704333545986;-1
254943;29.772463995841534;23.78419909130933;-28.235210168743425;-1
256512;-42.93490371047963;-13.1825250729385;-0.3885274247447428;-1
256956;25.57848640937778;-33.34037779826333;-7.178889768821448;-1
257606;19.681892346455946;-40.84504715411113;-18.154169742974435;-1
258721;18.069251240031917;42.745182551634784;0.3071872857949645;-1
260638;-0.8654058909194791;-45.87039676572102;-4.356172658739746;-1
261147;2.882568136119823;-32.992382608980925;-31.038743475223914;-1
261234;-11.002646011019099;-45.23771993901623;-12.175564101821022;-1
261270;-27.539729135166695;-14.028654032435224;-36.59066856861971;-1
261596;42.34061067182633;7.389269650835873;17.047889313243363;-1
261604;25.275755386576925;-0.38891629275877254;-40.301367811344505;-1
265113;-1.0535394798282607;9.510733737071993;42.479267885071295;-1
266060;-9.220064481979035;-41.113578897132676;-20.298468524822276;-1
266500;-31.445611628569758;25.52327453829491;14.504085367891083;-1
267526;-12.209552327047264;45.54157377203941;6.3170238783327175;-1
268357;-23.723156486440338;-33.39755388372009;-27.21902189256577;-1
268677;-27.026742752537725;-29.12183627588304;-27.282754739471212;-1
269461;-19.43807931268985;-25.300398116193268;36.36906973007932;-1
272239;-46.110562776810085;1.0543282082809593;-6.73915197938063;-1
273650;38.480166816668685;-29.857974858563;-8.373421956403176;-1
273863;36.7923832542003;25.60254944248836;21.69231359717066;-1
274660;-27.554207477507234;-33.14725444002301;18.170211296038037;-1
274960;45.75956217069198;2.213310279004335;6.544620183756162;-1
275317;-22.660132390875948;25.147437032371638;-32.74112919870397;-1
275948;-41.813846647973016;-9.332881582776574;2.7601936057653447;-1
276977;-25.701542470059877;-39.077240147301076;7.292465258979683;-1
278569;-23.356993721229752;6.078297962810764;-39.58921909619673;-1
278954;-5.1600611599852275;1.8959781504645725;-46.561245855373066;-1
279835;-12.80828032537572;-26.594860413562138;-39.28853389553029;-1
281849;40.50529153458054;-11.419300763990753;24.841526120971206;-1
282421;-29.997386240077596;17.85868211243491;29.796574867984145;-1
283210;24.76082448799901;-13.71744565175276;-30.87564051661214;-1
284994;-13.82620909810102;37.94999215123777;26.376193826279046;-1
285292;35.931764696120204;-28.689194140516406;18.42635554382478;-1
286137;32.92946021155927;-22.7632930423554;-30.804126791850216;-1
286966;22.191208570806385;5.4869600396580225;39.923025791391474;-1
287660;-32.75548935049479;25.36411970685588;-25.07556592189985;-1
287846;-29.80964617997089;-27.43385291510442;27.0100806990881;-1
288000;33.36854936000699;7.94827929282226;-26.012307636180896;-1
288208;35.009442228904845;-7.958983979753923;30.785638413001365;-1
289776;-24.082548621588472;-32.972093231279224;-10.95035654198106;-1
290433;-30.941438884076952;32.17168150203796;1.4928560395569124;-1
296195;-24.420612990633796;39.102955034047014;-10.862052020492138;-1
299124;1.6899011431508442;44.585496646636535;11.614689441100682;-1
302422;-32.17466722044872;35.76576044091891;8.942635382515276;-1
304897;-16.35282053956029;-34.55223052950026;28.187447116353542;-1
308140;8.736081919547994;1.1344285995951002;45.03544525535484;-1
308419;27.38142133600065;-34.611331432481016;-17.333977981019544;-1
308981;-21.501973344970146;18.433106475462285;-39.88616159612208;-1
322473;2.5189823470022086;23.79890537256718;40.00117225724119;-1
326439;-13.879503186811666;29.444307934547627;-35.2720081632263;-1
326444;31.72844724216797;-34.64876969613476;-8.85902471428661;-1
328602;26.641058848198604;-32.37336523295077;-23.560509405663193;-1
330802;28.63684979729457;29.343041145924378;17.89990950883142;-1
332192;23.80119038986174;7.085312401081685;-37.0914222293528;-1
335190;-13.825484477468816;-25.25600912259178;38.518336736106406;-1
335686;18.47541869226157;-36.31811834690774;-9.989961943937566;-1
337709;38.54000218949412;-28.874863051942327;5.887959821155778;-1
338922;-1.4793376436752501;9.469666038620637;-46.55905933020327;-1
353524;27.761676917234833;39.29461226665868;3.80276932919805;-1
355890;13.752396285740998;42.16896985302773;16.2989917793152;-1
358730;-43.217626761649534;8.025761640344976;12.222432282905894;-1
363363;-8.709689547686706;16.35624665847178;43.409168617772195;-1
363965;36.94348987201563;-2.4924988699255137;-31.505013636046222;-1
367622;35.905267500497565;23.92647518662425;-26.053136842987282;-1
377649;38.22378900184321;29.145359009337767;-1.0031648032229414;-1
379677;5.168574045383268;-7.725597744424617;-46.16856619611488;-1
388445;-11.702382607900878;21.36078910520977;-42.682738544533414;-1
394137;-38.846247974118754;-16.119874001216548;9.18303425712789;-1
394338;42.040564262940514;-15.013462717662572;-14.680280743944909;-1
396692;29.357302805590432;-4.892251575292767;-34.3562734121274;-1
397369;-5.666864699482038;-34.45837879084151;-32.26430068210679;-1
400250;-3.6301879106079427;-4.396960006393109;45.74566633891791;-1
404628;-31.74315633748653;13.450036718953543;25.62359580252041;-1
409563;-42.0458631392529;11.510507989099551;-22.988706340184933;-1
410591;39.87654595068425;-27.322995807589713;-6.247224620056892;-1
418273;-31.874412571070536;38.15870821985883;0.5816575982883391;-1
427449;5.701807946560918;-42.49629858047361;20.77159936564968;-1
429541;-24.228649025405;35.337947233726496;-23.04031621356209;-1
436111;-27.12348453154317;-40.35240924445873;-1.905750503908053;-1
447980;2.607781615539283;-41.242552927482826;24.026892128913804;-1
451520;-31.87812994526526;6.841511327073597;-25.18076113927089;-1
453568;-11.921925775094385;3.439243690628061;-43.84207808890605;-1
455643;-23.242130798297794;25.678334911404402;35.693351844851975;-1
459135;-21.16827499111264;-32.776938121208026;21.49903124450036;-1
459213;-9.126292944050448;-41.59635352400498;-24.54337920306301;-1
460649;15.742902428828115;13.639463808454446;-43.42333741343489;-1
462590;-33.75674340649728;-26.199757848034718;18.24084562682884;-1
464081;-37.469724852455926;-27.31445231928148;20.19513340157895;-1
468843;-36.77036041510272;12.685687177680022;-25.94667529829783;-1
468919;-39.956217637437476;-20.02679488302071;17.482484406741065;-1
469400;35.21751669168457;29.822239101637344;-9.757731584043901;-1
471761;18.00704361402999;-34.96108259564495;-23.996700071582097;-1
479267;27.196785184854413;-34.063383159620976;-27.3581124711597;-1
479334;-21.979696732872334;-39.43382103580233;-21.289994372958635;-1
480302;5.060477179665118;-6.384117417238198;45.14185896101226;-1
484742;36.514055765855645;-16.46711361519896;-23.308328762383084;-1
495270;-19.927792006236718;11.168598206097307;-37.87418135577536;-1
495858;31.040116736849217;-24.814663097456577;14.160954282541745;-1
498034;-6.668547899742435;-14.246321628167122;44.60325336970141;-1
504449;21.676342395624747;-29.683823897613234;31.791141700672313;-1
507925;-1.930712101778326;38.88224825275092;26.606932733997688;-1
514613;-7.7273473866695594;-45.03917107173168;-15.42942732224569;-1
515757;2.4456635781751626;20.878024327549937;-38.79430885563881;-1
518704;-26.202884269480847;20.987692494415686;37.39936489258411;-1
523736;2.0757173083432234;-39.10335181660678;-24.51001007119244;-1
527090;-34.53024145913117;28.4299487978299;-25.118359343080137;-1
529092;9.241947321556413;-41.61754340113312;9.349493686648641;-1
532399;11.256073283192666;35.62805719425382;-28.242929137264337;-1
543299;-36.73228335966835;-23.394385552881822;26.749875761700306;-1
547306;43.07372695330634;9.728815703243084;11.583658793678113;-1
547463;10.420024992665697;-26.788557840186805;38.617943228912175;-1
555135;-30.270763795637606;-29.338296639571386;2.685871272538455;-1
555918;-39.800329930479954;-24.026658561875074;16.484560791586006;-1
556551;-42.6521722171276;6.2400227351909985;-20.25317903179436;-1
557201;-19.48368257348666;-33.88933350485669;-21.04309290756596;-1
559268;29.919467713145202;-31.60861328099606;9.050773403871274;-1
569377;-4.485653220017266;11.336700343556112;45.104935670468;-1
573716;16.62803989785342;-21.536846592288924;-40.846994484120785;-1
578922;-21.090428222728292;6.403961469832928;-42.574577307176575;-1
580498;-5.4365788555373165;20.480489006540807;-37.18748581972772;-1
580705;21.684370910823496;-29.248772926280903;-33.907292840292506;-1
581631;30.713612529190662;-0.9158478411635892;31.571453609352364;-1
591966;-7.438502346430294;-26.685813669692074;36.900358763550436;-1
593329;34.19146794678753;21.622572730654518;-22.166790966046648;-1
594521;3.079543767590036;-12.066326486243534;-44.996037149205776;-1
595753;29.910701914041066;-22.908184807098024;33.724882611165974;-1
596231;-7.722251826243295;-44.07191368313756;4.430303108202137;-1
596333;34.04922843426181;18.377786263042175;27.877286973284654;-1
601159;12.286864423897171;16.125526042147737;41.2947621957907;-1
601819;-31.43067740839459;-2.726378797030207;-33.26189927325013;-1
604275;32.02644782891937;28.300952254994087;-29.65129616989423;-1
608253;15.743472276121402;39.43019652561096;-23.097239033555173;-1
609297;3.495471437626368;29.868856831319242;-39.209655773896614;-1
629528;15.76815018149659;-14.494896052650455;42.274696927872505;-1
630506;36.564379613489436;33.107638093381595;-3.8152475778906703;-1
634555;33.92657759832161;29.939799301757525;-15.225240484333488;-1
635441;25.02532368202658;-40.975839067678386;7.888790752979035;-1
635645;-20.897818430567106;-26.56507639503303;-36.46461834734475;-1
636644;23.556503590245942;-19.917446112045273;32.53537352194729;-1
637477;-44.66594782820576;-14.7286952513886;4.9495845446339795;-1
638920;36.48240039695599;-21.524968442042198;15.958111942531936;-1
639468;38.48596378172631;10.5003488379879;-25.046555770065332;-1
641893;-33.017590964799496;23.382193634866198;-32.298373329154266;-1
652799;29.59527947744899;1.746635245197723;38.25034247868001;-1
654696;19.408804639148816;43.18045583376301;-11.484750891443001;-1
654733;41.452616931182824;-14.826468383643377;-1.8154618937414884;-1
656821;7.378864661369567;27.08229793902692;40.25088074818967;-1
659832;41.28136163870117;-12.779028164320348;-9.13240015930109;-1
660707;20.377445138580722;-23.064044373448468;-36.84112278565572;-1
660770;-23.012454198496265;-26.188163917919457;-28.698525565822766;-1
666848;-17.642055719164816;-30.391470115628866;-37.05650817815376;-1
669961;46.46036459306676;-4.1607424742343815;-8.380819418488246;-1
673202;13.818160884477319;-20.751120038850214;41.28998110664851;-1
673711;22.98866412927432;-41.035007508116124;-7.584512700304183;-1
675023;28.588380415667082;39.04581834544015;-3.091392721956922;-1
681987;7.398713638570537;-24.994622279706803;41.460701727595726;-1
685141;-23.199213558446377;40.568495338072964;10.714114035033552;-1
687194;10.415134858671088;0.5265375799057544;-43.096675618376715;-1
689618;-32.31115197882742;-22.330456736799942;-28.00834903667984;-1
690758;23.112216871671308;-11.801414328807123;-40.67041780284108;-1
698109;32.848775462951316;24.321878856647377;30.243352030284996;-1
700917;42.06590206555163;-23.54639970527535;-8.517640457121507;-1
701703;23.02556209327221;18.36628801099097;-36.63980206857419;-1
703287;30.812326964752128;-27.2425840228704;-23.88719652726774;-1
714618;3.6208582440895243;31.30099986286754;26.940542444942903;-1
716878;-34.08876880126412;31.31266133043978;-16.478511968095045;-1
717019;-27.53004032415047;26.850123860347406;32.749906254050934;-1
717091;34.83269951804339;30.04653381033561;10.173837595177575;-1
731621;2.7087916211229617;-45.7530054092433;-8.067003107045025;-1
733385;-17.00156565290541;-30.329389122358776;29.0424150405328;-1
733424;-0.42448852637549717;-41.44599826039858;-23.765131015954715;-1
733541;11.075635710622151;-37.438457823933916;29.03603275084799;-1
738933;-10.02354635145227;-2.7716153505410603;39.77612619433399;-1
740883;39.099271428580785;-13.491447029296047;19.431065266376187;-1
746640;5.7044018070181375;-20.79552450978559;41.28845307168429;-1
759324;25.67415884531434;12.047137406278495;37.36295376108863;-1
759912;31.487895704761968;14.19889344900144;32.93215608171714;-1
764369;32.37989948191378;25.65955668430267;14.880996437974302;-1
771148;20.332603081205313;-26.102968229997245;35.332127756183205;-1
771395;26.517943692241644;-36.84096519825609;21.462293681962805;-1
776466;-40.64358573399423;-12.165685341707036;20.535290024760368;-1
778513;-30.570444376631436;25.11191795812047;28.051674315333855;-1
779210;-0.7006075926404773;-45.91560465098841;-14.820820563803249;-1
779673;7.171488085645317;45.438376537770765;11.374669057653238;-1
788638;-40.34241088676467;16.066381521226013;7.7845157334593775;-1
797272;23.193208352896384;-36.65337991148831;20.954034921322584;-1
798842;3.878084146460747;45.03434214355746;-13.53856425475354;-1
802830;8.899806785576146;36.562803739493184;-31.30874134387411;-1
804101;34.53251803424361;12.1747212906391;-33.43561686885092;-1
804593;-17.2731745713107;15.6757490911326;-41.85341796964311;-1
804695;8.84881108094842;-33.11418359858744;25.965611112799188;-1
808527;-32.652354025561706;23.167500501302218;32.071982145228844;-1
809790;36.91212435136886;17.225034434786;-28.31852887817368;-1
810118;16.38185883200189;-33.75862038498924;-34.62825800763715;-1
812503;-22.633857506049203;1.328397319259859;38.51499363198579;-1
815305;27.74023096058231;-8.209259503934993;-33.67705483537981;-1
815843;46.89291386443004;-6.1187374222091515;-2.8732641479053616;-1
816383;-36.22241495630339;24.029711817742808;18.41459839818848;-1
820263;-25.581092229593004;-37.97996189777358;15.079757766842272;-1
820818;11.311435003008214;-15.377146295389775;43.67612448679749;-1
821093;-29.517428487973582;-3.471644785615224;38.35308383511403;-1
821601;-20.324808133045295;31.392228896946822;-20.737729330973156;-1
822742;-16.52972083782137;44.78578460343837;-4.559964472880119;-1
825948;36.25720518883129;-22.709704884300812;-22.529336256217633;-1
831911;-45.655453180754066;11.460127156736434;-8.11396133807254;-1
835549;27.860380096553467;-4.537723544077701;39.62543324344268;-1
836089;-28.697934613074175;30.4804563433242;24.03238236135431;-1
836151;20.913256367608934;35.148963358787036;23.669883503184998;-1
836681;8.578721755325226;-28.077107796009035;-39.664866676138104;-1
837012;39.13685320933062;5.420266449130608;26.472873695948923;-1
837162;-1.756143604571073;-33.66706773392859;-34.590164067838536;-1
840564;18.661419662850985;-6.061307367773527;-40.874912780400756;-1
842650;-0.5027426740169679;-45.904722678232176;8.988949897155928;-1
844259;-25.404011831446642;33.905117571365544;-18.709717386775313;-1
844559;-2.344549804102891;-38.096663809377944;-32.394968777002916;-1
845585;-34.22239447396392;-2.1648941886514965;24.47703209376022;-1
850140;-21.196803938566163;15.087309298751084;38.77309646602502;-1
859853;19.833200169611867;-43.819993340472905;-0.266261103818411;-1
866220;-28.64710423451302;-17.255208200723107;37.50267187522036;-1
866626;-43.73599644241212;0.6101594164378528;13.290165709064432;-1
867865;15.009714388800065;5.402121737445672;-45.33534251902315;-1
871174;-15.693654959414978;-0.7941070021047009;-44.17641101345311;-1
874153;-11.104787972522404;-36.66484720887173;-32.17667083167252;-1
875502;-11.741383378762512;-44.0935509959182;5.482412165796973;-1
880830;15.318971218381815;29.929243760043363;-32.582669440259714;-1
884242;-30.9571075740968;-35.1967939486339;11.379281303152974;-1
885756;11.905592966747546;-36.53966371829469;32.10339269084694;-1
888453;-43.597494002506075;2.3670292245502775;18.777893635538035;-1
891216;35.1847413266233;14.846092235987738;28.213713558998165;-1
891956;-14.552128419321372;26.1570995017684;-37.93499602172704;-1
896475;36.98071989517702;1.0954070750357487;29.497710364595516;-1
896723;-15.000990800606543;38.872641049495215;5.420708960176876;-1
897563;15.756212935975004;-30.25883499229814;-36.43710527580666;-1
898479;-23.157337521056768;-27.303069443719288;32.78273508626565;-1
898705;-21.019209974340665;41.807613503505706;-13.059139767153614;-1
900891;-35.90246469603281;26.82225340309946;13.404123911478898;-1
906060;-7.182340510764128;6.175646875413872;41.996414464499175;-1
908217;-18.59396944175082;34.675548297828165;32.40608150273718;-1
910374;16.631384409004387;-37.23792222978981;20.502542800306173;-1
911359;-34.43605203318751;-33.74776373877937;-15.08712638480509;-1
915563;-3.4478339626955603;41.73919243146142;19.426009806315008;-1
919863;37.50225820829634;-11.758669450174045;-20.46961266190598;-1
920654;-8.829977276147714;36.25007998711968;-33.72692843330039;-1
921548;43.78071468111639;10.745915031574823;-5.476045353446056;-1
934114;19.984969498723835;-2.4419958018004104;41.61981716218485;-1
935063;41.0348133379273;-9.031304324865829;-20.779826272128314;-1
940236;7.6571344614697185;41.331609506695855;-22.05514732856417;-1
941113;13.411547403625514;16.921201707218124;38.31431170668489;-1
941383;-30.729801820441413;15.045438889482888;34.81143928939756;-1
942844;-23.50119463406866;-18.629428013696778;39.291947351168595;-1
946296;-32.97438106263449;33.637548237105996;1.1157746308614878;-1
948614;-23.7758807278577;40.052298112176636;-2.6381210593005497;-1
951571;-0.6754239038227978;-35.59929467976156;23.138467836982038;-1
954456;-26.25349515130681;-6.924374158669221;40.544615218908376;-1
959198;-35.8005450453254;20.022009572787457;-18.69854556576619;-1
964636;18.728914908922476;-24.91342537205007;38.72544034794202;-1
965506;-5.019498124126051;-19.69692224469517;-43.175911125720255;-1
965934;-42.83598384848651;0.8882233504093644;-15.865844520051555;-1
966971;37.47421890740594;-6.913727159982064;-26.114050001063724;-1
968603;8.718279467996618;21.363172614629097;-39.861901578761966;-1
969794;-27.155764621919907;-36.88597891333466;18.70759558500179;-1
971739;13.885101760589412;-3.406376516836203;43.08384350155011;-1
972035;27.351274303640263;5.98921183596031;37.69809150699807;-1
972284;-30.227871882332554;-33.72710853318568;-16.898378267849235;-1
974651;-36.5901451533281;0.887662209116392;33.14715594789824;-1
975100;-40.154915649939525;-28.442510764828572;-1.3638602881756718;-1
975414;43.97155583612286;-16.09125781788109;2.4203943682937914;-1
980218;-31.455913904820235;-22.32175144000102;34.10323025924041;-1
982048;29.129043085355175;-32.57799809948512;28.607924067281278;-1
984863;12.446766388454067;43.34839053460971;-7.04269837627151;-1
987814;-3.1992285835444436;-1.324494217058435;42.05835756879459;-1
988836;-30.26068945830444;-37.57306560382066;-11.684108801180981;-1
988930;22.91360609505119;-35.49323273169259;17.972357501748263;-1
989012;36.66590810975848;-31.748857624480102;10.431068070397448;-1
990800;-4.492622593117194;37.21924530887355;-28.88610522446914;-1
991057;13.493474560035864;25.615924673031525;38.958813216482966;-1
991746;36.22357997743633;0.3143774087664943;22.894967163954487;-1
993525;28.604229205572214;5.409870957119192;-39.44521516760735;-1
994854;42.059722388237766;15.46509835577507;14.821484682130238;-1
994883;-40.60739691329465;17.559682534132314;-8.977547323168784;-1
995710;13.123773113485486;-42.708900866931856;13.77185410850361;-1
999047;33.073039216981805;-26.72314781309964;30.472410943761208;-1
999078;-9.93453409369539;37.57774538677738;26.21441629026054;-1
1001766;3.066998684955611;18.92434438991266;42.24137000691255;-1
1004740;-18.555143846168235;-25.342980482820483;30.582817801562697;-1
1008521;28.3055194755225;22.81613125323142;30.048312296702807;-1
1014485;-4.944220241410141;29.083489070620747;-37.23229973649605;-1
1014777;2.6153948809048666;-46.404246594436046;-12.284357095806712;-1
1015149;-23.901309041716292;-12.305433003476189;34.53510415603388;-1
1015391;-17.283638656051863;-7.427051229895944;-40.34129933278517;-1
1015806;-12.089469321502733;-20.38212492153744;-41.79736750846938;-1
1017456;13.336919920690645;36.09941517683544;19.048337532810386;-1
1020278;-6.9862166602943425;-9.099078162947368;44.085075045066944;-1
1023198;-1.295459969829106;-2.093145138062902;-47.21210151424887;-1
1027237;-33.70646739789552;-19.843788073024168;-19.14191490055015;-1
1027925;17.043028023371004;7.953167316271339;37.096118896673765;-1
1030206;23.467681985102;34.41523924019419;20.80758135288725;-1
1036518;32.23354862669428;-33.74897659894434;-20.735986020364805;-1
1037817;-40.26529436713394;10.397969088354802;27.364700187276163;-1
1039044;-20.39488668684635;33.038789284109754;-31.59671543232438;-1
1039319;36.11091342888665;-11.169785036200732;-31.39373723348609;-1
1042007;-3.709904622332483;-34.55131033164888;-28.711098789064266;-1
1042679;-21.612259198161208;39.45763080344923;4.695555063468988;-1
1044033;-27.50052926951;11.854496659449525;32.83572384938953;-1
1045420;-21.574037218600402;-8.821561827601673;-40.77022409395708;-1
1045775;-30.82605395288374;15.908028697088646;-32.37390553260662;-1
1046834;1.7339411932245896;19.481099265757095;-42.41746266975055;-1
1048926;4.357005268951603;-15.444296819024583;44.865675786926786;-1
1051966;-2.692700821996976;43.761866102496974;6.785194937163001;-1
1053129;-35.670594535909714;8.620202417185421;33.75884550984585;-1
1054147;4.829537066605883;29.42715623453488;36.72372861511729;-1
1054780;-34.758467410637934;-28.637834718542226;10.741240173224343;-1
1058320;-8.389770242083905;27.313304182512784;38.22586296458471;-1
1065744;-17.130142900695795;-27.25171846392723;33.11310018521502;-1
1068985;-25.272443237124094;37.55535671978781;-7.86722238468573;-1
1070669;15.527325680201955;-42.97606779051022;10.32409999478063;-1
1072670;-7.229055325540435;8.789815001729025;-43.82918124868318;-1
1073502;20.424459650822385;36.44385057932275;-22.699425120535995;-1
1081297;-33.845225917325955;-35.29541270613131;9.765590552085015;-1
1083649;10.118489242150389;9.611086659480451;-42.06821522345327;-1
1083698;-37.56848431298871;18.879232182709327;0.22550308395398516;-1
1086098;39.37655490040292;-27.0129735534955;12.93954922223291;-1
1089947;-14.91437119796629;-7.081668192465359;40.251868483498036;-1
1094207;11.413593848875765;40.345461328571695;-26.37882497304064;-1
1094698;-42.21187020851491;18.495332392858813;8.861318877278471;-1
1098517;-16.2557087115718;-32.936371544657106;-33.64767041347118;-1
1101200;36.71388784482285;-26.605368116244268;-15.602399191758975;-1
1102916;-23.319696160611386;-11.914958160782398;-40.49623307316282;-1
1103240;-0.7818974082702582;-39.86402900865691;26.63587253431452;-1
1108395;-25.51443275955167;3.9611182840019454;39.156061987720605;-1
1111941;22.906496370673473;10.692533003467064;-35.172117450289065;-1
1112424;-12.82685031198509;10.716126088439477;45.01815285230671;-1
1123640;19.896526384745066;4.840151703594903;38.81358798554649;-1
1136579;-4.7576536446185;-46.27120343230272;5.530930441729255;-1
1138682;39.40396666575553;-24.128367158029413;15.525983373244435;-1
1139381;-28.922949721313582;2.3641639831135706;-37.97417337489807;-1
1140537;-8.681733261587178;38.991613908090606;-19.328921897842527;-1
1144683;11.219989989769624;21.85632268333028;40.997946328597195;-1
1144896;-28.721063378029836;-9.698415405419016;-35.913419834367446;-1
1144900;39.40205873259579;29.917480986285646;1.8472366843424193;-1
1146900;42.4220073777933;1.7576603832924627;15.30712683686358;-1
1147955;-34.3245279932851;18.592342914661835;-30.18873955413284;-1
1150111;32.663590569967106;26.82454967663685;20.141735192622125;-1
1152391;-43.41962003924017;-14.091638339192448;-16.622479313895226;-1
1154468;-9.718898953309546;-33.15227753838605;35.192553159147565;-1
1155238;4.572248199626327;-38.96961639553939;-18.74642258761473;-1
1157993;-24.394568858785075;32.779209068199044;7.207080325474884;-1
1161713;30.981665881891917;-2.0026915535873546;38.503126737981894;-1
1172591;26.721833646749197;-20.25661640694868;36.06175178832509;-1
1173412;-38.230978926951096;27.17795067653853;-8.779917246705262;-1
1175865;30.277309300843452;30.282349283570742;23.46624681414113;-1
1178761;24.544330355582176;-16.062602237695724;-38.34199362186543;-1
1178955;-9.7095914475192;-38.76658472954765;22.673086919343326;-1
1182347;-13.141086621988919;44.56313049213263;10.315042940393258;-1
1183508;26.424238284739687;-28.55487902294325;29.8428436541383;-1
1184123;45.172014435554765;-1.9473233262564211;9.810868085354922;-1
1189920;27.1881769731499;-37.33866560312145;2.4516728289374217;-1
1192361;-12.705229422263862;-42.469387717926956;-12.58553897818804;-1
1193177;-32.51867769976917;-32.121672829203426;-23.600443741164568;-1
1201535;34.00579903536161;2.982526210635247;36.02875411246792;-1
1202023;-15.766807874539072;-40.12210933021047;1.4821233878969675;-1
1203782;-6.22235465503841;-43.65780213753038;14.606359590247646;-1
1208384;-39.4553570423975;12.869352477882138;17.65382412104395;-1
1215018;-27.916059101713795;-34.22623003870836;22.558760074976167;-1
1218013;-3.612087872136739;-33.34223507833034;37.111357035405355;-1
1221383;-32.5338933260151;12.608632567384857;36.16471545555501;-1
1223445;-23.718893184468342;-26.27354814790908;-33.91765421181785;-1
1228092;-18.578593414044562;-38.83154732098232;19.865763073089717;-1
1229225;-32.52115688725256;-0.06666695588251363;37.93917771593851;-1
1233366;37.787401351674774;14.494472536513964;-20.96196213033586;-1
1235575;35.52037434721727;16.007227151091815;-15.120157829390754;-1
1236133;-34.57884591567262;33.152716531856434;-3.963405411842037;-1
1237548;-42.4518617478401;-12.200800598246667;-10.100254832280399;-1
1237769;32.34313096470844;21.282601835479802;26.47095450654635;-1
1238305;-47.11128497533884;-7.22270187997788;-0.4659041570515274;-1
1240288;-42.85405574635064;-15.8718877154211;17.85083088306074;-1
1242650;-38.843481752443196;1.4464132213358725;-26.69354108039511;-1
1243356;-35.67601441683253;-16.517647110355465;32.610399194472286;-1
1247027;22.11071095723549;42.51556364007776;-1.0186390592357741;-1
1249051;-45.60615927933926;6.00574373910221;-2.4160881518960053;-1
1250686;29.971336480107457;-37.42364742242988;0.37972460315442325;-1
1251107;-38.17781287800265;-15.794972401130963;22.31319950951066;-1
1253614;-11.992685331586674;-29.95809632447826;-27.840507199836484;-1
1256200;-4.8268964223893995;23.972507591678966;40.147655373313945;-1
1258481;40.42994505913489;23.22712341254423;-12.526333954961105;-1
1263686;24.13275427867254;-10.581355093031693;-36.124024137723296;-1
1263696;23.294420267335834;-33.704804288017336;29.492481839800817;-1
1267104;-13.166093772466896;20.784280930228423;35.054545993926055;-1
1268948;42.50627723974272;14.612300072401363;10.49942652959099;-1
1271822;-39.40187300458909;0.1091130604139036;-28.48055123747374;-1
1276931;34.37730570185591;2.2396542841972105;27.53830240638795;-1
1277333;-37.39397596632908;-29.884806927409848;14.643561472801954;-1
1285676;-29.845145555797107;-27.270057697558578;-32.81504331724947;-1
1287206;42.54371550339646;19.095467421541063;-10.303472226278835;-1
1288954;-25.498305377636488;-14.067517617837362;35.01991897691919;-1
1290941;13.653635418177858;-32.7932849998584;-31.32827373924548;-1
1292137;-40.29967374679854;12.18179021113656;22.185542459571657;-1
1299846;-16.291808889359086;-37.957545090176936;-29.042327804650863;-1
1303349;40.77439453192573;-14.820525087428951;21.55640150014595;-1
1304420;11.032046613776796;-16.73579872452907;-40.48345160942896;-1
1304496;-39.207728142311915;8.314887383139823;24.939235936860065;-1
1306029;8.756689989624833;1.1089473678272919;-46.43014720918868;-1
1306272;39.51000047321743;23.49735203417245;-16.07127657982686;-1
1308611;46.03512625142179;7.938926058545415;6.574103097789557;-1
1308810;21.509398244147114;38.34081734448966;13.340631666763953;-1
1309795;-32.22291710534101;-11.161189487769406;35.04281980295754;-1
1310931;-41.545199528462454;-15.18904322145179;-7.380274505784069;-1
1320071;-7.715319387690153;6.676094507045008;45.548468220773;-1
1321100;-24.48979104500842;-34.78617465236484;-23.376302398774865;-1
1321731;40.5278968842446;14.382918948974131;-18.334289326684992;-1
1330485;23.308974589315476;31.508044379428295;28.639213608288944;-1
1337215;37.129580892547686;-19.989712598046474;23.06978505729195;-1
1338933;-5.944990982486102;38.97924611128076;23.499722880318593;-1
1340035;28.899801257932968;15.48920500682662;-33.234301779890814;-1
1342073;2.194219515285267;37.137449006286104;32.76898277158767;-1
1342246;-37.109558850613205;-22.94828235812044;-25.3602700718079;-1
1343866;22.044276612050762;31.917248203161435;-26.71713979348894;-1
1357192;1.4231245825562604;39.974773553743304;22.34935174742104;-1
1362593;11.016090889564776;39.46326455298582;2.8122517941889784;-1
1363645;-33.2715318030522;7.636126091257224;28.038003608416396;-1
1363967;38.01284419714174;10.283762545082892;25.249624018846266;-1
1364749;-27.146261538910384;-3.5870223298990798;-40.95302266346127;-1
1367586;-20.80976647102669;13.81410019487627;41.92957770863326;-1
1367950;-38.81553531555614;-5.275755286098686;27.194660569020183;-1
1368336;-36.95909665269991;4.350893480852312;26.483333559599025;-1
1370303;11.648507415654114;-40.9075277440017;-16.268267864509763;-1
1371568;21.654941463943544;4.5811564605537844;-43.30468535776017;-1
1371971;19.253706276219773;-41.301673528888536;17.415952976461924;-1
1373088;-25.03802072393922;40.40742131723135;-9.06562601628592;-1
1374458;-17.223692127828482;-39.778813622309734;-17.59047117233403;-1
1378212;27.258804268788936;39.9180280195748;-9.851743724162986;-1
1382217;-6.439386976565571;18.035818791795425;42.29285887567928;-1
1382295;17.67102506711908;-30.631149294215515;-23.574091469668364;-1
1386281;13.800245166982462;-45.400617471196355;8.801929533075189;-1
1386936;-10.178098083088862;24.09318577106315;-40.08658181377717;-1
1389286;13.665012665618635;-4.614124940531115;39.57528386757276;-1
1389612;-45.772253584483195;7.8069557570568575;5.981805931693117;-1
1392120;4.2312399713232764;14.805787851503316;39.83830567972885;-1
1393539;28.85316382982612;-19.287456713316224;32.16451127535503;-1
1403148;0.07505436275330016;-32.67756800950169;-37.09858401385361;-1
1404385;-21.059164008266993;32.51396133402326;24.155168272208474;-1
1407965;43.51271198150788;3.3649028901277775;-6.60327154053888;-1
1412380;-42.90552210263171;-16.491234336554047;-4.012222329966913;-1
1412743;-41.51901187951765;-21.99650652450911;8.653978180828242;-1
1414253;13.291816155669432;37.71520381016091;30.371543751758438;-1
1414939;24.541535993299544;-13.701729122700883;32.32054249940864;-1
1419274;26.83249377001437;-37.78867893523602;-9.574684673682274;-1
1423701;42.50436930658297;-12.568053811981445;9.050407575979287;-1
1423929;5.750621698867498;-42.40971274656185;-15.206998335796552;-1
1425750;-10.937235280416756;-34.06906193412889;-35.92784470955454;-1
1427626;38.66979511151018;-24.669772739744307;1.6524169751318065;-1
1429615;-15.872682687570993;41.67646983235;-17.7989311614307;-1
1432652;-6.808358174362331;34.43608580191599;31.87646120726566;-1
1435658;-37.12906029131678;27.942899612742767;-2.129968705330833;-1
1437497;-2.3297830205398253;-28.971731463679614;-38.944832962887666;-1
1438683;42.2830012210206;-0.1086058149789363;-9.165041152963575;-1
1442239;19.878847048349645;25.52152419253479;-34.42262052143019;-1
1443278;6.7699068488538545;-38.42025827826485;25.845276248821328;-1
1444075;11.522364330375794;34.31834831597124;-34.002740151372464;-1
1445244;-41.489481126452226;-17.812338753672;-17.682119501458743;-1
1447330;-20.95476798413691;38.66926043997574;-19.373763955217935;-1
1447796;-32.53913873517404;30.714473631767184;-6.224933038161737;-1
1450203;21.90339910490751;-42.30287411773758;2.7758844565132645;-1
1450556;-32.93111769331604;-29.80964617997089;26.230538044054313;-1
1452011;-44.858710986675504;3.5323194520466963;-8.212299393014364;-1
1455954;-9.96260997737499;30.350075282620253;-38.077697040208804;-1
1459405;12.017570070423872;45.44108647823217;3.2860757733444226;-1
1474939;33.71030577670067;-35.792280149027214;-5.794169288317415;-1
1476018;-18.014278564109194;16.620702234558383;41.98097934151805;-1
1476439;-26.56982371544673;14.768593004100778;-35.04608692743905;-1
1484596;2.368748263885025;-2.2934645771689057;46.817010204964284;-1
1485816;6.395404614736331;-14.970769195637406;-43.57010474963913;-1
1489585;-35.64379060766994;-24.951893581922793;-20.059211455341764;-1
1490094;44.25062905055503;8.270013667581456;-0.13458237639340329;-1
1490457;-35.1814770162025;28.743381693501714;17.106855141310152;-1
1490609;-44.1262982203724;16.433672724780344;4.290668360618876;-1
1491209;-46.31222118117652;-4.059743373135944;-0.13731145466610664;-1
1491649;-24.391678818438383;34.40271667004542;26.440815916368084;-1
1495327;38.62781495387439;-9.632990604513136;-15.41990313378086;-1
1495490;11.365910997216048;6.499569885888393;-45.14608568019506;-1
1495667;-1.1009877091764833;43.989743110476;-5.813653141141575;-1
1496085;-38.92662317604887;21.237167418325445;-21.509810504040775;-1
1496204;-28.791217911469992;-34.82794656950827;-12.588115250765837;-1
1498192;30.152525406886898;2.632903614869888;-34.37676258813934;-1
1504303;28.063147240838692;28.516343275613547;29.09058894578599;-1
1505445;-21.47040943304349;-2.6951625974797326;43.101808465107354;-1
1506328;19.245210626943567;-36.55890626541318;-29.295044526495765;-1
1508555;-4.596280629826714;45.60483667080669;3.274431190136425;-1
1512749;-1.0215353432796614;-43.750792773612616;15.566027457113405;-1
1521900;32.039941250012255;-11.48354295588427;31.44175917946107;-1
1522850;42.35622026657132;-22.82502509209775;1.5917236655481461;-1
1526002;-27.00808271598571;34.933724297445785;10.65255505002472;-1
1526155;12.59096448723227;41.156057143513706;-12.58851344035596;-1
1527621;37.866898566664126;2.9834143985460795;-29.351562121746955;-1
1535361;18.70182113242982;38.0487290992849;-16.864447730867496;-1
1536724;29.242922494069827;34.77761709375307;-17.17888243215121;-1
1540754;37.65559637625279;-25.831304437408154;-20.659135429470943;-1
1542958;-29.428234019785886;35.47633148308282;12.839018310484699;-1
1544739;-43.47862245009616;-6.587584559124433;12.322505909789122;-1
1545422;-33.98645236799695;28.00110001629709;22.82521363416516;-1
1545563;-0.24843888788753418;46.411259233719356;-6.886861322406725;-1
1545603;44.69374793393602;13.258520189377256;9.763232369212057;-1
1547724;-31.178861185976114;35.43358027281315;-6.830046140235709;-1
1548504;-27.45586449795917;-40.75211279924305;2.7450374265518667;-1
1550963;-1.1068215208415038;17.153339203108438;43.0590628829591;-1
1555313;-38.47206513589154;17.44352936436593;-24.333590977312358;-1
1555627;35.88742354155075;30.105707878894762;2.194182932496068;-1
1559799;32.51838503745559;-29.457714119758574;-4.708793460310245;-1
1560473;42.314116290264394;-4.322146443693951;-14.988257175904709;-1
1564630;-2.1427274807002408;41.97004390160837;-16.96015815662361;-1
1564994;-32.879420584056945;15.77891255667276;30.468749850780636;-1
1565348;-35.84675192214399;-17.948411252157047;-28.578837935807652;-1
1570677;-21.824074954651678;-3.9667952997219147;38.342227188904154;-1
1570751;22.530906502092467;26.254632031832678;-26.164950731142568;-1
1570769;23.872436778856443;-3.547379601438528;42.12497482792531;-1
1576886;9.9832342283009;-42.068369996792185;17.073276361916864;-1
1585635;-14.816889320994749;12.820133149076078;-43.37233256310987;-1
1587869;-29.133894526015055;31.552509352668885;-22.281497708609333;-1
1594177;37.0552249664711;-24.14214479925376;13.450661440430627;-1
1594432;31.593498960935605;3.078706584529529;-30.45601904013951;-1
1598585;-21.660033506793923;-42.01569078034615;-12.805169381263482;-1
1601995;8.64845136559854;37.82950251392099;29.24711825858484;-1
1602734;26.850323658657643;34.77829809644431;13.356031613986225;-1
1603368;-21.31600192201816;39.414181706124076;15.408973321992589;-1
1603524;4.37519746791098;-45.75132541500087;-3.039205614377122;-1
1603762;-7.217440993485044;44.42163389163371;5.14433126414499;-1
1603919;-9.260983035212888;40.56552650402646;-26.47673740130044;-1
1610230;-5.639224643454525;-43.07711789645898;20.284288472916742;-1
1614720;34.408806297416646;-16.401520674165802;30.319404834968257;-1
1619243;-18.810099153306023;38.17234797210851;21.58600119769871;-1
1624176;18.643795200639367;-34.22916510402637;32.890114014745784;-1
1624710;21.263028636228174;-17.585477621608415;37.343533928145575;-1
1627444;-19.34901288426435;30.218681160061575;-33.0571651005303;-1
1629597;18.21447224987733;4.209773612730622;-42.92403017990551;-1
1633060;-20.973080484191538;-43.764021672998986;-1.3267685936859457;-1
1635812;-29.552404448508188;11.372193387745737;-31.426754607768213;-1
1639389;-16.707950779766783;19.456367893228464;-41.04152205865419;-1
1639407;35.35934253728628;30.339750493884114;11.875807541188086;-1
1641550;5.943647972013406;38.48643654392519;-27.267958408270715;-1
1642655;-37.94192705324983;-19.467745140669237;23.673918866239678;-1
1645562;-34.32821159875134;4.331592541974145;36.521408906484574;-1
1651707;30.064101991333082;1.072895292890225;-37.98687323087141;-1
1657084;30.85058412007178;8.45091133907766;-35.40276630806507;-1
1657708;-35.07870189103999;32.04608715859762;11.970742693219261;-1
1658288;27.707821423413023;37.8459366284533;5.789334380264192;-1
1661758;-4.344810185117685;-14.797635517633434;-40.170981122519144;-1
1662353;-11.40090595266043;41.0525053375959;11.740050217502292;-1
1664175;44.04781406723778;-7.611939942990685;10.43214655916363;-1
1668057;18.151752464826618;12.584459785906681;37.40900023644689;-1
1669207;-25.23621501957461;0.0575867624412779;-40.07245522902509;-1
1669855;-26.71377980500408;-0.4299375592084535;33.35622096004705;-1
1669996;42.61757896884922;5.087298344026724;20.31900553986625;-1
1670053;-0.4568129821780773;12.907722195630095;-45.00797720878807;-1
1670440;-39.62517716391829;-19.986408890775767;-2.0911258736264133;-1
1671910;-38.74890680018259;-27.163334445223317;-14.950125246286543;-1
1679322;45.548789023693665;-12.809124543587997;-1.129176946738962;-1
1682835;-39.568859366977335;9.223673514836516;-21.44541213177799;-1
1684361;-22.779970573138918;0.4468540213339249;-43.2266261277924;-1
1686960;-36.21462000814337;-16.73150024679823;-32.30518898418804;-1
1689354;-37.08072879866397;-12.233723701495089;27.721086905588592;-1
1698584;4.233484536495166;3.592617737858529;-42.85892125731406;-1
1701792;36.01041769289728;-6.616416721619198;-32.69746341870434;-1
1704166;11.107000527753746;-43.43214542344965;-12.647885900194996;-1
1704207;-1.0188779905777277;45.34777785328998;-0.8118972300798782;-1
1706763;14.630335387476292;40.29466190467832;-24.863667150618507;-1
1709187;-39.72099874507235;-13.229691544458374;-13.82463322410477;-1
1711262;-7.6348872010307085;42.59439392267941;17.666637946475948;-1
1712652;11.168743833738924;-18.693748999290108;40.117553365924884;-1
1712974;30.74999552007906;20.743076046317572;-35.27787547980162;-1
1715874;9.13606125228166;-42.862360039498725;-19.77133585901626;-1
1715941;-43.258430641909555;9.004181000735747;17.188738679779537;-1
1721971;-45.08897431813457;-9.85380854120718;-3.0898720739020598;-1
1724548;-13.759397668781475;-43.766070309194106;-6.398194755927904;-1
1724604;19.695923253143977;-33.6196367407022;-31.253318418238177;-1
1733397;-13.31591155047815;43.085219577236124;13.986175786054188;-1
1739166;28.57205042138095;-27.094828951357805;18.373076932448026;-1
1749378;-39.07677301322362;7.483708121152158;30.05437378346695;-1
1751703;7.48523123151014;40.98511421177059;20.35326391492042;-1
1752057;-28.22654848988547;28.789101737817887;-30.75014747935727;-1
1754129;1.0435626672864946;-25.93988496981042;-41.93698431641563;-1
1755229;-17.290403657992904;-39.60941279583438;-4.569566751529584;-1
1770605;4.168540236455106;-39.240042001417144;-29.372369286618856;-1
1772624;5.879672764129522;-22.861170294856358;37.21372974988668;-1
1773038;11.92457943434164;40.35370371238422;18.466768269646447;-1
1778457;-12.778593391941024;24.541716093184828;-34.68878845345736;-1
1794719;-21.31689679332317;39.42670990439426;-4.972384416244442;-1
1794729;21.961585438158302;27.743382708574806;32.64224873356076;-1
1795919;43.57014133242832;-6.961000565808827;-15.383593308470857;-1
1796757;15.702669802891736;-30.507676752548697;25.191077485824906;-1
1800833;29.310240454316737;29.011972531798115;-16.15230745790185;-1
1801455;-33.353083282358085;-6.799774585689012;-33.38596839578695;-1
1801586;36.887774284066104;-12.34052574753016;-28.29889236255613;-1
1814624;-45.03922453888512;11.730509144673217;10.951056539582073;-1
1816137;-16.66768719916262;-43.72329658643878;-6.35802896393333;-1
1817574;-33.87968409069037;22.164261125470528;17.267554892077648;-1
1821284;-11.181267107402865;-19.567958063557494;43.08414179198512;-1
1822499;-4.835389961120076;18.576019955527475;-41.97940628158251;-1
1824967;-2.575619363954676;-47.20118014464273;-0.11578587988192136;-1
1827899;34.49013265186592;-7.7650142927557955;-35.36709246047498;-1
1828273;-40.462647258617764;-7.660085004121624;-26.82756916377609;-1
1829260;-44.18522465158928;19.20087650752588;-2.10607504349909;-1
1829795;-17.295105953435286;35.376173434378366;-29.01432227248895;-1
1831133;35.914607367986044;-12.189340336015016;31.336046174919836;-1
1834303;4.968230159124866;22.223158009049982;42.8719925693008;-1
1835314;-15.603301098215757;44.07619105541309;-9.187669015113286;-1
1837858;-28.625199585965156;-30.942623603634846;9.06010131160175;-1
1839913;-44.67843381556532;5.924816981273407;5.296810791828034;-1
1841800;26.29782223557273;37.443452781689885;-5.774177145777948;-1
1844015;-23.362400938879382;-20.03015487150557;-35.157245139449465;-1
1844746;-43.589890410474176;-10.310729688843704;-17.34954958594498;-1
1846896;45.1530392242035;5.099157851121263;-12.811085943901185;-1
1848694;8.59925665982367;-44.67188831035947;-4.388379583538086;-1
1848807;34.15274928551183;-1.598030854987821;-24.73314538687918;-1
1848902;40.24746447849066;27.361649745469137;7.35285781582522;-1
1852653;4.839819996188996;15.265283161172107;-41.9565926914261;-1
1853365;-10.55357890681745;-46.07274742902152;-2.1560823093032746;-1
1858088;1.8939755945135355;-19.6260951507459;43.68977549528999;-1
1858315;42.011132001999854;20.328847717191035;-0.25863684602818804;-1
1862577;30.45307834670008;-30.46115470093086;23.126330793150213;-1
1866506;-37.045085905741665;25.755530224734944;-16.24450171480383;-1
1867220;27.753752522282266;34.00827259472358;-24.08420328928453;-1
1868021;-5.3690227554030265;46.712895586904956;-1.6038797042897475;-1
1870437;42.969941580349804;9.575306581098651;-12.099995315579465;-1
1870657;-24.399473766598398;-29.376306157548772;27.110931006726624;-1
1876080;-41.59453001266647;3.567259181549692;-1.131508923671581;-1
1884947;1.4383694926214248;27.57059938112893;40.2734382588217;-1
1886065;-12.546710568544746;33.7185875573631;29.01198097398024;-1
1886386;4.614505893999405;42.7699265874366;-21.429871481520337;-1
1886734;-38.68494038623842;28.059016199719952;-4.007839430414845;-1
1890292;24.67249956456996;28.482431030026408;-33.15103090949259;-1
1893037;45.08037173455147;-6.425636068917944;1.576048292134118;-1
1894771;8.928102869506116;29.689187497321896;-38.98721271714394;-1
1895202;-7.209268257675033;22.52618310119478;37.10341012796712;-1
1896969;19.382479101229336;-38.28295181415953;-19.174449663420923;-1
1897790;-15.434446199517673;37.714041603088674;-21.139069262058943;-1
1911876;-21.95615570802301;30.04184839925748;-35.02520378292804;-1
1916228;40.39917049123671;12.309711782782076;24.909578551062797;-1
1916246;-14.38529964433275;-42.49540933729001;19.249970610630452;-1
1919530;29.783095517194802;20.322694773453897;-31.803028293101164;-1
1926058;27.32468142995356;32.575358510541406;16.54406691930865;-1
1927023;23.317653152537677;39.17070635964289;8.371054627832917;-1
1927929;-34.141636559777574;-1.2756645477209785;-35.3153249996982;-1
1928444;-9.627192935940329;-7.767419611145606;-45.349044180608395;-1
1929050;-12.253274388261053;-37.250107112653666;27.44160565235382;-1
1929567;29.594713851246766;-27.239882524591117;32.093785487591234;-1
1930009;-1.0485351125568019;-16.71939837872525;-44.123335014447306;-1
1930128;-0.8967917255669831;37.65898169128402;24.74775036195156;-1
1931794;-36.81614799687588;-32.8873027680989;-6.093347559474942;-1
1933328;-28.022937127387973;-29.099883788303153;-22.54020275163998;-1
1940350;23.29558669549913;40.98320065048944;-7.369533236063207;-1
1946815;43.3587687904993;-16.525435023363713;-3.0121899280691045;-1
1950731;-22.365614204250186;8.513804892377067;42.0978613530077;-1
1952806;15.326006370150784;-24.493978367341313;32.10533720679588;-1
1954180;-36.29866755929689;31.46453900088899;2.294483618902641;-1
1967723;-18.4339647639781;15.48439859113806;34.486086032568416;-1
1967801;-42.40423939848559;13.981583238979406;-17.76808764904519;-1
1970795;16.379230499301002;32.27882686347936;29.99216334340431;-1
1981987;0.21929089104804064;2.323477238130504;-45.406805590692336;-1
1983281;34.68037159788096;-29.094582097930058;-0.06927722253350621;-1
1985323;-22.457113388157396;-39.43295993322581;11.594547801586122;-1
1998714;-43.20367746272203;17.70398193909599;-11.830236642089412;-1
1998813;-38.13492659281901;1.2668055328559042;-32.97631150827989;-1
2002977;-21.089578376394602;13.838050665558548;-40.97987161667236;-1
2016701;24.74559197738884;-39.59161386185889;-17.656897075336634;-1
2016871;19.598130422464248;-16.73609138684266;-40.000485626428535;-1
2017205;-16.51959303333476;-20.302418059025374;38.38856914063671;-1
2018242;-17.08729882642277;23.5470131705096;37.70641831263182;-1
2030870;-9.003577384713969;44.53239532108436;-8.932908581679499;-1
2031429;34.28589656789134;-33.15474546962661;13.843398787933317;-1
2035991;-6.304717990858437;-21.67542079074301;35.90449363380298;-1
2037912;14.879763879384377;-40.65519092035232;-24.325615929267055;-1
2037959;14.701677454535051;11.420455935911217;43.9499832467385;-1
2041065;18.15730179254198;42.08801776865256;14.206810808802238;-1
2043938;-19.035731947870747;-36.34373755558961;24.933951130851213;-1
2044368;11.5713599413556;-45.093493699630955;-9.535292748382288;-1
2047870;46.33295518047002;0.5901775188381488;-5.866959189610229;-1
2049736;-7.259180548930337;-41.951504869666785;-14.562934412438509;-1
2052462;-9.807220359162713;-41.29234210358218;22.787527733169146;-1
2054037;-9.942229846215465;29.068022992971844;35.565931176012406;-1
2055310;-41.56135786504542;16.996843659038078;-1.8671632240916411;-1
2056250;34.86043490037737;-26.99635089689578;17.609930402127;-1
2061826;6.977505735374005;-21.392737136423012;-40.801268811683194;-1
2063055;15.401252946441323;36.16574540177399;-21.407595376959073;-1
2070936;17.97317639341417;-12.967170635108237;37.81441914852832;-1
2071347;-26.181601528349365;36.888809858406496;-16.165063595089343;-1
2073134;-10.391235744596724;-37.99450214944968;-29.71357696147456;-1
2073540;-0.9207552992194306;-24.757149324714902;38.784226076123524;-1
2082433;-46.10837343757958;-8.509078677418673;-10.725605955448163;-1
2090330;-40.90317157802635;-27.235104249509632;-6.232303063154909;-1
2092153;-9.901058731033105;-38.310709708979175;12.53177634836958;-1
2093298;7.223728308620972;-47.07778639667572;-1.0211085733854763;-1
2094725;44.44583199965825;0.13810294221738956;15.789183878255454;-1
2098129;-21.530105509863898;27.3689043939733;30.462643339045172;-1
2110220;0.5716771362615927;40.98436285756167;-26.82383771927783;-1
2112078;-40.55076675561516;18.154344214738305;21.814946141716266;-1
2121312;-29.23606181406473;-14.885437025770875;-37.972088155913745;-1
2127341;-27.387389958761442;35.502862447433955;4.075704021954204;-1
2130400;-13.142458476583867;-9.748618248442378;-45.447693892773586;-1
2132035;-16.659993557188077;8.60118147734766;44.01779929573065;-1
2134762;22.92021913771402;-36.67682385124321;26.348956532690305;-1
2135183;32.835456513622304;31.372032383248463;-5.060068789104929;-1
2135411;-10.332086299068763;-15.122003853214931;-43.856562059368;-1
2139498;-35.06931981264089;-29.44410250811597;0.05575610602674579;-1
2153396;19.710338279118595;-2.3579978484668636;-43.3157474304017;-1
2159150;33.76210982026665;32.329147897052444;18.21741716440782;-1
2161699;37.04059466485236;1.4894844430716339;33.4051940585412;-1
2165762;-40.067758561704125;-10.245171220054212;-24.624331287438185;-1
2168804;-32.98708936078996;-33.05249938787712;8.538930233404761;-1
2179843;26.92668882407945;7.7953653445174815;-37.493962357330375;-1
2191036;39.59761062522676;18.638227581529403;-10.67088935904983;-1
2196249;23.40462873385744;-33.114737968546834;-19.63999520361103;-1
2200828;42.11496521398842;-20.32163527959749;-3.617118709166729;-1
2209285;29.72332486776564;14.95144785481911;-36.36069227135283;-1
2213091;-27.175980834043216;-40.574554010776396;8.369456944866185;-1
2225727;-5.252630742234086;-28.631376449218312;39.193452412342324;-1
2245291;1.6094534791575075;-43.92395881331473;1.2084300419619278;-1
2248273;14.519672450150411;-41.508844678181134;-18.78643149572486;-1
2249738;43.564344367370694;-5.4247038711088855;6.675593604239057;-1
2253242;-4.818673737001829;-41.400534295606796;-25.35752917667871;-1
2273810;-5.492770019746425;-22.80094798868363;-42.24184558317213;-1
2280469;22.80193150290093;39.13983329961995;20.103109395349776;-1
2284074;26.38299822506999;-16.18282453924528;38.39326299389697;-1
2286073;-20.613892368444706;30.279523966620324;35.38516717239981;-1
2286152;16.52807461230743;44.43390038225809;4.876645146366076;-1
2291862;-40.76201829293376;-7.543031334928811;14.839241405195116;-1
2300344;-30.931882333913986;7.74170261385414;38.25359553285798;-1
2306335;-26.211484039003235;21.041718238910306;35.29003503611911;-1
2307858;32.54846453235899;37.05754656655486;0.13503021876562135;-1
2308516;38.84291612624097;18.22545834287975;-24.572302119015596;-1
2309298;-2.775826416511171;29.26157408843972;-34.01928964239379;-1
2312122;12.05729757246324;17.227267391957472;-40.86824345652378;-1
2317284;8.239152567316518;43.032697948189714;1.7235430630312594;-1
2319990;-36.182035999210214;-34.81215406081729;-8.700601538631553;-1
2322175;41.26155346538046;-22.01791449134208;9.081807568869726;-1
2323111;-28.330567429880738;-14.920311680120006;34.69932992486798;-1
2329281;18.58929387988516;-42.864040033741155;-5.952415881663072;-1
2330635;-45.63355134626691;-2.5173906439144793;13.319277167084424;-1
2332221;-41.932999606453684;-19.733936992212424;-7.489717547793211;-1
2342431;26.93585421980406;32.789370641414145;-29.746175040711254;-1
2347965;37.609350102584294;-19.518876623726104;-13.674638160268938;-1
2351137;15.14642567906573;31.2772857732847;35.48586270669942;-1
2359660;7.617592687437051;-13.311673575052524;41.9285533905357;-1
2372889;-41.203426227404535;6.40890788504169;-15.424274777090098;-1
2408090;13.999617147023981;-28.087162434917243;-34.44028156643101;-1
2410639;34.824527485748554;-33.8726883357713;2.3971505786067064;-1
2416759;-20.689829796638957;-32.87425678265853;-33.124272006224146;-1
2419427;-30.295527529864376;33.517418799559785;-16.409878434467338;-1
2422167;45.6626599902262;7.856317195928652;-5.738350987152062;-1
2428797;5.769416458575887;0.4717950853549721;43.31774259944338;-1
2435244;-19.73769939137847;-11.409976373836162;41.12050430053405;-1
2439737;38.12241246485237;29.467079313793423;-7.281954742236843;-1
2442085;43.810464930917014;-3.223273677018014;0.5324015547839842;-1
2444864;-32.164134191220214;5.761431913075695;-33.490648640048505;-1
2445310;-15.876543578861803;37.08382145138161;-24.675260158124104;-1
2446173;-29.000195687736863;-30.087892060555028;30.032674561350742;-1
2448070;-2.4471184475609853;-8.200317826036633;43.78666360545223;-1
2450150;36.336314063443;-16.484624107951927;23.07569739883859;-1
2456032;24.041063738637213;14.147138651497844;-37.71812199111468;-1
2456732;41.38500349456162;3.4637541593911485;-20.589144111551825;-1
2457113;-5.5697687005850245;-39.22767983272871;-29.28263733283601;-1
2459229;18.153115877239443;-44.72997052336408;-6.080367000946017;-1
2461220;0.9769899054907126;-34.75472470989685;35.63676108402239;-1
2464618;-35.008049268854585;-20.274727701662712;-22.09519141243314;-1
2465619;-21.104191793649104;-40.92550959192318;17.818948982274126;-1
2468526;42.684438237200794;-18.8565072354652;12.284245940408761;-1
2469617;20.54443290799932;40.42590406795879;-8.392893849469328;-1
2477337;-30.10319210862218;-20.14000173122625;26.859154181158054;-1
2483081;32.42028969524979;-31.51896012091303;-12.871557294446534;-1
2484911;28.553744956478095;18.394884495901476;36.95142270915032;-1
2486705;39.721491205696175;-14.336555891786272;12.590552227338607;-1
2487689;13.16816914223874;-44.789214943440925;3.988562411052693;-1
2490589;18.740345623516696;-33.41697934478457;27.50140725645077;-1
2495550;3.8988290502394944;34.0804898346624;-35.991583184581394;-1
2495657;-34.68570142886114;9.50366340954418;-27.04999815022523;-1
2497466;14.996139359946662;22.780270270604277;-39.16071081600954;-1
2505577;-8.247090329057446;3.4507081739507726;-40.96472071382271;-1
2513833;39.02185943257575;24.496924688902155;14.487703313481862;-1
2517056;16.735999929869664;-4.456991659952898;43.5006284048295;-1
2517761;16.63332611089262;19.416958380049053;39.04378940766998;-1
2517763;-23.208039859855724;30.645861203594784;-27.673278828227385;-1
2522721;-12.601270984573809;-10.243121176828735;44.95460854746867;-1
2523596;38.146869466462014;17.503053783483175;20.29808862662675;-1
2524255;4.997914982014031;46.22132420626073;-1.753280649558691;-1
52546;19.566638269085637;-9.649009645091077;18.891107518895346;-1
2384;0.052318703391365975;-5.060342456508742;6.972300426580145;-1
205709;1.6869929872883467;-41.68070217965421;2.7898981270794625;-1
249142;13.200118580482336;-5.559066827714069;4.091106079722008;-1
659052;8.356510858580927;1.776403786392938;25.294519543375117;-1
2022318;1.1720005311324557;-11.90858009218865;17.852740223250837;-1
2128251;18.974747031246263;32.23025336160569;-29.11086143912345;-1
67042;16.23218457108672;23.602063233101784;-27.59458080647899;-1
3590;8.355046139982628;22.688655710208057;-29.44076784617748;-1
1563079;-1.1609310715815715;-2.7913188759792056;9.632567088376643;-1
175321;-8.353296497737686;0.73890709077984;4.840942102896146;-1
5419;11.060940685607129;5.8907773994392505;43.30738122791804;-1
200699;28.185753051807573;-32.659836612983185;20.922963470019756;-1
1640289;-35.239480435507296;6.180658014018908;5.563678721456217;-1
1671062;-25.697695649072603;-13.314776076982639;29.270292048511823;-1
19953;-26.557157628201878;33.066051904244866;-13.092575029450815;-1
6780;-42.79633936123802;19.019938032149412;-10.902452786555797;-1
42852;-18.241492860791585;31.03000300266615;-24.228471739580424;-1
71875;-37.88764663626117;5.797055459330635;3.8328136483426087;-1
82364;-0.9250381237375846;33.905908322424374;13.099596110916247;-1
265469;-38.417914165695436;-4.964165600190345;0.523646748104488;-1
632757;-40.98816465357762;-13.062696739888004;-19.459436626430087;-1
815409;-28.66088750385878;24.874703896713665;-17.717399380549768;-1
1549516;-12.538755218924397;-21.834610797940886;16.50456032103483;-1
2160453;-43.94921219410462;1.1282438217962054;11.051185744164277;-1
62176;28.833516057965742;-17.66455694858269;-27.696745280467958;-1
9727;5.361287606033046;-9.000595183879103;-17.81395543154851;-1
222877;1.5374838765609553;-0.615041328098833;-26.46641542662501;-1
10472;11.413328623654076;45.01697938899164;8.778380769558918;-1
1273618;-7.386018003688255;6.583120051811845;29.54680165363938;-1
2225201;-12.778756607462064;-14.94925992261896;13.056740780400396;-1
2463677;10.222252806136442;29.977018068676077;-29.56826730871686;-1
752276;-14.863792677838465;15.905244184018489;10.736670842150398;-1
14756;23.18925600463258;9.970965627130996;27.972692073453995;-1
236704;-18.371826082463503;-4.313832653090972;-4.348204645846212;-1
14877;15.632513862421224;40.367318138087526;-20.0974995653292;-1
387247;-17.761017321517375;42.07582162954588;7.5922893570696015;-1
442429;15.60115115583516;-6.863117685186455;4.794869597476346;-1
560533;29.731032580043724;30.044336028922988;-11.822545814175577;-1
1618641;-31.303276437979978;18.231954602023215;-22.811316395360738;-1
1849164;-5.349560711549351;44.097026360892066;-13.787985711509858;-1
30881;22.497023804142756;-37.54093465866143;11.491023432760214;-1
16203;23.211359044460327;-38.446108239924754;-0.41399854348188325;-1
2067058;19.03846158675711;-37.7260688985529;-4.658651119592096;-1
36368;33.83662896186428;0.2134954649298597;-30.34562625264156;-1
17258;-4.165957632240718;16.484850639838886;-45.13269919340906;-1
408642;11.154235943760957;29.271386718127076;3.9423024188382496;-1
2514450;-23.140996270527804;17.118539121368055;-38.45421554882331;-1
32089;-34.129721826741644;0.7131991952159751;-5.504813144302135;-1
17941;-40.748133717402524;-18.256006378890966;-21.56285836243951;-1
1299043;-20.23059619461597;2.4876599166600224;-29.39546146878532;-1
18440;-7.787034317792669;39.72723188953966;16.05397292053591;-1
2008049;20.29802531026083;5.285854246463042;-0.24684997687566326;-1
79276;15.963422075087154;33.973969194698086;19.48755049992924;-1
37207;38.6982846621138;12.928401320739804;-10.818856892145845;-1
21558;10.27615684250546;30.63215954200954;31.31540503962968;-1
78611;5.953555576249645;1.5489988370976093;14.825453914758292;-1
174745;42.453012698669504;1.4566322189772856;8.518934925046999;-1
312149;-15.725438368076826;-0.048109005978122954;42.430961718964845;-1
454700;18.421937468513867;10.061854863379835;-0.48078385480048513;-1
650580;13.848378268355395;-16.285329514579864;34.95794491795599;-1
830026;1.8219409167631202;18.432576025018903;3.8672918718895604;-1
968389;27.417083927347907;-7.365711741622303;29.395804784191647;-1
1136878;4.9215554447136425;18.95108359475616;14.842653453803067;-1
1168735;2.558092338595055;18.773647217930286;9.37306285210504;-1
1181077;1.6561139473863997;40.83554969922302;-18.02747932288849;-1
1219865;33.27255612114976;-1.2536646608060442;27.15458271642272;-1
1549206;-17.278294754768154;-8.431866479723885;-12.59107564263022;-1
2134060;-12.900463326034874;6.896879378525736;22.89999448340859;-1
2178957;33.676905690162314;28.393444802331075;17.735548665083353;-1
227847;-42.974615735185104;-15.72562831717459;-11.009443374658277;-1
24372;-43.34267517731261;-2.7746066970732257;2.049549709580955;-1
25854;-15.401061590313207;-11.808060436683268;41.30554004830076;-1
30896;16.36488441781372;-13.49705545228627;42.04290837550993;-1
832655;36.81042701145735;1.9093894361605521;2.92521804020402;-1
26867;-0.75038045598166;37.70309209287545;30.410003519449038;-1
17670;-25.686962821533864;-20.37055350390784;21.045697320750833;-1
28538;-0.4284098760018219;-30.970364614090244;35.40727724737933;-1
366467;9.9290586350736;16.580272624372473;39.410711969271624;-1
727126;18.39221535932033;-19.89151454262485;27.369118262587076;-1
910261;-30.652555854018136;-4.65292345077939;-10.226761634905175;-1
1896302;13.504166583694344;-33.0544551600689;-18.077182670136253;-1
29847;-2.692526701990694;-41.3558807802988;15.040041521045735;-1
132856;10.486953909019784;-24.12688696209722;-11.508317242838693;-1
1067582;-29.330130235397966;-37.884638405364754;-15.22387566489031;-1
1577451;29.256036016967187;-33.46173416627804;-4.165848587388298;-1
1981226;-32.54999819544462;-26.639201568131593;-11.455016118976278;-1
30039;5.3784347331971425;-20.604171195730345;-42.975395230001105;-1
626806;-12.273345676257922;-12.786232159731771;-4.842110289847383;-1
1471524;45.049512744832064;2.1397649782903283;4.523331382346332;-1
18857;-20.656041369722953;-18.11529630835982;26.812156553280634;-1
65928;14.170425003853131;18.144798920818168;3.440126602175066;-1
185205;8.22031946603099;-10.19512033630906;42.89343289783191;-1
926629;21.226078612107198;-5.082025497775882;-19.57616105052011;-1
1230612;10.493781523811569;-33.91293503201122;9.860713542668421;-1
31075;-35.83900199895529;16.48959233213117;-26.74732903675994;-1
376133;3.82883456650208;5.18171852294841;3.6929625698424524;-1
33141;-7.1558222096861765;-16.8116362535682;-11.450264577471517;-1
35934;24.965899162064456;-40.82372501612974;-0.7658629782978212;-1
226102;21.721503848890467;17.027341041956557;18.564648336208112;-1
1489544;3.723358998333048;-34.26996054210427;5.484516027933482;-1
306786;17.052054123090592;28.96163179980008;21.231407036057014;-1
40050;41.98544244180029;0.11549707590938055;-17.599404408050265;-1
25274;34.010819319663945;9.81343732278095;-24.446944156674693;-1
41084;31.381774661418135;35.49969662913792;-4.165803914174566;-1
959827;-23.28016986391261;-16.689521496192793;3.7945508649015407;-1
48220;30.06401194139044;-21.39974696164561;-33.77100506616333;-1
113882;42.037131108877254;-15.078795358080278;8.742915162461193;-1
407464;-11.8545613828458;-18.99817408663693;18.72147312538126;-1
52613;-37.534428550305485;-14.18739238288953;26.461018058187857;-1
1775754;-25.109295253540996;5.779406022330234;17.2816856979208;-1
53588;-24.30650282894112;-35.74884230794489;-14.773597811069221;-1
284478;-12.158195719133792;-4.83279539714768;8.954551522581555;-1
80263;-8.934659630954796;35.13071136103762;24.594842745283373;-1
83485;10.456767479809491;-4.466977354373772;-41.64409406390921;-1
83484;11.161000945701996;-3.2864975306929725;-46.4698733041977;-1
241540;-0.7379729985037151;31.409405923505936;5.202331869389077;-1
83543;-42.021946437299114;21.707004401094622;6.717597681390863;-1
83914;24.4279942718698;21.14528130107094;33.90704520295024;-1
211192;5.559412253665926;-25.44251099598715;-3.3121913119836006;-1
92650;8.556272586030447;26.410485970061707;-37.06291860844565;-1
228816;6.004085553830264;21.9647188947562;-28.209984928560612;-1
127279;38.522146974304476;25.69826127527483;7.217627425006922;-1
100232;5.071371463936955;20.66517862484049;12.926985848203886;-1
652508;21.67705576001412;-19.30988899824676;9.170970378874461;-1
2147427;27.12143308128734;-3.000539013224515;-21.930419715821767;-1
185790;-25.932447407360268;-2.462884398554039;-25.979602622637312;-1
103777;-16.7364220389758;42.634120017688424;2.9313489990918824;-1
271898;-12.94585693930897;31.227980615627057;2.5738051741922527;-1
127607;-14.95371035962801;38.74257797765122;18.433535619720192;-1
112557;-10.268179683914626;27.883953483100928;14.570871470664258;-1
839974;-24.163917186948364;29.010115251731108;-7.063763731213333;-1
113098;-18.15906761563599;-19.645799203820427;-38.04946919725099;-1
78245;5.589541698146889;-5.7087322946895265;21.407959797820705;-1
113248;-12.39790022426681;35.95568139807399;20.402985553562786;-1
113257;-8.142569782741052;29.184322493895024;14.538104547785109;-1
768207;-29.188816548845043;26.58760295099727;9.155768822932073;-1
118144;-6.0725720527860005;-43.88734788350901;-19.018964367144587;-1
1007596;-35.70743903275416;6.779368424467941;-21.13616655843907;-1
620609;19.248218857839976;-29.538677460376576;14.454056996631591;-1
480941;-15.885360031058674;35.283638676130764;28.992527372308686;-1
170911;-0.850441243712911;34.842517775852166;26.534428459866692;-1
129451;29.751808790247843;30.820397690861487;-21.346783525068105;-1
1313974;19.121953360920877;8.687929119750109;-23.309519110062396;-1
1004281;39.812770892868194;-2.7806008222591814;25.327871790881446;-1
130350;26.662997265474957;15.610941273036858;37.754333324299914;-1
130952;-22.50184991825627;-42.31471568519511;-5.968144370472956;-1
808512;9.284093508773951;-11.244466689804222;-16.160333159039887;-1
131000;38.05400827717233;8.017619859202748;-22.609498996564326;-1
1343583;16.177669180028982;-15.880266581177942;-42.39334898354723;-1
144150;28.421568525042705;10.515040345427039;33.90394410805048;-1
218361;-25.46338569831603;25.551648712409516;20.59507333746271;-1
154081;2.5141054039171653;10.59294972666213;44.18589439803768;-1
1933966;3.872861601545053;5.382457784736227;46.833027838511875;-1
393814;23.421991488423256;3.679932061735968;35.002356424043136;-1
212364;13.576668043764629;-12.78787135009394;12.919092407919104;-1
186176;33.67068098787713;33.79562809735472;-11.990526947023955;-1
187997;-1.5081622433818638;-19.421451027968715;44.341129242911045;-1
188254;41.774162763874614;8.9677994168777;22.931272768173425;-1
1085321;28.8915419897562;11.410751647561103;-28.778585592953632;-1
295895;-13.761039673204353;28.30316692077096;29.99116153779241;-1
192903;-11.892496328214435;26.814514736153594;20.879293468929056;-1
202068;-2.560420270315407;27.895648719401663;33.61142531155746;-1
2412536;7.775332749855343;-30.700332976711557;-14.674067297902557;-1
208455;19.42464920796289;-12.257032566336036;-27.41251389275878;-1
212351;29.358631042244415;-7.516050824379638;31.43664040303397;-1
244046;24.244765151077356;-23.339993980495215;-37.3304147771268;-1
158514;39.469008050890004;6.743211261951325;19.654906911300536;-1
145624;23.157063150137777;15.858423841965646;15.44442204472607;-1
255670;-2.4033096781016448;-4.250138851277846;-41.21382136765836;-1
983285;17.2432625130194;5.436100816974615;0.12650205389733227;-1
260078;44.7296046954721;6.162149233229928;10.129638550673851;-1
1215884;-20.840161140729347;-29.745738861301575;-31.305901956620158;-1
367058;-7.83925273179784;-44.89278363372298;10.098692325072511;-1
383994;12.940341380322097;-10.35952128042221;-4.492893798217889;-1
155331;-27.78392769524973;31.01216467184075;23.19837215429481;-1
452924;-33.54685668862186;26.4977134098148;-18.656375459032635;-1
230897;9.07497573298688;36.1129733213246;-32.685770996464306;-1
304673;10.077382850364303;19.363838763102276;27.372087096633578;-1
1359051;-6.748103506491466;28.078911608922596;-38.49463108870569;-1
120267;-4.4409251321005145;-18.646423533340254;42.14500249798121;-1
459446;21.436256585265852;25.35186165841363;36.50259409659364;-1
48204;-35.981629851858656;-12.343912469591741;-31.025272566616692;-1
525685;-34.49795574063302;-30.385101896247598;-4.66063397711818;-1
565150;-17.734598919594543;-37.7067447436739;-25.368776977326938;-1
626815;-26.46048901477483;37.60984537726883;18.552981240514452;-1
723098;43.61000531641201;-5.074283313254131;-18.535147130780118;-1
723100;35.727750922941524;-20.915352842836086;-19.843402546707228;-1
740563;-26.669551212862928;-34.758658766766054;-19.76439919937206;-1
792275;-8.293015096290098;14.51135690075949;-44.23406548923017;-1
926981;-26.52128961042297;25.779694564031;-31.203855673180907;-1
1795264;-12.94597231579798;34.89267840796491;-30.138998217065524;-1
1811230;-44.30891668999129;-1.9593469282659717;-15.923138796058037;-1
130444;-8.862737163875094;22.675348017121873;-36.61657762555448;-1
156004;-8.640435513672976;-1.7471261229124029;-42.01343390365866;-1
200877;-5.3069094004348;-34.347980375222136;-7.781098056730013;-1
118230;-26.121048570043495;-20.2176078974201;-16.321785671046662;-1
2203396;26.790505170196457;-39.82989445227387;-5.9315897218813936;-1
1129952;10.560618983192658;16.74013519207946;5.368445872957971;-1
