1739474;-6.1812113468065215;23.510872275609117;4.82441683115563;-1
148;-4.469331879618829;-28.358318484691576;-22.389434282144016;-1
19114;-13.369224777160463;-4.272521976231904;6.734262706901492;-1
326;8.03584935649467;-37.76408019870958;30.855869703203396;-1
361;16.639325861399588;-17.47651208798184;-27.52574063345158;-1
64292;-12.478848135372306;-9.729250106122613;-15.459220044257016;-1
160897;2.6585181004558587;-28.37760190340195;-2.9793933275859623;-1
200082;-26.09200948261966;-27.081719110845334;-11.197716114113017;-1
241071;13.002166357749338;13.441275122851286;-30.88316998929282;-1
703808;10.161181628070272;4.6990985042731666;-38.444225815910244;-1
703988;12.406766910331713;-28.40684611808182;-32.05600298434133;-1
759754;27.053001315556823;-4.765123333033958;-5.071918495696027;-1
774489;6.123794504406147;-34.39060240365795;-1.417801541976463;-1
932148;1.6883262431486477;-43.42149175232714;-4.036396778803561;-1
960180;-22.699836446948567;22.227313284502223;-19.22024250162604;-1
994054;27.449895068629182;-32.39147329938032;-1.770780172628032;-1
1168843;15.11360365714989;-25.61389421697402;14.307662921201818;-1
1232239;23.843106140702893;18.673892695654338;12.167121099417987;-1
1245329;8.025743721670283;17.960256217957454;-33.29870271391818;-1
1248159;-5.974534388333334;-20.177433233650724;-21.778427529084183;-1
1252036;2.40745428235241;-26.18278300738926;19.596455913022126;-1
1309446;-11.194259832606328;-37.13689119592369;-0.5948243195281119;-1
1410065;-7.051185561066357;8.280266762170875;-33.56600907000201;-1
1464028;40.566813501469156;11.120790507271193;-21.666344312081037;-1
1769998;-14.963531487700317;-0.10248401270531227;-1.0448149307287882;-1
1783693;20.7259710621206;0.2533320717693337;-33.22289243978123;-1
1895707;4.715314206628152;-13.400711420811916;-11.888515106985226;-1
1980524;17.1730945380068;-15.33949786429822;-35.984803242141446;-1
2035365;6.584714751175441;-18.712483060198714;-6.246219730303965;-1
2064271;19.741988818055127;28.70066754250372;-10.730302748831422;-1
2095060;-24.27692130298668;4.718696598262172;7.306454852519788;-1
2148637;10.730338039516877;22.65977710762215;-15.04767771583063;-1
615;-16.078640684907263;2.0144568415210014;-28.144645147827056;-1
978;-22.515730822713916;-13.90157741501382;-9.768036039882217;-1
1039;-16.27091463237938;0.080935689038305;6.400906156876698;-1
1188;-17.527083640237983;-3.3115944752734316;-17.697170039675875;-1
1706;-20.25651524841833;-37.08589321455163;-11.562550485117901;-1
2465;-22.717121530595083;18.10522153113273;-0.0971548205175124;-1
5203;6.574469424054462;41.03198884911485;26.360665707422122;-1
6036;-25.500890501258606;38.19511474906861;11.558886870834167;-1
6668;27.629642293210214;38.32804299761348;-11.305252714473456;-1
9342;0.9714705932379722;-12.38164876495955;-22.64155387992064;-1
9360;1.7145876596850103;-1.4916070478516803;-25.333439139667973;-1
9773;4.327707050388596;-12.965743429469953;-34.60232593015112;-1
9898;-32.425711146051995;-10.029101091198918;38.45158686471794;-1
10018;-30.057970832203242;3.993814523078463;35.48746925737544;-1
10400;-12.177902403824303;2.864102334319534;-16.062104057881427;-1
11022;-30.448679892649718;7.796074881623558;-15.342691671331842;-1
12883;-15.854481603127107;-45.485582185854945;12.194564753917073;-1
13996;-14.430271585141737;1.9679913237563464;-24.135208614654115;-1
13998;5.751766715349477;-4.908667828508388;-22.387560934924476;-1
14282;3.0009447242537375;45.1285374984415;-11.47926079133247;-1
14641;22.263158327807293;29.708575400862042;-23.604580809052344;-1
15173;32.8749351038723;-23.096762549815924;15.978248977906112;-1
15374;0.7201085045104553;-31.42127059753956;-14.721187409794558;-1
16045;10.643105346854531;-8.279030852957357;-27.831634413189335;-1
16091;-1.5625836928181174;-22.726314754155954;-10.159892782828573;-1
16293;-40.67008581067052;-0.4862140643947014;-10.605139921531743;-1
16300;-11.093956352318811;0.06256186706738563;-18.214929979093842;-1
16336;-3.78629977843704;38.86017065734707;-20.86362826251636;-1
17158;-16.391617599304762;-32.10922427889701;34.608710603327914;-1
17874;41.391630342799644;-21.328997708932057;9.33243575709253;-1
18520;29.468731079842637;7.792184083552212;-6.977548604975316;-1
19168;-17.46476911239689;-13.297399409589413;3.9194754293914014;-1
19215;45.67257282362549;13.702976141728778;-12.188972650717778;-1
19553;-17.855060566398823;19.981761087258395;41.46158824493207;-1
21168;41.38123723593333;24.627125479202878;7.529328765171314;-1
22419;-33.724755395847225;-24.08242404233094;31.09695802088507;-1
22891;2.874323766705569;-26.773055012299412;-25.05319580647465;-1
23482;3.4918872350337806;-19.658002868454584;-11.923470530927801;-1
23511;-8.136249886167185;15.829560497415399;-7.024924879752609;-1
24173;-23.410673196932734;16.443505200039308;-23.987605322741125;-1
25389;-23.507838747105264;32.78916697465631;23.721378273454107;-1
26202;43.69038618925642;18.276022566951074;2.197594177573497;-1
27902;-38.610153796245434;-11.641376642415965;-9.604376956532704;-1
28322;-16.136960013065874;44.06250882203025;0.6185104810059843;-1
28380;13.121119494854275;4.562217698957401;2.4663340339482605;-1
28687;-1.1639307358369895;40.6711415903437;1.0360957419480592;-1
28795;-28.93897671870586;20.953185729083017;-15.716397973615438;-1
30331;-17.137203910899686;-5.610449944394356;-25.502822666287233;-1
30596;-0.4807723601713089;2.6051012366849555;-4.521002589682353;-1
31206;-2.2501528527486365;-26.222214466603635;16.139568582899045;-1
32258;-7.107394065101226;6.114268960223916;-14.350945476466402;-1
32261;28.24497656657389;-17.344777840961505;-17.15564035315915;-1
32278;16.39500697555361;-7.8209687840985636;-35.04408296710737;-1
33958;-12.825792334519655;2.1481857474921218;-13.893113532285675;-1
34211;-7.008263264882454;-5.31765709640893;2.854824743963751;-1
34621;43.07076703850049;-27.280193925840834;-1.8150918557460485;-1
35045;40.16666418266363;22.96365784784378;12.453199159273101;-1
35219;-12.371624739845275;-16.325066718763914;-20.46682861793855;-1
36757;22.695595682913133;15.305826139039048;13.322566079654075;-1
37021;48.417326471073956;0.47484095173582347;-2.397755960855975;-1
37168;22.257400064297318;14.222318280211281;6.188406235303535;-1
37851;-5.5560114888018095;17.34847601070808;-20.374112635023728;-1
38570;-14.4179683699252;-19.80078898180305;-8.600104038776182;-1
39242;-43.66179485225746;-3.5559085821724215;13.014846006944056;-1
39459;-19.76315293621117;-8.947347473527278;-22.08548149010625;-1
40116;-35.62336486438893;20.005273506442386;-7.458345227492875;-1
40593;-30.516555644340333;1.1834070585806118;4.593351803365617;-1
40783;-20.42810003154281;7.5481357596280505;-31.24700813365623;-1
40823;-43.38003107869914;2.532448192256608;12.601036251977227;-1
41587;-4.757947560324898;7.5326350612648225;10.644566969410434;-1
41824;4.021740483612091;-11.63971798019961;-4.6270018395576855;-1
41983;-15.279259605118028;-6.4154775338562935;-34.258591712934894;-1
42278;-33.00234036014356;31.885184303180264;25.128397316287504;-1
42395;1.7967520952602762;-5.492983427414187;-31.757705524647637;-1
43538;-19.131326149178474;2.115154768740732;-16.94374037323871;-1
44086;31.749656307473582;21.197870755790582;-22.562838006014623;-1
44168;45.70211995002218;19.90363045055283;0.17573552834115705;-1
44701;19.312957014095637;-13.431271683970191;-32.497601213213045;-1
44826;-9.731938079998056;24.93687770721698;-29.652713186678195;-1
45169;-23.45348226883414;-32.872826485416404;-22.218021541111128;-1
45900;10.050107871715644;-2.747243662635187;-20.25716224431833;-1
46147;-14.767044714652084;2.006367738520156;-25.257596515736033;-1
46813;-40.207727836080274;-7.327339586082651;-0.42443431910220136;-1
46895;14.305385201544784;13.331619610918354;-36.69055225163927;-1
47318;-29.45715867590405;26.91331784163789;11.615695316521759;-1
48179;-15.331000161329849;6.528918707026821;-24.412828673561993;-1
48212;11.524608586918749;-6.199633084613714;-33.730990083610834;-1
48297;-12.920197859000606;10.5689890256194;-18.324148768794274;-1
48563;-22.45596310600645;33.135303899373895;1.2597699444145254;-1
48912;1.952141027040336;40.14126077091738;-10.229549978912019;-1
49206;37.61723859742431;29.66379152102042;-17.902444193402253;-1
49284;-27.539168739266973;-25.563854965890147;-24.596871068651872;-1
49616;-19.321226798053782;8.696610094264283;-32.4544612911355;-1
49617;-0.6020648837299979;41.87929467975115;-2.497158425830484;-1
49785;21.61054532704196;6.574637790032985;-23.10752914976997;-1
50039;10.6915212264075;14.028181278636222;38.90044909301235;-1
50126;18.606561008697813;28.810662727284146;-20.577331106322386;-1
50741;-9.089341752120863;-13.866082337672838;-15.323193567618292;-1
50937;23.21773313777267;-6.074737510734089;-5.565672313944949;-1
51018;14.35803596335228;-11.025628438720814;36.765721411657125;-1
52927;39.60264256595064;-4.823772408534781;18.37816116288222;-1
55083;-5.065424641961111;1.860304370371419;-10.947575735612292;-1
55110;-13.000373885017302;10.61768428976555;-23.190263750482107;-1
56357;14.961267002050327;-3.8275869395282234;-34.73373667922146;-1
56729;24.432879664680996;-25.901580943907764;-18.048460874915023;-1
56814;34.17694965302662;13.804920638889923;-15.042098846638384;-1
56816;28.922798880315476;5.831756730044923;-24.88022439350086;-1
56840;-21.021476146327718;8.10892533773151;2.209943711814693;-1
56948;27.958739698634233;22.62138966451914;-29.481318090988037;-1
57132;2.49750067195713;-48.67748940424373;7.9016697590613925;-1
57645;-3.9036670403643683;42.688583619481705;-7.808491321122595;-1
58636;-33.662258532797956;-28.57193300374701;23.959737444793973;-1
58775;12.005241254793466;-31.40697492904008;-29.91993425693885;-1
58998;8.066476524910787;-31.96038287210266;10.723401949379863;-1
59250;17.327106030220218;-36.60593401059101;-25.610341621304944;-1
59416;48.49550122113634;-10.283929984306782;-9.568649548845816;-1
59549;8.065392806778291;26.64951114519495;17.51792570736257;-1
59907;-11.584535846933372;1.321459441131202;-25.618552587454;-1
60717;20.37423027064191;8.134397860403444;-17.509114799560788;-1
60878;37.53853448708011;-33.541329117307576;-3.3378371436331467;-1
61011;-35.05814042348004;-4.414364798967081;-22.59014858522064;-1
61027;-18.97725878004642;-19.855918914263718;2.4168704621708628;-1
61140;2.785700951886496;28.344516885788455;8.76606730979682;-1
62020;-11.358235061679702;1.4048260575825848;-21.17827707313726;-1
62265;-13.216966055657947;2.2430250533151166;-22.86406018126535;-1
62268;4.777128415480666;-19.84835641445989;-9.720950913259923;-1
62407;6.550508519076159;39.37268551863937;-23.595187604940566;-1
62582;-6.823099655306786;38.17741058853232;7.564230517863094;-1
62811;21.32011474931414;38.5708811451156;-4.121455050586087;-1
63664;-4.373636039450951;2.5577749570453894;10.768866645361708;-1
63967;-30.140780425621973;-12.473216330151876;18.600174865075793;-1
64048;28.664791619848874;-3.6041024244960744;-1.1652252790539441;-1
64164;-19.30125521097705;-38.32834002754939;-1.9041870510943808;-1
66069;-7.915766182232581;6.900577414331448;-36.23731103745807;-1
66461;32.468157017982264;39.19110611930517;10.524660248575616;-1
66601;-10.305470536441005;-1.2123733591125307;-14.66234019179936;-1
66605;-9.78102227690682;-5.764866176656579;-10.368780555700956;-1
68597;22.78494140536706;42.87402146709226;15.106154381628558;-1
68627;-2.184145853136226;-4.066118152959682;7.088162847196424;-1
70189;14.39292962859531;-24.851121341562806;-29.92155762846975;-1
70385;-12.933296585085095;24.95996957906597;41.637874041448114;-1
70608;-39.900248916387525;10.225738584882945;-0.23570278906110462;-1
71141;28.04591357348749;21.097584920845794;15.993406327308772;-1
71373;-14.234461216898048;-2.808528878817192;-22.158312642212753;-1
71818;-35.90703139407133;24.610409457859312;26.45473597039126;-1
72169;36.04335048931028;38.25535006735834;2.9553763618833684;-1
72185;14.161765345752455;41.90764192284239;24.376735125013514;-1
73035;-22.51803059904936;-6.819608083114642;-29.351007234947694;-1
73311;-6.410176578811998;1.8194061420428478;-21.3708436392096;-1
73717;33.07295996262825;22.763924331733744;-17.518035990754612;-1
74576;-40.52337360856526;14.773963159446373;11.031352881990562;-1
74716;-0.25820816004577546;-5.200031771344217;-6.193057253557379;-1
74764;-9.408012965660948;0.4791537216359822;8.36880226930458;-1
74848;-1.0309766625978118;-28.314660965894042;-32.964079375330094;-1
75055;11.687796392572922;23.987174482289536;26.76910833730943;-1
75545;-16.51984189356761;-25.64045045777845;-30.557125228160608;-1
76290;-31.207847236363676;18.91664849822373;-6.51128439263883;-1
76683;1.008735810924102;36.77205020791528;4.292614139817271;-1
77029;0.8517417043728277;37.05684603953222;-12.62083432651714;-1
77115;-12.693805170920232;34.53175044102325;18.744774037389483;-1
77117;-22.931806533775966;41.16842263908153;10.188195177340381;-1
78030;-2.8189194124043624;-7.972742258676082;3.0340617240509227;-1
78032;-5.124958190266136;-35.36357836519734;28.548823486555293;-1
78494;-16.407173439364012;-37.72674559438929;-19.080423746746195;-1
78772;-28.626998236617677;-27.4773512219127;-18.318966919813388;-1
78974;20.412066296784698;-40.49789961544809;-11.903589376232548;-1
78986;44.40414324346194;-3.190500369917597;11.843976056273943;-1
79092;9.755981329909087;-2.781992672828984;2.114038700813237;-1
79366;-29.164907686984872;-19.07236570690078;-20.763546819458163;-1
79971;-13.096393958357792;-29.224484245812793;-18.819162390991657;-1
80000;-38.68835207343145;-16.489716882196603;12.557419905646055;-1
80001;29.625589354016043;16.377252819879597;13.829779985902087;-1
80167;-1.2489840448668736;-28.685130818232423;15.381155577586675;-1
80241;29.945296496218738;-34.79788044092527;-16.429108070819144;-1
80246;3.9056969900006093;11.289585120576934;-19.497542003474376;-1
80542;-39.207442765780094;-14.911693882103497;8.53808507042577;-1
80949;29.790438027554412;-33.01757417269804;-5.9452743663672685;-1
82167;23.291965624180754;-41.73394999170724;-14.434709388837627;-1
82261;18.715343076165745;44.40254045816422;3.1134133817120815;-1
82272;3.5144563636044777;-47.53547400026826;0.20885310253100883;-1
82302;6.4187566267130975;-23.145850422837757;-26.646802585086327;-1
83104;-7.238864367203265;-44.28808394256426;10.189394325423217;-1
83108;12.393222639343364;-4.377633444801275;-33.81126462945776;-1
85523;40.03210079902604;16.677963280191236;13.09975098481164;-1
86271;13.629600924888189;-2.054870006730228;-36.26760220913975;-1
86501;-5.271196173785611;12.67704503621985;41.40565250848686;-1
86617;-16.951910166921405;2.1697750081244993;-25.508330954108573;-1
86753;-29.2041803381147;18.297533710180755;6.8011459080637;-1
87070;-10.186551954798912;46.2481197900298;11.842098297718724;-1
87995;-23.499539554242574;-32.38405343276354;-17.180664390036767;-1
88115;11.918473958045551;-13.704486288977181;-3.43783035997771;-1
89115;-21.450184452337208;-26.607053509702865;37.527209117939705;-1
89474;-42.601483266889815;0.9182876221610313;2.651148412782453;-1
89694;-4.149632089642271;-39.044117473497174;13.805364713348558;-1
89841;23.847913026150827;25.91621775569997;9.378750370415736;-1
90278;-26.86188460847857;-33.728743243303576;22.086231417172158;-1
90458;48.08670862528494;2.5047483126766723;2.2460672206846772;-1
90909;-19.21677372133492;24.696798114961208;-23.709576480060065;-1
91180;-38.0721237693696;-11.129608032076497;11.655737745728063;-1
93464;-27.911091391489894;-27.176380492795833;3.171114387652625;-1
93627;-17.74268031945977;9.053215853777385;-30.8589546972902;-1
93755;2.079630650106512;3.0654630818791944;-38.502079012931816;-1
94536;-7.598170599376241;-29.217255537075552;-30.55460194415062;-1
94706;41.611676589279135;-11.301742761715971;17.590243674084753;-1
95026;-25.922505379491763;22.210719310112523;32.07298956760671;-1
96246;32.44642383752326;-12.399935221805833;-22.718627266507806;-1
96258;-21.145881694335355;22.853772946455397;27.261139896585917;-1
96735;22.40573563793349;-22.232996555305608;3.7064671013809116;-1
97177;37.77511147880453;-17.483083507702492;-26.708376008532877;-1
98476;16.945944570634385;9.401080551637001;36.137764836462594;-1
98559;-28.13076120399121;26.28109697528429;-16.262919821678732;-1
99098;-28.776169023142934;-21.774627898616927;15.975290442108852;-1
99185;2.6134671509998335;14.953791258514904;-12.339480807177234;-1
99268;1.9712283251185199;-0.9944019108487102;17.936880550179602;-1
100025;5.538954691776827;5.223991941099907;2.368319669268291;-1
100032;-26.7276300183387;28.81552401920549;1.1507885397154702;-1
100303;-20.84132160841873;36.16089493988749;-7.363626498178515;-1
100937;-14.662279903545041;6.08463140144575;-1.0694265996229848;-1
102168;-33.98630642931154;26.64650555515042;12.328277484990693;-1
102433;-21.82721837217011;-26.80365791836928;31.9181369807233;-1
102505;-4.88614612179627;-0.2213642708686708;13.432840649027685;-1
102525;30.60130622545905;-35.472414839138686;-14.215318960929494;-1
103249;-15.824437466243602;20.756488682367284;-30.87140054569378;-1
103913;4.827044149165448;27.798372942148568;18.01295697490268;-1
104709;-9.067096121500166;30.47988274037231;-26.406111287616014;-1
105276;35.23840230389062;-34.26942595336939;-8.389861985849487;-1
105924;30.227674915882048;-32.667537627237756;-19.664209617758875;-1
105966;26.396418112677875;33.5732671876438;16.741424755309595;-1
106757;31.13828929533307;7.7134932072150555;-28.42891161916218;-1
106925;-16.853480033853426;-26.10149679522598;39.04303228491945;-1
106932;12.688813009373662;-32.22429544060196;-11.45968843013494;-1
107563;41.30291250045776;-28.544226874774857;2.5534119622504368;-1
108598;3.9207966244281;9.937776149469089;-38.30822139594993;-1
108651;28.83029905284906;41.13290256417169;4.596240493014581;-1
108675;12.44782027063176;44.63354740336776;17.541074926575423;-1
108816;-40.15039811755961;8.36283667301756;20.352695600288595;-1
109426;-12.222457629433086;19.558264039134336;42.80977477422254;-1
109963;40.65151408745015;-2.7383987507875265;-26.898772197449773;-1
110159;38.89991385094962;23.487970091194445;-22.798401860977457;-1
110189;40.55732912975329;30.103510520891682;-1.4001068474313272;-1
110567;12.307488330367601;-8.886906292905724;-38.02906619222479;-1
110675;-5.654187602456778;23.495070871196912;-33.75483482341619;-1
110740;-30.942211306058017;-0.11650693659084405;13.547763295764684;-1
111403;45.24758180315053;-14.1578201412077;-13.62362503548458;-1
111878;7.883591370214767;-15.549817115599346;-23.24761258479072;-1
112435;-6.703084121525151;-19.565544213454533;-28.665141585812965;-1
113879;0.0537528375296267;-31.767798660687593;3.785070853838352;-1
113901;-15.837943505656042;1.5004900993724226;-22.511207733194848;-1
113904;-28.414827694775422;0.2762414705559027;-24.371620916513084;-1
113954;16.94429179019894;-2.8738583707911394;-8.252471671262473;-1
114286;-28.344105161124823;34.54496680272592;-0.08734967347288726;-1
115125;9.501520783330653;-34.005507503089184;4.311949391721903;-1
115481;-19.137507900913903;36.78084935215524;-14.127214294247379;-1
116250;-15.826693129222228;-10.01801393418533;7.9668906218941755;-1
117074;3.618627114839704;-44.361129779673945;23.249272717452303;-1
117233;-27.136252042543735;14.776527615922724;-12.427107579160488;-1
118438;-3.825127987496927;5.7145920219476505;-35.854986455697464;-1
118831;-4.671315912149197;-7.946453638903015;-2.939646090259034;-1
119860;-22.362056062457544;-30.939173366218487;24.3947951332948;-1
120737;-3.1480820688353393;-43.76131164434838;-16.99985403355642;-1
121158;21.899634858722518;14.32374518065243;-35.36485471165461;-1
121355;-33.150805332959735;-25.525417527649406;22.40084052577192;-1
121606;-3.3099740446329844;4.179608586045322;-4.487208449858012;-1
121701;-33.7429712713226;13.904444783206989;-14.581393652483577;-1
123268;-37.916918275631645;-20.80846156892501;22.5906588297145;-1
124452;37.267349096486754;31.157372733492533;-8.189431478701726;-1
125219;0.023838216140636057;-14.702337772426231;-23.858950188026686;-1
125447;22.40468132870554;-15.567002208970408;2.4674153626072615;-1
125803;-18.053151595190002;-41.1947494904305;-13.306598514931192;-1
127223;-2.238029031849826;-5.673769153936977;43.26190433181193;-1
127812;39.625905009445994;-16.686516860078246;-20.572387469468318;-1
127854;-12.856929012207019;16.338885963009762;-28.263774738359263;-1
129295;33.41843224610311;-25.858311622650227;8.847841709775555;-1
129380;-15.019576037092344;-18.147799743133454;39.19139138567925;-1
129844;16.4873597584973;-34.33575773757138;27.3356473562515;-1
131717;-4.9824147003801675;33.151028840634275;12.743194485213653;-1
131759;-4.734397644787614;-41.07563754524102;-13.852229273186762;-1
131788;10.385719349496451;23.568534314751137;-28.934624200833152;-1
132358;-24.41762526589334;21.359400634451013;17.926224233617603;-1
132944;6.31431457833344;-41.14323979411937;-16.741182131847097;-1
133751;-30.497063422407688;29.030153145467732;-16.31100338061034;-1
134188;-11.694590584745505;-21.2542652711467;0.188591585011733;-1
134329;15.093605602059068;35.85732740449927;-21.457541089809222;-1
134989;-37.03195434272505;-23.52981896236244;28.54333284407668;-1
135019;45.02852369586376;11.444374478315575;6.447797919951607;-1
136534;7.163700353743707;-29.881579163630832;34.54172888233548;-1
136831;-7.574443495189072;-6.255651901214264;-14.28647968725782;-1
137327;-35.779593788005066;-19.681253548388117;10.868093024520252;-1
138557;-26.36510351111801;-10.012832820427057;-20.30636775295834;-1
138640;-14.058670960423587;-36.81601063842963;-11.61643789136153;-1
139263;30.932412259063515;-33.763639849437055;6.601030811417187;-1
139535;-9.59055036006072;14.524484481297916;44.08341267138107;-1
141386;22.518659949606633;-21.766030205373102;-33.751258700623474;-1
141925;-14.880044019031818;8.466977280125628;-34.389096667745235;-1
142206;-24.787242259999903;-19.310321976248375;-1.8058570921075092;-1
142524;26.371502888747074;-30.915269808604044;-27.20188683570799;-1
144037;29.021580449792772;0.06490097206873283;25.452483444377;-1
145029;-10.945593575445937;-27.98114340211686;36.5552242364835;-1
145667;36.982315052743;20.99893128010327;-19.414863279680873;-1
146469;10.626988531941079;-13.53603943596769;-36.76214822975487;-1
148300;27.01732537345289;-26.50198725732423;26.377769926305685;-1
150194;-11.09173818569348;-25.324634113647104;-7.9529059525602595;-1
150729;5.791087155949191;11.881858401441391;35.08984910436081;-1
151102;1.5179884894797184;14.449175628983474;22.27688199311337;-1
151871;-28.58934013434739;-3.6380991181504716;-22.8274828562371;-1
151886;30.313351877493947;27.47087538113182;-25.477551594611434;-1
152433;19.622362217036102;40.32375478718295;-16.706381104653385;-1
152796;8.842109179057058;30.61006419723265;-31.09659335046871;-1
153334;9.001606902413405;-16.284329504187728;38.26364337844013;-1
154922;7.693500298682529;4.546644213555423;-15.94837541266897;-1
156928;36.261658669531144;30.814364916218576;-12.823980745999663;-1
158072;25.907565655982737;-43.125638172601164;7.046666147660354;-1
158462;-15.758679155680253;-18.73677040401747;-29.727279464152872;-1
158466;7.296599928606649;3.1674437887540616;-0.23719476252552638;-1
158696;-31.227660015355863;6.1801077776634585;29.72053012055972;-1
159122;38.151260190610614;-23.21717877992199;8.769627992914646;-1
159219;41.82542638929548;10.202114411861684;-21.377150378789345;-1
160675;-28.50541006166548;24.41675770320925;-23.53951801908149;-1
161546;25.138887472538823;4.5952339732565175;32.31076938352704;-1
162260;18.666303727836414;46.27254094436423;-1.689791725623272;-1
163415;-13.268566919573175;-3.9057484555835638;-19.171460481211483;-1
163505;2.373179490744406;32.13435418783099;37.44498476172143;-1
164855;44.707443157818794;-12.420045030733927;-8.084316701630595;-1
164858;26.247770804653523;-23.39548643862553;-29.906588496056177;-1
165518;-19.683831238871516;-21.801742908607718;-21.59258677948136;-1
165550;-13.184132484178317;-32.94508416388427;-28.166237165544235;-1
165709;-18.927512147562773;9.34265976275771;11.135372912589993;-1
166374;0.47727798494295065;-13.784160893171379;15.435031220268485;-1
167448;17.538801618254066;-40.67457949128505;-6.367394710147299;-1
168888;29.785532622276254;40.89627557730954;-1.2372089951954053;-1
169057;-1.2525736773751108;-28.06059743952697;36.970480909553956;-1
169795;-20.94117660291193;41.26561906860383;16.01295001482437;-1
169811;20.09229592543723;1.7062612635856147;-34.01876503725821;-1
170062;-12.928472054294433;-18.927966515138;-22.546989547355146;-1
171487;28.869089397944347;-11.34973735871133;-33.67580133334108;-1
171924;31.305673016443247;28.643896593169423;24.648320476708694;-1
172278;22.135213418137624;-16.33394967838183;-14.148862188883195;-1
172338;29.17293043614484;18.2181796630461;-28.995888830781976;-1
172931;23.829895660781133;-21.933509505423054;-24.86732564796728;-1
173240;3.8486440827939834;36.3196030341568;24.509972167056116;-1
173661;-30.012207635840262;30.74481285696888;-9.304464947979469;-1
173723;-18.27011284758269;15.844756078393967;10.566498826627024;-1
175216;33.06159048013103;34.17879653223206;10.166772996046953;-1
175247;0.5582840313390244;-38.57892742139921;-10.48437225501636;-1
175260;-13.51799266169345;-0.7759215047306021;-18.970074184665997;-1
175265;-15.495565038939356;-1.2748350233791754;-20.816616658155432;-1
175586;-2.3787673664136713;-28.15166211245157;17.963949976368347;-1
175701;-13.782146383210023;-2.683823359983191;40.15954722776366;-1
177268;40.607044882887166;-15.32076292165762;11.814642879657823;-1
177406;-1.4165802453123915;-21.060945837118002;39.92269673322697;-1
177530;19.88489991924791;24.557764577832724;27.991689435286816;-1
178181;30.207850373328043;18.84300418990655;26.822556080430104;-1
179441;26.302668406768284;20.503236841765663;0.7932908632692052;-1
179701;15.159238924778098;-30.91419638358814;30.315484023073484;-1
180233;24.60618192783092;-40.169649186474985;17.908697996953816;-1
180825;-29.123352904862326;5.240194777059155;14.13506794220621;-1
181346;-30.889548780688703;25.43667909907434;30.84903507378706;-1
181670;3.2743014110308106;-46.77413627939886;-10.728455869625977;-1
182186;7.119764920798217;47.24483756020862;14.136292823080522;-1
183371;-36.57330483099796;17.52973044164706;15.592243871741662;-1
184513;20.523912772106254;-40.271803957303625;18.81793456922689;-1
184742;7.6741779131736365;45.929209629140274;-7.046263245668084;-1
185481;13.395425170219895;36.68330295666885;-24.38456965718439;-1
185634;38.43363566938348;12.547701733139052;-28.10787225358358;-1
185791;-10.20541409095167;17.413185893824387;-33.61496313250816;-1
186488;29.30160909798291;-15.853890484145746;22.000638270938214;-1
186725;-33.18551666299458;24.01806265473349;34.11597028945188;-1
186737;-0.07569968631678314;-18.259196262215465;-14.153830823306127;-1
186996;20.46539199295151;-35.32779655103704;-27.98109046608868;-1
187214;3.087839765930773;5.095475763459446;11.27785537899903;-1
187215;33.823631073819065;-7.903031391341841;-26.3221753331532;-1
189652;49.33995438803174;-6.407001152343717;-4.487152205328069;-1
190417;-33.86992068957341;25.459053393652425;22.359629827832553;-1
191294;-24.12914449853687;-39.09979735247284;18.133002652811474;-1
191908;4.028511516272346;-16.112694725925525;40.657445863496946;-1
193470;-23.451978003366648;-0.09312953414713758;6.6099417094944215;-1
193692;-21.980657861190117;30.197539611394454;1.9669757975212656;-1
193980;9.511175726692885;0.12841353367088615;-23.435220809556718;-1
194246;39.47483440768711;-22.76721812904282;-19.878890209604073;-1
194345;-42.04041724508363;11.83140448480343;1.1760714668559138;-1
195012;22.8280813274446;-5.004701871078536;33.39695198222321;-1
195034;-27.824608625893454;31.379292327191564;28.045878282802033;-1
195109;18.142204699043706;39.37705862274526;22.7589983402224;-1
195187;9.927517588341066;-23.27426587498015;-34.04656527472491;-1
195676;19.728137224014276;3.317424422988236;4.64218528936313;-1
196367;4.175817410638123;-36.6472270534631;-25.623725613763522;-1
196910;27.306247274377537;-6.689022253816804;-31.966767545279453;-1
198151;1.5966607095430538;-48.19012209722813;12.023595352120205;-1
198153;-21.16125666963165;28.65813050296936;-15.81101818309957;-1
198439;2.4134114235793724;-40.65500786531013;-23.94552412122722;-1
199594;-29.899662699035755;-3.2688846584248683;10.500627291781177;-1
200209;-23.58509446890061;17.84476597936273;39.382411043372514;-1
200228;21.592041244302045;-45.80636275307354;1.3774528925515823;-1
200781;-31.21286439547911;-16.49728673422657;38.68047342790376;-1
200926;-41.13382894466486;0.12107670125802757;19.92850156112681;-1
201217;21.72326230593806;5.392828829705931;-37.32789320827421;-1
201964;-8.182395398289257;0.7756626144677765;-36.57625454412386;-1
202046;-6.243120031764888;-39.39075140870157;-23.29736803994573;-1
203100;-10.252851389205894;-45.38842104701809;11.058789919486124;-1
203403;19.98249630987203;29.7766099606372;-25.59846630564954;-1
203978;-29.57783517481534;-29.064926234202126;5.1310002497049725;-1
204154;9.740522539234837;-40.02508383440152;27.764837968295534;-1
205046;-41.79373241286698;3.282684419271456;23.77025881369889;-1
205372;34.86581501042497;19.229471015872363;22.15657604639935;-1
206451;-8.769966195316918;27.402864348480296;-29.303211883280632;-1
206734;38.829891249227195;3.586060061557517;21.37644897641594;-1
206798;-11.384571470922655;39.709688037605176;10.814404863604919;-1
207255;20.12194598299983;-31.999067345141583;-29.258483880357645;-1
207293;-23.958968401940112;-29.590942723571192;34.03279014383588;-1
208025;-17.07748030754904;6.7588250239777485;-24.015880514016228;-1
208026;-23.974103694664365;11.125077590331289;-7.06561062874584;-1
208189;-12.10083489901805;7.652433704375436;41.80501366865057;-1
208775;-18.928338537780498;37.2224505219174;32.73143435414338;-1
209404;3.4737073854664735;-27.04323755924778;5.027887851422071;-1
209787;3.206742540286674;-0.3123276209268317;12.581830766863902;-1
211395;-10.062478727412635;-2.093028979406056;-4.483183841270985;-1
211669;40.611035671233964;-11.350426262300305;-18.0622492398111;-1
211956;-4.094787055944385;36.89515882323247;-25.649058444138866;-1
212530;30.482397201710935;8.484929945905321;-13.425717812346807;-1
214816;12.895859049598895;-0.13708308343734152;37.72274598337113;-1
215579;44.36502057774529;-9.439080532422631;-18.155463703657965;-1
215722;11.704634460870349;41.914914744936446;-15.445880165155256;-1
216981;-12.671492635041693;8.158787400165497;29.621536806969697;-1
217003;-32.01323655535152;16.493762077016815;36.741376720474506;-1
217306;-26.368817855762085;-18.647973157633313;40.29650449623124;-1
219691;-28.665629773628417;35.0028663873871;8.739940438998753;-1
220450;-22.03259251617194;30.601394452172688;-6.541082229946768;-1
220666;1.0169713151278872;-38.80756106800593;23.938061611698842;-1
221432;-29.065987895656214;-4.894362969726234;41.77725754454069;-1
221933;2.099811224211168;6.267078731075351;0.6797733188496868;-1
223288;12.988955877827578;-28.472216231105172;33.75387609312801;-1
223804;-4.5638447466013705;-18.254292327382533;-34.38588815625934;-1
224107;-39.406291073863315;0.7906342282576685;-5.53275786797782;-1
224361;-13.176453819201532;2.0328405315579383;-25.354442979294245;-1
225962;0.8437102244443259;13.92598680578644;-32.637958151046064;-1
226040;0.43693815818943366;-10.452129802518092;-0.46535579884592887;-1
226340;4.654034137004443;-2.730825406450145;41.25604058839342;-1
228055;22.69177840710315;10.205704503884055;32.443271202956005;-1
230548;-26.11090470379003;-35.5815571656873;-8.398545700139108;-1
230998;-36.69601054432288;1.43451829854264;36.32185281535452;-1
231309;-13.78381533854297;6.468265782292541;23.095333277055023;-1
231433;46.36483196860838;-16.2622978233476;-0.25149736968842556;-1
232867;-33.53760889088259;-22.411682118432555;34.79995965047662;-1
232890;27.302929949944826;-36.04056252515938;16.029842489595204;-1
233211;3.289426410638472;31.30300268791053;-12.988054494903265;-1
233931;2.2195209053855316;4.608317994888734;1.768840839178921;-1
233957;-26.48076873269478;-39.20674283385192;-4.204412423750156;-1
234075;20.072741944805045;-38.76937948723474;16.407558696013556;-1
234875;37.55833256162003;-33.26711166865559;7.175261729343088;-1
234957;1.5814382929390862;38.169561351909174;-20.670999937744476;-1
235763;8.905160399957008;30.88784012333462;36.31871488523953;-1
236661;38.847868912575755;1.4048289984730395;15.360985480404263;-1
239264;26.20649540712416;4.742319300838204;-34.77447095290719;-1
239575;23.607527581287783;12.665322646868084;7.291301179230195;-1
240181;-35.59377950641633;16.908357049735002;-3.5525695686726064;-1
241875;11.798213595133577;-45.28389297759264;15.644646128305752;-1
242192;31.117776584412706;-29.792723099437584;22.377623666078613;-1
242425;-12.680607925005516;31.664073454356227;13.641179210607683;-1
242478;-4.69970543054072;17.720838326053954;22.810327171770584;-1
243599;-19.680669781632893;-26.51915323490734;31.317166016339563;-1
244266;25.815362858452232;27.461502763253222;25.864249280477928;-1
244555;-1.6053547169492657;25.801393628793203;-31.009122445679544;-1
245301;6.555423482248296;-47.75712597293593;-7.759585783308945;-1
246695;-26.280264703285656;-13.045325395614833;35.07462117358724;-1
247870;-9.799561650332192;-9.739527047815978;-32.496104299971684;-1
249352;-5.727991821692422;-23.105471996897023;-33.32805280065441;-1
249355;-3.3937794970818795;15.985433573286535;-10.49403528582734;-1
249702;13.003789729280241;-7.061137534364496;1.8551625910229756;-1
250245;6.558764333804645;-3.306818469175271;-39.19160607068244;-1
250952;-30.35384205727195;-22.18243382572083;-7.4291737998517515;-1
251280;16.135317525747016;14.1679103363572;31.735098899723646;-1
251445;19.48261257308194;38.64148310225757;20.118721296616435;-1
252223;35.2851418758845;-34.08641139949337;-18.182883095810798;-1
252572;-11.685595871290317;23.653281954979402;12.902040801334323;-1
253587;-15.162675355274219;33.65892062213206;-23.63062239402723;-1
254096;29.806095328334344;-9.60811776919087;-29.8488264666387;-1
255157;2.9877568524273466;-37.59609065416577;-19.40392904897092;-1
256342;-18.068183956748346;40.28799355925583;10.7031752400562;-1
256728;-28.427188257355823;13.480975673542249;34.992587975248505;-1
258174;-17.723404252975534;-9.272753326208244;-31.918951607379206;-1
261222;-26.656872194002645;17.653869839068566;-22.512348798691207;-1
261635;7.880663713767279;20.802106304652767;-33.745988624928955;-1
262403;-3.1787294558733303;-15.010868060456474;42.845309553584656;-1
262487;0.48563562800342547;45.21588488583158;12.348844602384466;-1
263607;-31.87444417124031;6.587447573630315;29.464878513347198;-1
263659;1.8709514966507477;33.85318702288712;34.42402268278326;-1
263786;-32.88806912064224;-28.625198411659504;16.289521646285205;-1
264484;-9.05814625662441;32.251731007652296;37.10733818774609;-1
269385;-18.72730955942524;-29.395744060542047;33.87771699016837;-1
270091;-21.58501251611571;34.18658695104612;-5.768520233046336;-1
270497;14.39492502276871;-45.83603633775978;11.720824062822551;-1
270895;-1.980797063629302;9.578625784490203;-35.259059118443254;-1
270916;24.546925926062546;37.05317874913541;-16.721939885603092;-1
272321;-31.05972340684023;-36.89217676031157;14.553418432034835;-1
272396;-4.392664703525698;-11.65182562620092;-25.17185779542459;-1
272750;-32.71157158001347;21.167698690172305;9.640187444374934;-1
273236;39.15017774684944;-9.97069280110406;12.087493549471063;-1
273822;-12.884521916896672;3.5787898127426057;-17.16106335515731;-1
274330;15.164731037701937;40.806754871873565;-19.892477123504012;-1
274940;3.922793489046728;29.400117164647934;-13.86877619332919;-1
275398;-11.559277274042007;-35.52427156052346;-24.77245840368497;-1
275981;39.31649392472462;-27.95637522270879;-13.404300777611674;-1
276544;-20.61617585789108;-14.081620199085533;-30.55437549558562;-1
278745;-1.382030480446889;-42.564533919219066;26.730559145231414;-1
279527;-28.157329208357456;4.039166362389117;40.77470210680961;-1
279816;30.46914554932281;11.21025313012069;-26.189779385780596;-1
279885;-13.238352211043308;8.631977409522406;31.682056999485695;-1
280016;12.840443850764137;7.913003215650548;35.72590783275758;-1
280962;-2.7417662541636196;-48.1115297407212;9.510901488658;-1
281000;40.305591847735755;-26.5009285367606;10.439209735528717;-1
281845;-25.29928363792903;2.951629299832987;-28.58698742198376;-1
283029;-3.265562555045167;40.329216020757016;-10.205173673157011;-1
283977;5.579597062635854;25.685099056659165;38.569907710375155;-1
286401;-24.71975470584929;-11.465640792414915;-26.65763388463037;-1
287934;23.962179854316464;23.265537312111096;-4.645467323110389;-1
288235;44.25121693982624;3.101699815031678;9.004099307073622;-1
288884;-30.32902388272615;19.70614524519528;-20.60389028801727;-1
289205;32.899606233895376;30.816549997826293;16.224239759975493;-1
289367;-35.88864494694959;-19.56200044045682;-11.217093641317932;-1
298260;-10.814043869301624;-6.048461389745453;-8.040876808726694;-1
301687;10.546539003112112;-35.70988586156128;-14.86584245902688;-1
305561;-19.322304634405366;34.748561708002754;13.060537151490903;-1
310816;28.088015361234575;-1.6117658581401468;31.080239058651053;-1
322183;21.779164222143045;-24.794250401953054;29.662362248259516;-1
334864;-34.32321483978279;27.968459341586463;0.5760516048257365;-1
337689;28.69356529205602;35.04878545094417;20.34590949556476;-1
338730;30.249590431549226;-15.982973518421318;-31.567176995660287;-1
346477;-14.704321403037813;-25.976514832689254;11.287775002502169;-1
347538;-14.525887286044728;27.797455384326756;-4.161125089538585;-1
347642;22.61390068697667;-32.58689841097447;24.285924839113232;-1
350275;47.47954414560396;-2.087630791171108;4.988639830249799;-1
360122;-6.009794929660566;-4.654855748275177;-16.381733266487075;-1
365718;-18.913266474201016;-35.29768771456354;-3.8347873421948395;-1
366634;-28.288195892693704;-34.0242056845991;-15.264761015177182;-1
369281;32.113762072868354;6.610841621973508;28.719862734500452;-1
369959;-12.494568665297011;-41.681152185377016;7.450615832155749;-1
376253;-5.144878679371219;-45.91506394605398;17.42032196451231;-1
377656;-37.02893993000916;13.968412091483527;22.745780508074503;-1
380947;-27.950761062831084;-35.24723085703512;25.288958171543168;-1
385864;-8.229934892486776;-29.297733004363838;14.095339453055928;-1
396748;-33.948216016144436;13.354283583206211;38.02665172116161;-1
402315;-19.472791469409028;-29.16861026806713;-24.31944216762354;-1
404396;-18.22880215936787;-40.47903380318227;22.571254834495495;-1
406718;-34.118081848798234;0.3847579158789549;39.74992235991363;-1
407092;40.757268508195146;14.139207245520963;-18.222129278926538;-1
407551;38.86091764352252;15.480575320292603;-13.051290991901853;-1
408116;-30.478515226310954;34.17240009549345;4.397518643220904;-1
409648;-38.64275062604347;-14.131665331950314;-0.29637793130374085;-1
420233;32.69109710066901;24.94462107178376;21.202871740008515;-1
420461;-43.77684836861968;-7.788778532405863;7.934276146753409;-1
427691;-40.71781058096668;-16.749788647762287;22.894264596678628;-1
430338;-33.799277559965084;1.362943917591319;-18.993230756104985;-1
434250;-36.57697212139477;-16.30636118502786;34.325076423440514;-1
434620;23.29158036753121;44.230618943082696;1.472329235213739;-1
439933;-42.06906445900123;6.408582616185642;7.58851565601401;-1
440486;10.420985772604592;-27.865369367593278;18.088489334891666;-1
441491;-36.856850784171726;-17.24374207895081;26.241903728196732;-1
444031;-4.1075938986512615;-34.67461007663308;-17.15745929390528;-1
450625;-10.728021353061319;11.196733856701202;0.5837335783042825;-1
454872;31.392893945543776;19.381101857262838;-15.908891017426415;-1
456432;16.007143226621896;-7.145345521194355;-31.55300778545035;-1
461387;19.034203241917535;-37.25059484356728;25.370844325359172;-1
464529;2.967033684033829;-2.43583552948953;31.789173052511135;-1
465132;19.00563249115175;-3.223080289595523;21.878366338955338;-1
466149;-34.928553026491514;-0.20121510455504077;-20.221612760503938;-1
472111;35.841411305359344;5.633059510208803;19.51625341899134;-1
474365;-23.12999020061646;-15.884937464674246;-6.999636897956696;-1
474487;-25.91774113695542;-29.121461912300063;-23.980561890102518;-1
474912;45.76476973937509;19.518262047171785;-9.40732112118152;-1
476531;-27.64925215076104;-15.101404843544488;36.19373292270281;-1
478005;18.94305916495066;-34.075130143709785;-24.274275972022828;-1
485734;-38.54565712768708;13.085145052369205;26.724003900408263;-1
488590;-11.823420702441988;-40.1577209347914;-20.67449518604969;-1
495496;41.94050931456225;-16.738526507766654;14.93053028546478;-1
498219;13.580774791116811;-15.65273651794617;-33.259256550251536;-1
503264;-37.97564785800866;8.964065700538683;28.91751410016868;-1
504274;10.937906087797789;1.5258187022177383;-38.64767367666436;-1
508697;42.61699940492793;23.922094046975957;-13.900567219142687;-1
512245;48.36387284617237;8.578009864013893;2.692601366573011;-1
514646;19.824636662498854;41.21694144980041;14.02576680757305;-1
516474;-31.060385107192502;-8.441264339659035;21.096562961412843;-1
528459;-37.711061825595266;-16.876557201250144;2.159280256731846;-1
536220;-13.490051261484936;7.348594136620172;45.182223453689;-1
540665;-24.217418266420122;-16.742377603816866;-19.819219542281605;-1
542026;44.08346560740925;13.77739831557118;-16.201903696973318;-1
545682;20.358721484829932;36.00607764368954;26.12042730708181;-1
554595;25.487635907980028;-3.9088448456208797;16.517165683253985;-1
560046;-3.79266717388241;41.74052582276357;25.382057940662307;-1
560655;-0.7762887484261118;2.5075544735872564;-6.047756311258979;-1
562384;-10.270539374844681;4.622212967063787;-9.829274937039562;-1
564472;-33.44127120137301;-24.219316611208523;-16.42254106243417;-1
567711;26.718689711356923;31.544061596687662;-21.055364027035296;-1
569220;-12.624378099514853;1.6176419410739564;-20.875191843783583;-1
570393;13.638000108026334;40.48278049762134;5.605398597427389;-1
571056;-32.481135167558115;8.737397303978197;32.049303635885906;-1
574271;24.321424327789895;9.412852200903883;7.030896357820537;-1
575779;-23.232225845932607;-4.324062184281509;-32.098592959903876;-1
576337;-24.34538817365865;15.017045400856219;42.58531425117079;-1
579059;-38.1722052124278;-5.24126820207506;31.282222355958805;-1
579753;-26.014469964895454;18.94123581286885;31.187263944072402;-1
580459;8.995311926395479;-33.75759043777208;-18.115864613687684;-1
581986;30.045424993524207;7.271209750867442;-34.142320667924494;-1
582912;17.31885977338571;-44.24956415939079;16.641618285508894;-1
585913;-20.26468063076534;41.723953905052284;-1.0116770689899415;-1
586439;-12.390721412011784;-41.96009858587989;-9.661648592466886;-1
589169;28.961403949312125;41.03294169762212;-7.363616940284539;-1
594049;-8.305959851626898;20.326780473603254;28.27552947750603;-1
595510;-14.008708172491533;4.032389080336647;-24.647373509982334;-1
597874;7.476225106233819;-37.7794992873627;2.540392640208221;-1
599690;-4.541152100631583;26.04670800605804;-30.946925553456634;-1
599691;6.338422527834471;-5.054108463103377;36.582656862643375;-1
599694;-10.007142197397537;-1.3696441850750114;-25.464926351890124;-1
601500;0.18990477301465516;20.116796483813943;38.14045241819021;-1
602417;26.131120384774487;-22.97194086580897;24.873419172989074;-1
602831;5.681935639117907;-34.63549035180689;-29.091650105762465;-1
603931;-5.3090307294831725;7.915203736933152;35.70958294984447;-1
603934;-11.924568218289956;0.11400271092954284;11.406248774463016;-1
612344;-39.312297274046;-17.861830496225156;5.034614770725508;-1
613981;-39.39626263741336;-19.764511627601163;14.615937351762517;-1
615296;-24.36486716158425;7.587882629343672;18.26355613231431;-1
618050;2.576086411460537;-8.813225958680478;-0.6506836847243309;-1
619545;29.506547990197472;-38.72046071541404;-7.901083051415713;-1
619754;16.73056845819669;-13.481899113144971;-10.026199902765521;-1
621271;10.292770301013107;-43.83935405434032;-9.375089697022457;-1
625800;-8.739216244724325;-32.829724794914775;-28.88921979310562;-1
637744;41.43049421015629;-23.95721563122921;-0.8805384441894775;-1
637754;-12.07881571696235;42.531925325859206;-9.221650208002444;-1
646463;-7.174084637938662;37.9836206120309;31.897021387259755;-1
646592;-32.88776914981588;29.166510472282592;6.236883138333438;-1
650249;9.659969344017348;-5.42089558537007;-19.45154353587503;-1
657630;24.969836266540923;-16.648510262289093;14.563633615028655;-1
659031;24.962557562665957;25.311226594064888;-27.476386609843612;-1
662792;9.839880523241222;-9.237672914421353;32.90858477245307;-1
663296;15.993375447959;34.758543090205436;-26.754300953870857;-1
667752;-11.756081663259328;14.581384829812214;17.594755000042007;-1
670998;-16.559502742237438;39.73423859111961;-10.519714406053707;-1
672321;-27.51551515734117;32.47808840504722;2.9161980030537387;-1
680697;23.752431135763516;-44.375187236046614;3.321504540882593;-1
681855;-33.49476599874096;-30.174450680435918;27.79534970676131;-1
683198;-41.24595333413437;4.435963433687782;1.9105151121299213;-1
687885;-4.374230099322767;31.203403550886875;-29.800737025926185;-1
689418;12.619897652907373;46.85203164486806;6.623258796695159;-1
691309;35.97952728466601;-36.747455541044026;-5.932871160875277;-1
691470;-21.53420275173275;18.6305263250118;42.49119105217348;-1
696903;-21.751197824365665;17.778457722284383;-25.094115356259017;-1
697914;-8.935963286577783;-1.0309180285943744;-7.172545081785714;-1
699842;13.949415409592474;-16.268557508680072;-35.29968163829171;-1
704351;-31.909758383818335;-26.4532714069449;-10.87203455295194;-1
704722;46.399952082416405;6.788275836212051;-2.770999624309941;-1
705697;-22.163809166472273;8.59445973477132;-11.49779575342216;-1
705700;-27.684733994094973;12.582386595159809;-3.1654605257537862;-1
706320;-42.93336863646473;-3.927741537236479;8.500476228070594;-1
707062;-24.406433707268615;29.081506974584784;15.450251798815918;-1
708784;42.30836471528655;-8.271324249521255;-13.251408294216205;-1
710902;17.871503084930115;7.317605238678149;-36.90245811334062;-1
712241;3.776663583251457;44.72597959035372;-0.11236782856959615;-1
714417;-35.54122579399384;21.290388228599724;-11.761706851476236;-1
715345;-24.653762594494804;-36.499176746201016;-4.923981412716445;-1
723803;1.9806893535164047;7.695323650764339;-25.491714923040462;-1
724813;25.0278894441134;34.10386264345057;25.141625441551994;-1
725855;-24.28742028190936;-1.483051354199658;44.14463318797307;-1
726696;23.004637685882464;-38.087651670969535;-23.483570519074462;-1
726979;-0.03836079128326993;47.311116408382425;11.374073227222588;-1
727281;0.9893924715707206;-46.361541112189755;16.958293369652967;-1
728296;29.217905473866004;-14.693709199832632;25.015108334198;-1
732818;-0.45168189892051275;-11.994373194118742;-6.503927019944203;-1
738068;-27.268030402920886;28.533274998722177;9.6470669223707;-1
739670;15.839312490162628;41.694992015856045;-7.184477009582366;-1
743154;27.261531035016368;-17.158875332659136;-16.61634574338787;-1
748357;9.912832251856358;14.914171582311441;-17.389376444704492;-1
748689;31.381362714071553;35.785722603712316;-13.637003146162249;-1
750412;40.504381338009885;-26.28819040306062;-18.524023447646126;-1
750857;-26.61809361246918;36.57026395026798;17.367687377602316;-1
751184;-40.6953774685795;-6.8461312389014575;19.41817766322313;-1
752580;-33.29701464279728;28.43608151009033;26.031535952203104;-1
754147;10.06333379131229;45.78009471953366;10.956785869293274;-1
762723;46.310881333219974;15.360359070737447;6.143138578982143;-1
763199;-27.01323165394018;28.210200536949042;-8.005688319215597;-1
763540;-28.648155002547583;-33.91948939818456;4.442516840454401;-1
764063;-5.079259325881846;21.5680406373026;41.478451310798356;-1
769221;-35.09589557513533;17.604168790386964;-14.331542951692624;-1
769395;37.76414783919004;31.62437437411049;0.8072076164141869;-1
772828;-2.035872957227868;-6.724738633164488;-17.897849052067045;-1
777598;26.87363640673488;-20.81142598650318;-10.307625473921565;-1
778214;-0.6156915915539014;36.994187427507946;-15.382812769357804;-1
779186;-32.683053765275865;17.82531051856077;32.79942774145218;-1
780305;-32.06054077831268;-20.081649901991824;-18.95124072219517;-1
780801;-22.95704084432108;-3.1354432244956785;40.37157954775456;-1
782180;-10.67269070482713;12.615871573875118;-5.314050094266446;-1
786269;17.44813837687651;-2.265553377030757;36.91332470357012;-1
791010;-19.640564858504433;-23.25313704750956;22.34227416281513;-1
791011;-8.372834965340356;-24.46137542274019;32.825863405747974;-1
791413;-24.103070563766984;33.47696184792922;-12.675781923769629;-1
794704;2.5124302861552184;-1.8298891298736826;-8.73330799580117;-1
801426;36.640465946308126;2.7692757110866246;-23.969940864225975;-1
803161;-18.148302635401176;-43.599227407837276;-5.478641807501352;-1
811174;-7.648021633471023;6.721591145155525;-11.029290582559321;-1
811573;26.004288602141862;37.81508112097209;12.672685166121006;-1
812756;-19.486591597866923;40.638480060955665;19.708337679029135;-1
813739;11.732972146067612;-17.538591344586568;17.95231875462067;-1
817213;-4.871222573184744;45.282357832775375;10.647532857433829;-1
821304;-4.569912171220378;40.950435015920206;-19.169940040846488;-1
826414;-5.904046758307789;-45.637285079061556;21.343430128837674;-1
826760;33.40972426946724;-19.5585801848582;22.69894241625039;-1
828386;-17.231282996540184;40.038838379057374;25.105790691363513;-1
837273;-4.324238270097474;-15.031633687955928;0.7921066953471223;-1
843469;-2.1474075143555913;-8.539915774733718;4.332080889717099;-1
850561;-18.957282781634007;0.7439165750879506;-27.574465306502276;-1
850707;25.408314210640373;3.6574950259207277;-34.75085266166683;-1
853675;-18.95647550720424;-44.79508169336387;4.5476713195466685;-1
860401;-25.844677654503013;15.373941573301707;-19.91625275238368;-1
860723;-10.695589213128732;21.479608061334808;-32.188293059657575;-1
861032;36.19597682211961;33.29010355022913;9.346922583471557;-1
862752;5.996065750184887;33.96333219308073;-23.907641040837156;-1
864686;-16.092454047372204;6.480437392661237;-20.63479169446827;-1
864687;-18.76898638850165;-0.126040223586225;-4.883727607008724;-1
867527;35.207843511177565;1.0083247295802544;-31.371807760984776;-1
869830;35.725134378568036;8.342326167765036;-29.034185106280898;-1
873830;-27.259128327515015;37.16542077422311;19.869974900191156;-1
874681;27.366606110066364;40.640706315029746;6.303732519255418;-1
877136;4.939606731312684;-17.497018917121295;-31.529307149277273;-1
883852;-9.344632365030089;42.080292778756636;17.0611863039857;-1
883909;46.23758257953121;-9.070978832122762;5.272391278144071;-1
891720;13.370367313102049;18.277991493110385;34.64048986557959;-1
894781;-20.779864350145136;0.16069401096370323;-31.414630066893228;-1
895408;-27.877697580378676;-0.20673164065507704;35.98332985602372;-1
897770;44.18380290793699;6.900992079885536;13.628215765484105;-1
898242;-6.366857262416733;14.385036278615344;-32.29999102001118;-1
910145;-36.005727677725446;-21.249999509542402;7.034826122690406;-1
911299;-35.337616184264725;-28.486285451039656;-5.850065611180923;-1
912615;22.981751676365292;-8.334431347339843;-12.282499584175438;-1
913155;-35.96591390275198;11.266454281929422;-10.404334450851028;-1
913444;-8.71126455139922;23.608781871066643;-9.310167334570808;-1
930681;-32.629341342014285;-18.502460838833496;-22.926245309926443;-1
932203;-34.39241105128749;-11.083210338597949;18.351650505879835;-1
935678;14.812472649503249;5.529960713544253;-33.68747960933602;-1
946782;39.7678088556581;-7.2891234498486135;-27.879306247457308;-1
946895;2.730702991884975;-30.20578586822896;-17.08218573227629;-1
950350;2.7722388420252195;46.305220119095;4.437685325048911;-1
952482;18.445788409329424;40.91185641493765;-18.607540325219173;-1
955337;-36.08528464630146;-15.321911339380115;-2.8699754763628893;-1
956323;-4.653121725740924;44.80755989156245;21.702309931894742;-1
956585;5.938198583933662;-21.63779120665798;36.66581348113574;-1
956888;1.2691103963037744;27.516615050371165;-2.8863849098765675;-1
958321;12.837213282599834;-43.896219112169156;-14.737404950206077;-1
959793;-17.299177864018752;17.10255581000961;29.67929295460626;-1
961939;-41.509730621672766;-11.16946665562939;6.063826807147773;-1
967053;-18.20872175934432;6.263187197781391;5.151250118540964;-1
968154;23.91883259946188;-35.131571517239266;-25.022425269648878;-1
975621;-11.429753841420867;44.54068584637543;18.10751248479681;-1
978365;10.557048275151384;-17.875574747764414;-3.3997987646196943;-1
979497;-38.852877249019826;8.76639301341466;32.944619503192456;-1
984994;36.36322232137843;17.55977457853057;15.824760964193601;-1
987642;-21.829047606032827;31.29628569411238;-21.439541369782255;-1
989797;-20.628783455269662;-1.9080021212365232;-4.070426189864265;-1
991179;-12.787443122992551;-41.46529670779523;1.8876728483582599;-1
995324;9.950269787342558;-41.17236049140015;-21.755847372174284;-1
1000522;0.25914883142850575;-22.70291261836401;36.04790592862435;-1
1002190;9.682336286369296;42.95710162243281;19.582614612097867;-1
1002378;-5.190472406921758;27.627674837496134;-24.90559839634257;-1
1005133;-17.911441847747895;40.0052475282857;3.5726444545265528;-1
1007919;5.7580113286183705;-1.0879931762850628;38.40640890555541;-1
1010392;47.26436213193627;-6.074692662154657;-13.347966550509874;-1
1014285;-1.5734866765669902;-15.58015828241876;-4.215869397738402;-1
1014642;31.838806460712284;29.234112721160933;-12.974521987476733;-1
1015063;-30.191981328435386;-8.411753974393028;-23.298701733766862;-1
1015079;40.28775828801947;-12.8157315482747;-24.42292769138286;-1
1016541;-42.163102372175366;11.96799855329988;17.818405307773528;-1
1017480;-12.084936445220846;-45.56833884324549;-0.9077975578125401;-1
1017808;-30.713186521020837;24.43582202558076;21.825520007932614;-1
1019993;-9.358037678944463;-16.313103176394876;25.084263373236332;-1
1023257;-17.642191563073617;10.689439075965693;-26.805790063948812;-1
1023824;0.26445725357747046;-48.87025889175743;4.22551772409711;-1
1026074;20.485269471533698;-7.0404027862148135;-32.00347573993293;-1
1027328;-36.49616821526603;-8.615068759854072;-17.970456696499;-1
1027545;-40.59787224555948;19.66816511542022;6.599279511151513;-1
1030073;-12.950924282469563;35.729075171777104;-20.892513688560783;-1
1030190;35.79194552791411;-13.065846929206561;23.541939842370798;-1
1031578;-0.2557117346368908;26.445760372724024;40.39275395902719;-1
1037221;20.838551289610564;11.743285848891656;-9.48702660472549;-1
1037349;-26.8627492302722;-31.200300911457344;14.152660348905222;-1
1042242;-41.24084500741485;6.791061594695107;13.098087911259602;-1
1043266;27.914244026057155;38.58102721718374;-3.83697095335733;-1
1046277;-26.10829025217595;-20.875616802454264;-19.215662064743107;-1
1046705;-0.008100408484511623;23.17534167231581;22.24248974969284;-1
1048308;48.3747894315396;4.461498450281875;-11.772782980150618;-1
1049104;11.014336154598023;-46.232165459313954;-1.3144987210366301;-1
1049895;38.38242300300824;-0.9659818807187207;-19.628101364758123;-1
1054025;41.87385991419117;29.229869016235043;4.985555203774301;-1
1055291;12.691637734655242;16.778340282740118;-32.9776104123114;-1
1056288;-7.2127779336489475;-47.72765825058151;2.864421420933851;-1
1060704;11.468758871519332;-14.485605909488996;20.05028530529423;-1
1061478;43.82130580962085;21.221469931242982;-2.3035263383853355;-1
1063712;16.862458572411114;-23.93807925704157;7.571312917300222;-1
1064476;-31.885872471546623;28.788361954967428;-5.561940691569454;-1
1067274;30.796507829378655;34.463277688570365;-19.56314150595318;-1
1073288;-1.9224685451880226;47.52687483657921;3.6827738174339695;-1
1073873;46.174550474419206;10.067472359404432;-10.772838317920556;-1
1074779;-24.80236431871711;-30.328859192860698;29.196407564643373;-1
1077719;-37.73252150324199;4.642427545214323;9.08650379283224;-1
1077815;-16.22710712816866;16.83069107372125;36.544648794409;-1
1081035;-11.601518754085685;37.14516392077228;29.707390222008865;-1
1081122;8.771062412233844;43.49068796383184;-14.495574057684633;-1
1090974;-34.79652763131618;28.82479076502772;4.625035486677524;-1
1092882;28.349536985794344;27.995174390475437;-27.762611714221453;-1
1096091;16.53571976113163;-2.1515721828505163;-12.73041484574348;-1
1104585;14.26127919695293;30.108915877547112;-31.26989120228295;-1
1111698;-13.291724961457392;31.182884958185603;9.221376705190172;-1
1112385;22.709678136854663;-37.37537094377219;-16.64497384151752;-1
1116182;-11.217073790307364;38.30108091392633;-12.753049409126792;-1
1118367;-16.352019979779705;31.819393642821915;-26.236236632290847;-1
1123015;40.715316705861234;15.127749340236191;18.777588493081158;-1
1125664;-14.49370365135555;-44.235906664119945;21.297515476616283;-1
1126677;34.41173564246422;19.467630206661322;-26.14642183780942;-1
1128252;26.704555791832437;36.11634927217269;14.943811346757448;-1
1133113;23.143928550925718;41.52517911923042;9.080057360955903;-1
1133726;-30.893780722052774;-1.8903453825588163;-25.675708793437842;-1
1135030;-2.1062679492040948;-8.918553950309564;-37.52809432596652;-1
1138281;-13.985295743582999;-38.70102731129049;28.67964605753472;-1
1140923;26.464323273273035;-31.355224079711668;24.889373503704913;-1
1145129;26.15373289147939;4.723044704799198;-11.808436130353531;-1
1145903;-3.6611064393988935;32.20067714936161;9.812720664671;-1
1148218;-34.18821914524838;-33.36079961586564;2.11464286999599;-1
1157844;-10.66020294873457;-16.805393534031364;38.66198110872566;-1
1158013;25.312076511406246;42.12744995719507;-4.567452116355161;-1
1161601;45.911217261339445;-16.643222541251845;-3.84451507259582;-1
1161617;-25.747031268741168;9.24553244416109;42.82226473598294;-1
1162443;13.46841513041094;-28.57325640445155;27.169654676326317;-1
1163102;-32.52588669760473;32.46923044299817;9.885487852410114;-1
1165872;-19.64017960185489;8.150597755472237;-1.2560562430902376;-1
1169066;-38.56632570580153;14.190708119160739;-8.65787856697809;-1
1169940;13.49592863105832;37.34617084244913;27.31720209132067;-1
1174803;-0.9907887512168367;13.507908348324857;-31.549343435944003;-1
1177350;37.390910608933936;-28.918608111417768;-2.338106798794957;-1
1179130;-22.29444352046261;-32.260580147029984;5.167453322111518;-1
1180931;-38.30237784661678;19.979498072053634;-3.397997469216293;-1
1184014;-34.865579739188604;1.107370427781498;-23.32937963254332;-1
1185411;-14.670961412166822;16.649651327785453;-32.31856568412201;-1
1186107;27.636479863517003;-40.66013089648193;-14.517152841394767;-1
1189777;25.95081145011664;-16.67835441862169;-32.661823477084596;-1
1195158;-18.476276620671563;-15.13455456074798;21.665716431968995;-1
1195768;-20.26621430513738;25.397141767803603;38.37950563967735;-1
1199328;-8.367325942296404;39.55452077544312;-8.652859937417428;-1
1201954;34.173855836268444;-35.8482900481325;10.106401661573694;-1
1204781;-10.543334167739285;-21.758705917696087;36.50136476869919;-1
1207947;-1.858653979409466;-14.358049197359325;-23.106663057531108;-1
1209095;7.720894693266501;15.414299413009257;41.24688265551801;-1
1212929;16.90011373379095;44.66415030943762;15.148073834167466;-1
1215654;-12.431527737513651;-25.05728952598736;8.988483178760054;-1
1216923;14.058994458373586;-46.515567308855445;-6.251654495863941;-1
1217303;48.797665951777745;0.25085423370714993;-7.032827787626552;-1
1220392;-2.9142316501735768;-43.45997624481515;-8.172029494659643;-1
1223574;-11.182009553417972;-43.08446276534725;24.334977421449608;-1
1223817;-10.12130094783897;33.793466360426926;34.44097103447273;-1
1226808;-37.65082356641508;17.862846573877196;7.590686768392069;-1
1234390;35.981456508804186;-28.970358960746175;12.552663015335849;-1
1234582;13.621251736887771;-22.83220592630708;-32.69655245246217;-1
1234746;19.652968063996422;36.96316397410308;-14.377973730188785;-1
1235501;12.287685844492007;-16.983826180579218;32.889566033883604;-1
1236248;-20.93727404127877;38.44412582563479;-7.43211174941583;-1
1237296;-4.992843465543246;-40.710493645515804;-21.06203837792186;-1
1237421;-6.159328548545651;-24.53546674640646;37.99016703418268;-1
1238612;-42.49910498838663;-10.121183312220788;-1.4345871337598413;-1
1239113;-37.844072419072866;-28.0700582841192;2.781316084218788;-1
1245367;-5.874555876441043;-41.11194577879269;16.045157176637183;-1
1247649;9.217948362142801;-49.01510362842407;1.8888135462433115;-1
1249093;46.65503315688074;0.6640048616008566;10.112555474849803;-1
1252651;-21.81385055460903;29.86829516144771;31.891701316427508;-1
1254990;5.697978931769996;41.746763451417635;-19.25214528127681;-1
1257189;-38.79285073395236;18.91055497320194;26.085427769782417;-1
1259180;-25.524879344696227;-17.328152987222033;-28.509418495355007;-1
1261655;-23.487809812664672;36.40610932687688;10.665362005814433;-1
1264835;-6.017422496665703;-11.229599777975832;-37.69627502838988;-1
1266343;-20.716855772156777;9.514391590404916;44.21266774774823;-1
1284745;19.27730754000579;-39.995198505602566;22.85634769604834;-1
1290301;34.22922103996548;33.059128954820586;-4.148556826569832;-1
1292284;-3.3083197937523097;-16.655364007493382;-35.940913392998;-1
1304159;-32.76755437070595;-29.286487039265705;8.30736265637371;-1
1304976;3.005234196787327;0.16131249401171543;-33.97124024751297;-1
1306390;32.53862075327286;36.335560305763096;15.909733582541639;-1
1312381;36.73665070951407;3.7486221927674888;25.449119065697012;-1
1312666;-37.11479334504833;-11.780814551981948;-13.801140124210622;-1
1316141;-30.834859981796214;-33.42660792156671;15.159771225950369;-1
1319229;20.15925411930603;11.405667213375631;-30.99718831221505;-1
1335990;42.588058101964876;19.078084268389617;-9.483196830131075;-1
1343278;26.94459127073139;-33.291056398736394;-16.048512732645804;-1
1343320;44.37594010400297;-21.039077375698096;-4.373021025734648;-1
1343999;34.57619023668169;15.148785529657463;-29.82019101628292;-1
1350412;-18.875646603506638;-34.96232621247137;31.80698602599424;-1
1351183;-8.902662113515884;-31.267682593551598;37.69448990788398;-1
1354162;5.478337425339308;-45.78987906207588;4.833828783444055;-1
1356406;17.87117076430875;-42.8452036815283;-13.832413553304121;-1
1357971;45.92565409258075;-6.191356683652045;2.114365507264997;-1
1366079;-17.62796206460936;15.45276773059977;1.9766765084911948;-1
1368252;3.426250236201681;0.7568314955190306;-23.460263962222292;-1
1372310;21.377638566604798;42.61070589935523;19.306882604861798;-1
1372621;20.608378086850887;-20.556153754159297;32.062331780599486;-1
1379832;-22.268773958130225;32.53364770751425;35.86697352519014;-1
1381621;16.79489896644436;46.393026285395976;7.45404417520312;-1
1382541;-33.36246121897245;-5.260324436997817;3.77159495855307;-1
1382575;-33.067184053775556;7.908649227332612;39.848809801447295;-1
1385585;-27.31661097233931;22.901265386405644;37.29866369804662;-1
1392407;33.54894602358481;39.07374988571704;0.7705969766112574;-1
1410200;41.27224783568835;17.89825489494977;-22.27337645169157;-1
1415441;3.1963038496183103;30.870071263208334;-24.780860527713568;-1
1421131;18.54061154025492;18.64602334726196;-32.151226076368644;-1
1424375;1.7497239483905385;42.27700894126032;7.145632993236286;-1
1436022;-33.311748503974485;-35.51262857521396;-1.0025116000827372;-1
1439093;4.325049220640311;-6.454083338075557;-9.993702328020323;-1
1439289;-27.823705772523912;-11.44444211879603;19.70399398382779;-1
1442696;19.47359727339357;-44.66184465132127;-3.675391447170479;-1
1448883;-43.08825063225269;-2.4666400703611853;19.925572434234095;-1
1450731;-38.416072671589006;-20.89683385663849;1.6751729267850972;-1
1451138;29.78610903680534;25.227543556181164;-28.477403961866965;-1
1451407;41.183718210335556;-19.850369453976015;-11.406748725840286;-1
1452658;12.075921145532476;36.324608429710416;32.11755288066425;-1
1454574;-0.15823239375043274;-12.374496519374127;40.004138812584344;-1
1459582;-22.220380135255663;2.3802440610331534;-25.081813611487707;-1
1461557;20.422778490265333;-29.70595800835751;-26.44537511607448;-1
1464387;36.22680911764493;-35.58593909246455;0.9248891860088434;-1
1464650;-16.19999799995878;-35.27065504950547;-24.353775593234978;-1
1468680;-25.645276459014337;34.988703058958066;-7.042190112388556;-1
1469262;48.29183867537905;8.208975901439937;-6.463074375417676;-1
1473182;-1.019088296741017;1.5098562840531489;42.090721176308406;-1
1474061;-22.39701442729057;-11.844483359877351;42.31550519731015;-1
1474587;40.17279888015179;31.245117141093967;-5.939991056665701;-1
1477690;46.12489353909442;-3.7957007023862603;-1.9965017862678127;-1
1477879;-28.312296489968595;8.527004530415706;-23.50170993139802;-1
1478477;-14.425748495622667;33.02414118108302;-18.82072106293256;-1
1482238;-30.296474107175385;-31.396628876421033;30.37551641992186;-1
1482797;-7.800489158195812;-8.325879237898063;42.77939243493677;-1
1489283;37.09268373061115;-19.66611531477341;16.027695639563397;-1
1492515;31.01357789471816;14.34953678993868;-29.404593199919734;-1
1493011;44.92200758449104;3.958619416563844;-17.641537214947483;-1
1494875;-9.445586517330671;-21.657208435884034;-26.66223343730126;-1
1495367;20.759872176835223;-46.45898163561978;-3.3776781218433136;-1
1496135;-2.447043263011754;-37.398848072270724;33.442168172961644;-1
1498651;-31.36585833959526;-22.27781866672314;-11.822469324379947;-1
1499032;-20.302224038307905;-42.42908532755466;20.676508225565815;-1
1500081;44.32351284987002;-19.6066255122139;6.410788284026541;-1
1500574;22.96597526952195;40.762006282717394;-5.538778238349555;-1
1501176;-30.435663511497957;-20.041628794241316;29.66587367146223;-1
1501978;1.7366274279738911;-6.098005468399044;-9.070243609509129;-1
1510846;7.597218486091586;11.941977554558175;9.465464731135471;-1
1524531;26.50911597578602;-11.679279573816595;-1.9356468591204365;-1
1526695;14.28295061871238;-47.077268562999805;6.646266853166194;-1
1531427;7.179589249646933;-26.44796898145538;11.28566050226536;-1
1531762;9.658062911780197;34.80220354989343;-27.992798150988175;-1
1534338;-31.57146187305254;12.686892607906852;-14.993065380089961;-1
1534724;21.000176747210766;22.89904942544815;-31.333323268496763;-1
1534789;3.7141685582587187;6.64359064285257;-32.78329989819952;-1
1537838;39.30449215077967;27.940326783498403;11.632840707871685;-1
1538677;8.792478711746364;-4.5686464854910085;40.43302651291156;-1
1543945;11.310572785305705;23.759486331963938;36.268528589632936;-1
1548339;-17.259684646104834;32.33811084208283;-18.910385872000802;-1
1561331;-16.773387823214684;-9.986073658181265;44.60880569197377;-1
1563246;38.719516689578136;21.099992039682828;16.218546196055517;-1
1569882;8.42972649118329;47.059467353078524;2.841787041356194;-1
1570272;-11.830097994219004;-36.544692907765814;30.717189072929454;-1
1570962;18.433095526127662;-7.990530969812936;-37.50505833103617;-1
1571091;2.1267075054744033;-17.693776252091347;-5.205752170889589;-1
1572442;45.95459245465335;-4.0542288680746195;-19.161729074697433;-1
1575500;8.067981525600894;33.06589300286601;-0.25902742779442955;-1
1580246;36.43693279973083;-36.85322760713174;-0.8563508149376939;-1
1580331;22.024019820496974;34.38712921203115;-22.07146079486427;-1
1582046;45.11766796732155;5.738135688092719;-11.798004791911303;-1
1593232;-25.263072453762373;30.473486303633702;-17.344061734135828;-1
1598965;-21.47732151900641;-18.02569397146126;40.25334692881098;-1
1599349;19.195269930331378;34.02798766972363;-20.374447896535543;-1
1603985;2.964443310960346;8.955520208100426;41.54906797239259;-1
1604448;1.9651568567751372;-12.442875163332465;-8.590784356925768;-1
1606276;-41.608156343405064;3.5583807682107627;-5.114540821053567;-1
1606821;-8.589444046101116;-40.73487362738388;14.157009925887477;-1
1607105;-20.9533195395987;22.11422722385408;-15.87608685485133;-1
1608829;-36.66628990538938;22.731939207150248;-5.426703476406465;-1
1610638;-6.660350042330338;34.16206874732668;-17.070323650627934;-1
1613362;-36.54375476371082;-7.088680443916421;36.157377634903874;-1
1613544;16.208936836495333;35.51254917117169;21.09141199178173;-1
1613821;-35.46121298739737;-7.308844326014095;31.84867902996815;-1
1619798;-36.025022859997634;-21.28686798272565;-8.635819682901253;-1
1625112;0.43263784112229337;37.997783940459925;-24.654327245462078;-1
1626914;-6.226617224979278;-27.267192249141345;39.91936470434199;-1
1634987;-40.271065793799536;-7.360007732474213;24.571732337046527;-1
1636823;13.652861897938315;-27.599304067281256;13.038771621236906;-1
1648190;-5.260498317145941;-26.54988848104766;-28.971050070002992;-1
1650460;1.91725563305171;-33.07990928677231;-23.826473934737283;-1
1651740;11.888460700511818;47.080724109283885;11.693903886824373;-1
1656380;-29.556060821889982;-29.31434609454149;33.46646875078745;-1
1658728;-18.489701785596505;-43.08395105040816;11.711805822243726;-1
1659103;19.99247769207471;23.609087723673916;-26.975447093380346;-1
1662635;-7.545299270784653;18.089381895144616;-24.297381077878864;-1
1668045;19.741349174381263;38.87743956609608;11.764132350878612;-1
1669995;-29.01473993859553;-30.15932862171871;18.655165105239874;-1
1670137;14.44499809409281;29.369161351723527;-25.056963087146908;-1
1670490;-17.762982756712635;7.444110582470323;3.1283964833553117;-1
1675814;38.3420710450816;-29.890975308633063;3.9669722806773304;-1
1677014;33.433366087831224;29.680036999891257;-8.649162502893468;-1
1677548;-41.24725908949618;6.636706753521123;-7.585540210096637;-1
1680607;-2.1697316299902947;46.62721527407132;-1.3376147633290434;-1
1681268;31.19711886798554;-34.273813761927556;12.096648541456021;-1
1685458;35.6311611649839;-26.260131367233924;-27.49858739188488;-1
1688976;-5.858699330332817;-42.899454287743055;25.020743080308886;-1
1691772;43.51152123181175;-5.40900372720586;-20.570987605611958;-1
1694829;2.020325756034328;18.316706845499077;-36.44248226001854;-1
1695268;11.850366611231644;30.220407975568897;28.408584184340448;-1
1703909;-19.458856059990225;19.619499260178614;-28.192631657373664;-1
1710082;-27.650560847013306;33.70113710460687;23.27787581801309;-1
1714267;-36.94063381233091;-17.366691886183457;-13.698183960733116;-1
1715121;-14.161938858289274;-20.816968094564746;-31.968088005093538;-1
1716032;-5.656221963428701;41.35675138200889;20.47089439899194;-1
1717586;5.381756744755923;-34.81249372559384;33.10647435024811;-1
1717866;27.567192484408217;30.43594877787205;23.497350061299176;-1
1718044;44.06914935267658;3.064124425305422;-21.51973357069645;-1
1719732;6.672955434041078;36.04461507220573;28.45902339652614;-1
1727207;2.255733559997419;-47.280551733888466;-5.082033688414391;-1
1730702;47.731196141798314;9.068115875265274;-1.0979104103147068;-1
1733277;-24.655221276160255;-8.039665161859427;42.13133487348551;-1
1735948;19.038746917669787;41.86142877023987;-1.3672576524711582;-1
1740842;11.06522826391371;-36.421854854370444;25.266845616215537;-1
1743911;-20.857170067078208;-8.62134167919359;38.286208830897756;-1
1745276;31.2774492907511;-34.4475645108718;17.01733174552771;-1
1751038;-9.933689782182515;-6.164303799972107;-37.115613853485144;-1
1755420;-12.670679478831016;-1.0722618018268075;-35.779876113488704;-1
1759297;4.335300797153505;36.19932943723778;-25.289322841959528;-1
1760877;38.47234072865558;-10.037695108329675;15.110036357028541;-1
1764720;-17.377837861006135;-32.44275948801692;-21.909511839314067;-1
1766422;-38.0659596629769;-24.80364360606483;17.415963564858696;-1
1773037;6.381033824852808;11.946563873222019;-7.6163548602792295;-1
1774526;-28.028165299594384;-7.064377660422777;-19.637291647428537;-1
1774612;-39.977867838154005;2.349669461033912;14.980132814316153;-1
1781518;-18.338270924756937;-12.605668154443118;41.772713868788436;-1
1783757;16.87371336018061;-16.849083402623897;34.18366664682477;-1
1786308;31.270135296190677;-13.110527877882275;-17.420713102942766;-1
1788251;-1.532770691543773;41.126641408393986;29.754268015854116;-1
1790509;-41.80596357626738;-10.324614262854785;14.360450434415451;-1
1791462;-4.069232923562338;-33.41776466396993;33.99455268614605;-1
1791538;8.284919250869946;36.47734945724748;31.258277625878;-1
1792029;42.18790878315935;-7.400711862032785;9.817925305552908;-1
1792996;-30.24341162070425;13.814666749856245;-20.957920562714815;-1
1794679;21.80119296209272;-25.8596262006834;-30.153064525050556;-1
1795478;-24.764482708772277;-40.88755583711185;19.149146474887715;-1
1796168;30.337875962994293;1.010586641951097;-31.66310001961578;-1
1799789;-27.454591670685073;-36.51160789015233;-12.2244537588291;-1
1800916;42.02906246703868;-24.332448255658708;-11.32416043442826;-1
1804201;-37.84314897947014;-24.724507184823814;9.912030859207498;-1
1806287;11.397811359748962;-22.20059088338711;-34.88614538613715;-1
1811584;-10.922062040473994;-39.39405402868201;-7.607518219685973;-1
1817158;47.17261517242621;13.184691253364678;0.14781718425429216;-1
1819176;-32.67072555249047;-17.280947284091102;21.29279387699153;-1
1821505;24.0389929720984;20.20324395872493;-29.88000872812811;-1
1821771;-7.7751629448239905;1.1569616525851876;-17.13524821874742;-1
1823123;18.061515487642694;4.1157931012384985;-36.37814145865427;-1
1823227;-7.3934956520799755;-34.90254967309254;-7.740769230958231;-1
1831601;-32.29997631555891;17.562181697367603;-16.358884018100586;-1
1833670;-4.214246761430114;41.65542233479031;-14.449059463810519;-1
1834921;4.785382759763926;-8.452069906411602;-38.88179208396879;-1
1837909;10.13401588771914;-26.825691069654635;-10.65948243057321;-1
1838480;0.3272936745957081;27.03457075507827;34.95583272634776;-1
1844669;-18.99668630238906;-34.62739408038556;7.857232904293404;-1
1846586;-0.3552120071947196;37.53811688063557;31.286327839033333;-1
1847735;29.829504816352422;-2.572075220686208;-20.120468185546425;-1
1849698;36.23682873142353;-4.188067322215171;-27.675567238548197;-1
1858615;32.84597027378561;37.09234552820888;-2.8264449672718577;-1
1862882;-39.917600170069264;-6.068660160609797;28.381572105515566;-1
1866163;35.06325463198047;-20.980141930989262;-28.232663058240764;-1
1870730;21.54854400403428;-6.493564792427657;-8.583937228725002;-1
1881580;19.490779425874177;-10.315082836891646;-3.8591592366141647;-1
1882326;-39.34936719822539;-10.63437310787241;28.33354736439305;-1
1887278;-4.226906192002956;47.735272215968294;9.895391301015751;-1
1893943;-26.997947846247975;-29.625498186411953;-4.725188246329245;-1
1895657;-8.131604014471637;-46.12671689117623;-4.182795040852808;-1
1897130;-7.172736239665259;38.03421275052022;26.41341940039553;-1
1898045;18.452965652483712;-42.70101182254256;-16.537003459815036;-1
1898527;18.164101098922927;-2.331576000123707;-38.509592988043146;-1
1899773;34.60030847929931;33.031219904407074;2.501507267590124;-1
1920755;-39.141981485152655;21.192368349750154;14.867323197370737;-1
1924855;20.89717205904076;27.4457219450742;29.70722847303387;-1
1930405;2.4009709055397392;-44.75657367375222;19.674574786165874;-1
1930523;15.182689585262542;26.426885737786833;-29.08195104904342;-1
1932487;-23.523988647036333;36.94415699909543;25.11656611398892;-1
1934217;42.9607953808437;23.469339550164978;3.2512804881640363;-1
1937712;21.10847944953461;20.808782125984557;-7.442447508918285;-1
1937825;15.065820069044642;-45.609126052959404;1.7772556457976059;-1
1943567;28.42407973614538;-26.34308800517538;-24.889123528016277;-1
1947350;-15.476058112554442;-29.75960279113864;-22.892470653501363;-1
1952241;-7.533736424740045;45.349607174799175;5.472675108380412;-1
1957824;-28.125147044113504;-36.07704721213832;20.101955280135144;-1
1958786;-13.659243630224651;40.67305905092006;21.41369829491305;-1
1964901;30.367314276444166;-28.205809787500424;17.582250333829332;-1
1969006;-16.984924603163986;43.25595196953196;14.568439030031362;-1
1969048;-13.243376722384877;-23.15209981505364;-28.568648029109294;-1
1970258;9.475207165988722;-32.278334302703996;14.143267144793446;-1
1970746;-27.32249569413883;14.439764779528968;38.3614691585197;-1
1975337;9.822679990195274;27.30861175030298;0.7959419841111396;-1
1978480;-39.79580613278525;16.740335155396192;1.0514752204828643;-1
1978557;-1.6329750086812758;-45.213158680380225;-12.987341328968041;-1
1979509;-34.546254912745;27.682322463922258;-7.76994801082549;-1
1979704;-8.358914995596441;-8.988869170632212;-11.998824231821677;-1
1983780;-15.259542405065615;35.98641485011053;32.86369796144553;-1
1985950;-14.477458172484713;32.098675304836604;37.992519746546314;-1
1989389;32.649195293472836;31.164504392844773;-17.34591155423173;-1
1990829;10.169535227406373;-37.690569700908085;-25.722336611594457;-1
1999009;45.36702312807092;-11.381932021739713;11.600552671571371;-1
2008885;-14.806301190884414;9.713600892791431;25.58840257851413;-1
2013878;-19.499435936927092;-43.61067041259586;0.5964025208196888;-1
2013964;-27.21225935634113;-39.84003418433097;0.002962724017290053;-1
2025326;41.18544745392282;7.800049495072859;-19.40976524607794;-1
2028361;16.722695694449904;-21.039208245323323;-35.534852884378864;-1
2028683;26.684887116472524;15.812256297980928;27.959216122887867;-1
2030781;-37.9730775197514;25.222514633503913;16.089667553666533;-1
2031518;-1.5900740339531678;14.029222353857126;42.62681903815561;-1
2032576;-4.792422516289463;3.169000255027123;27.481859606979498;-1
2038354;23.83822867388405;10.840847880126848;29.01345771035735;-1
2045188;-15.062835065233292;-41.03545615896075;16.834664216725326;-1
2045700;35.293717512449916;35.36802793245505;-9.806587437628071;-1
2047173;-7.565743606001951;-19.023720437892354;42.764152740601375;-1
2047496;42.606097524012974;10.7585117700713;16.558524896161305;-1
2050034;23.870987252657088;9.790533116636778;-35.23092950124565;-1
2054141;-19.848540220113296;21.255928344698738;29.372790410544418;-1
2054236;-7.234550080906466;41.56167262888072;-15.185321682219348;-1
2056918;-11.039835880506661;21.5645350958808;20.942375015772154;-1
2057928;18.759503487231008;-24.174892990447578;-30.810788793425864;-1
2058272;20.158399790628987;13.53569388133928;-32.94481360196245;-1
2058948;28.384363010556918;-8.487758347299968;24.249250464699983;-1
2062381;29.19920435146563;-22.117198993658388;-31.915360780134222;-1
2062762;36.41124118072004;12.846725592775018;19.09746767737544;-1
2071264;19.18029344569167;23.84839533218537;34.22432739824914;-1
2073100;11.90073230115597;-2.391224243156458;-32.671528415584554;-1
2075221;-37.875816390639095;6.22165961889555;-9.947205379488935;-1
2077291;47.02244742403687;6.835342582269005;5.400071507672831;-1
2078270;-4.360026701261295;-34.60551091451338;-28.96931788552527;-1
2081434;-6.259557403737884;-46.859116249973034;13.854311423628571;-1
2084998;-1.3000221877741933;9.115025283682911;-12.743710611488423;-1
2099943;-24.516971486337905;30.36803185371507;33.60867550871637;-1
2101742;-29.60760874977703;27.385618966854917;-8.684425249888541;-1
2102235;23.11522546008948;34.44382663910409;-26.662833378953984;-1
2104134;25.327077993614818;13.442555880644234;33.14762328948793;-1
2106653;3.9764195236512094;28.54212707899032;-31.333017415889493;-1
2113658;-14.179587141906923;-34.50302382306337;35.88684512199142;-1
2114909;17.73229750571004;30.61858395687943;32.27232606350539;-1
2116673;-30.98654228876964;-10.79030941288832;-24.655227157941162;-1
2118974;-31.957153774383585;-30.551696344381543;4.400200367704131;-1
2119767;-13.340821657150586;-39.972859501709934;-16.74660807473571;-1
2127121;-24.72587469888517;39.13618204917631;21.72003614910944;-1
2129996;47.51819332795743;-3.2143230530445384;-15.554079936313192;-1
2134914;26.191485102244226;-16.6985892153941;-23.21625239942881;-1
2140924;-22.250274286725986;-36.650197352822175;-11.514582356136634;-1
2146578;-5.057767666051429;14.723329848490684;-35.67695082936097;-1
2147920;-21.17287171648183;27.66322138042007;-22.0372552979876;-1
2151045;-8.96378558072289;35.62746446568255;-21.368995289558928;-1
2151246;-23.799716242936718;20.419028854935803;12.36280647981736;-1
2154454;-10.744112435183293;-0.020936680199676164;-30.326450603578436;-1
2154645;9.350134035847907;0.10327837478792953;-37.102579826990656;-1
2158905;19.635458002230138;-41.985060864057964;1.4906114645299944;-1
2168311;-40.947479421013405;-5.273904733894235;-5.298024079345777;-1
2171271;29.076422174988895;-41.30444470438457;-4.892667178767889;-1
2197060;-5.54164266565227;42.7392228122183;14.1538293528609;-1
2202946;8.469682899343798;30.068366879960017;33.84368206493807;-1
2211479;-22.64919725421197;4.599675820676782;42.19496692025022;-1
2212155;42.21818230949831;28.257534168814747;-9.02722499916284;-1
2213393;-36.44526140149807;-0.2608310896956184;30.723294361513066;-1
2219222;-9.37679026692779;-0.5018198536402653;44.12757014155588;-1
2235291;-10.683454363890718;43.509592007673575;-0.08391477660518652;-1
2235721;-25.791838675706426;-2.8186894715319486;21.115689042483897;-1
2251615;-30.106886663133483;-21.789523508769136;36.57529875472614;-1
2258436;-40.25221762687644;8.536227898103734;16.855669526796824;-1
2259716;3.3923491214870563;21.612861278274906;-30.71996233262808;-1
2264537;2.866280982729383;-26.734041159529582;32.88847202263452;-1
2266773;-33.08967892486228;6.297390488990218;-19.716672162577282;-1
2270986;-20.424235701485554;-26.118039304032727;-23.40571632607162;-1
2276802;23.319129158864044;-15.595249461786194;30.728237998367135;-1
2277014;42.614211440777034;5.492250778079701;-24.47791204976603;-1
2281853;-11.04548753673766;41.05705994023974;-5.12210773219308;-1
2301861;-37.93338138039611;3.705978913565459;32.32880586468469;-1
2317340;26.84265412579638;-37.708762049259825;12.683270901312095;-1
2324917;-26.83130522953234;-23.87319145005276;35.41946116561437;-1
2336628;-13.677953575296387;-17.8935538815582;-34.39906040460519;-1
2350021;38.367497983951495;29.50539222024884;5.553496659851877;-1
2350408;27.640300080217443;-40.55841137744056;-1.5342342440590366;-1
2400119;-12.862815204451767;-45.52586062152022;4.609043291997082;-1
2402266;33.96731121786571;-37.378023626962175;-12.008550491777429;-1
2402484;0.4931141286236485;-9.208122847134208;-8.036472090048417;-1
2411008;-12.974954298373548;-3.0313936011860476;43.29444822558179;-1
2415962;-39.8054728397093;-2.1707267537978474;-1.1684283682730636;-1
2424610;4.657439320539485;45.85332877363243;21.12526752269431;-1
2433770;1.4372677554091478;42.62526036621471;-3.2952659162472533;-1
2437958;-38.68287907629557;-23.655884643031666;-1.6168041549057215;-1
2438320;-7.642808905140364;8.811182039814579;44.538971307240445;-1
2438701;4.894044985945837;0.13114640207717393;-38.800241191664604;-1
2441053;-43.44283085346523;4.331916199851645;5.641292900647573;-1
2442374;29.881743853496285;-25.86807243806882;-29.53865957307051;-1
2445026;-10.800490040419298;-16.643647499922523;-31.7511943931813;-1
2446907;20.51698109330492;-43.7368287313144;9.890519715977819;-1
2448652;-23.329273760486956;-32.96776431106962;-7.062424909160968;-1
2452458;33.65382699986481;-10.879824236543383;21.623479363260998;-1
2452970;-32.365578758928166;24.242811385049784;-11.476695599633503;-1
2453344;5.836877555548878;5.58067379615352;42.023448307160976;-1
2455294;-0.9242145273580082;-32.98867404220135;-30.81685879132402;-1
2460155;34.32572341934051;1.1278957293891214;23.179817707587606;-1
2461009;-16.076296795215;-13.62215606070254;-33.855066251887564;-1
2466636;10.086500655867871;4.95578898103875;5.107846251545131;-1
2467263;-33.94429580916854;14.58483449431538;27.56332815435096;-1
2469770;-18.650247936399893;21.800325399408635;21.679684191182798;-1
2486689;40.60171598938355;21.86718801433766;-16.410926015583993;-1
2492965;-10.051482002780524;34.236796773776355;-26.79085916311115;-1
2502948;11.076241898665934;20.935910938553093;-5.63654593584265;-1
2502998;46.832230629437696;-16.218566782288697;-11.52983601970168;-1
2510782;-39.318261399887795;-6.064460936652032;-10.258775813026551;-1
2514127;-15.337274551114593;28.31832531540039;38.908489487515034;-1
2521800;-29.1584377279849;-8.849967238351569;40.29617805739079;-1
2527121;-31.741104198031802;-30.23141278764976;-13.199958886159385;-1
